config,N,K,task,trial,point_idx,tau,val_nrmse,test_nrmse,val_score,test_score
N60_K13_baseline,60,13,controlled_d20_white_plus_distractor,0,0,0.07999999999999999,0.9223064109770235,0.8586268694893285,-0.9223064109770235,-0.8586268694893285
N60_K13_baseline,60,13,controlled_d20_white_plus_distractor,0,1,0.1096069665318704,0.9099873843878782,0.8494963327765915,-0.9099873843878782,-0.8494963327765915
N60_K13_baseline,60,13,controlled_d20_white_plus_distractor,0,2,0.15017108890398193,0.9066750922508234,0.8519121991062969,-0.9066750922508234,-0.8519121991062969
N60_K13_baseline,60,13,controlled_d20_white_plus_distractor,0,3,0.20574746894441603,0.9225759655217528,0.8645955184709125,-0.9225759655217528,-0.8645955184709125
N60_K13_baseline,60,13,controlled_d20_white_plus_distractor,0,4,0.28189194928259564,0.959732220700252,0.8758655681989093,-0.959732220700252,-0.8758655681989093
N60_K13_baseline,60,13,controlled_d20_white_plus_distractor,0,5,0.38621651813276453,1.0055580340140642,0.894613046806628,-1.0055580340140642,-0.894613046806628
N60_K13_baseline,60,13,controlled_d20_white_plus_distractor,0,6,0.529150262212918,1.0442680762065935,0.9027267275213139,-1.0442680762065935,-0.9027267275213139
N60_K13_baseline,60,13,controlled_d20_white_plus_distractor,0,7,0.7249819385087718,1.042556708592443,0.9131203357494866,-1.042556708592443,-0.9131203357494866
N60_K13_baseline,60,13,controlled_d20_white_plus_distractor,0,8,0.9932883883792685,1.0525345704330085,0.9492540934667028,-1.0525345704330085,-0.9492540934667028
N60_K13_baseline,60,13,controlled_d20_white_plus_distractor,0,9,1.3608915892697748,1.0581011739054074,0.9726634213408931,-1.0581011739054074,-0.9726634213408931
N60_K13_baseline,60,13,controlled_d20_white_plus_distractor,0,10,1.864539985982451,1.0415648550745176,0.9852107749216923,-1.0415648550745176,-0.9852107749216923
N60_K13_baseline,60,13,controlled_d20_white_plus_distractor,0,11,2.554582148011408,1.0370818240266524,0.9893623192120148,-1.0370818240266524,-0.9893623192120148
N60_K13_baseline,60,13,controlled_d20_white_plus_distractor,0,12,3.5,1.0287778894164408,0.9927671215948443,-1.0287778894164408,-0.9927671215948443
N60_K13_baseline,60,13,controlled_d20_white_plus_distractor,1,0,0.07999999999999999,1.0310268622863534,0.9868425773057097,-1.0310268622863534,-0.9868425773057097
N60_K13_baseline,60,13,controlled_d20_white_plus_distractor,1,1,0.1096069665318704,1.0313050288382684,0.981200022947388,-1.0313050288382684,-0.981200022947388
N60_K13_baseline,60,13,controlled_d20_white_plus_distractor,1,2,0.15017108890398193,1.033011990098475,0.9768889410876098,-1.033011990098475,-0.9768889410876098
N60_K13_baseline,60,13,controlled_d20_white_plus_distractor,1,3,0.20574746894441603,1.03932496975415,0.9819409572704249,-1.03932496975415,-0.9819409572704249
N60_K13_baseline,60,13,controlled_d20_white_plus_distractor,1,4,0.28189194928259564,1.0504851224793963,0.9895148005753214,-1.0504851224793963,-0.9895148005753214
N60_K13_baseline,60,13,controlled_d20_white_plus_distractor,1,5,0.38621651813276453,1.051049635741204,0.9866476552375154,-1.051049635741204,-0.9866476552375154
N60_K13_baseline,60,13,controlled_d20_white_plus_distractor,1,6,0.529150262212918,1.0409054075707311,0.9991409619134214,-1.0409054075707311,-0.9991409619134214
N60_K13_baseline,60,13,controlled_d20_white_plus_distractor,1,7,0.7249819385087718,1.0478217245994277,1.0155112732592748,-1.0478217245994277,-1.0155112732592748
N60_K13_baseline,60,13,controlled_d20_white_plus_distractor,1,8,0.9932883883792685,1.0492761591613786,0.9942317138828539,-1.0492761591613786,-0.9942317138828539
N60_K13_baseline,60,13,controlled_d20_white_plus_distractor,1,9,1.3608915892697748,1.0395640452520476,0.9805679579446558,-1.0395640452520476,-0.9805679579446558
N60_K13_baseline,60,13,controlled_d20_white_plus_distractor,1,10,1.864539985982451,1.0511053420392815,0.980989038810142,-1.0511053420392815,-0.980989038810142
N60_K13_baseline,60,13,controlled_d20_white_plus_distractor,1,11,2.554582148011408,1.0628490273956201,0.9905739635947167,-1.0628490273956201,-0.9905739635947167
N60_K13_baseline,60,13,controlled_d20_white_plus_distractor,1,12,3.5,1.0657916257437405,1.0004686604135955,-1.0657916257437405,-1.0004686604135955
N60_K13_baseline,60,13,controlled_d20_white_plus_distractor,2,0,0.07999999999999999,0.9590494055143263,0.968537283820807,-0.9590494055143263,-0.968537283820807
N60_K13_baseline,60,13,controlled_d20_white_plus_distractor,2,1,0.1096069665318704,0.9538199543486673,0.9617751714561271,-0.9538199543486673,-0.9617751714561271
N60_K13_baseline,60,13,controlled_d20_white_plus_distractor,2,2,0.15017108890398193,0.9529968185294061,0.9539747953684575,-0.9529968185294061,-0.9539747953684575
N60_K13_baseline,60,13,controlled_d20_white_plus_distractor,2,3,0.20574746894441603,0.9630287446990619,0.9482420382703719,-0.9630287446990619,-0.9482420382703719
N60_K13_baseline,60,13,controlled_d20_white_plus_distractor,2,4,0.28189194928259564,0.9587786831430937,0.9310518966048223,-0.9587786831430937,-0.9310518966048223
N60_K13_baseline,60,13,controlled_d20_white_plus_distractor,2,5,0.38621651813276453,0.9347988149610988,0.9408056584290512,-0.9347988149610988,-0.9408056584290512
N60_K13_baseline,60,13,controlled_d20_white_plus_distractor,2,6,0.529150262212918,0.9313784282782658,0.9665254812124534,-0.9313784282782658,-0.9665254812124534
N60_K13_baseline,60,13,controlled_d20_white_plus_distractor,2,7,0.7249819385087718,0.9363080074211634,0.9443712681157919,-0.9363080074211634,-0.9443712681157919
N60_K13_baseline,60,13,controlled_d20_white_plus_distractor,2,8,0.9932883883792685,0.9437874276963063,0.9774931971310945,-0.9437874276963063,-0.9774931971310945
N60_K13_baseline,60,13,controlled_d20_white_plus_distractor,2,9,1.3608915892697748,0.9703041080675414,0.9576550401646464,-0.9703041080675414,-0.9576550401646464
N60_K13_baseline,60,13,controlled_d20_white_plus_distractor,2,10,1.864539985982451,0.9896579921802681,0.9728368640777632,-0.9896579921802681,-0.9728368640777632
N60_K13_baseline,60,13,controlled_d20_white_plus_distractor,2,11,2.554582148011408,0.9844020852423897,0.9794616502865461,-0.9844020852423897,-0.9794616502865461
N60_K13_baseline,60,13,controlled_d20_white_plus_distractor,2,12,3.5,0.9779567732315727,0.9785667970740675,-0.9779567732315727,-0.9785667970740675
N60_K13_baseline,60,13,controlled_d20_white_plus_distractor,3,0,0.07999999999999999,1.0089581288679548,0.9013134042581753,-1.0089581288679548,-0.9013134042581753
N60_K13_baseline,60,13,controlled_d20_white_plus_distractor,3,1,0.1096069665318704,1.0191069102836725,0.9055384796556001,-1.0191069102836725,-0.9055384796556001
N60_K13_baseline,60,13,controlled_d20_white_plus_distractor,3,2,0.15017108890398193,1.0336718573037351,0.9183571408723503,-1.0336718573037351,-0.9183571408723503
N60_K13_baseline,60,13,controlled_d20_white_plus_distractor,3,3,0.20574746894441603,1.0383134388852349,0.9430085939146804,-1.0383134388852349,-0.9430085939146804
N60_K13_baseline,60,13,controlled_d20_white_plus_distractor,3,4,0.28189194928259564,1.034425013414275,0.967433291398102,-1.034425013414275,-0.967433291398102
N60_K13_baseline,60,13,controlled_d20_white_plus_distractor,3,5,0.38621651813276453,1.0309312771772492,0.9608258658194387,-1.0309312771772492,-0.9608258658194387
N60_K13_baseline,60,13,controlled_d20_white_plus_distractor,3,6,0.529150262212918,1.022501854534612,0.9099092985425998,-1.022501854534612,-0.9099092985425998
N60_K13_baseline,60,13,controlled_d20_white_plus_distractor,3,7,0.7249819385087718,1.0256165141505498,0.877524459432285,-1.0256165141505498,-0.877524459432285
N60_K13_baseline,60,13,controlled_d20_white_plus_distractor,3,8,0.9932883883792685,1.0289404380523404,0.9093692765574298,-1.0289404380523404,-0.9093692765574298
N60_K13_baseline,60,13,controlled_d20_white_plus_distractor,3,9,1.3608915892697748,1.035598937138086,0.932724762916787,-1.035598937138086,-0.932724762916787
N60_K13_baseline,60,13,controlled_d20_white_plus_distractor,3,10,1.864539985982451,1.0526925996065528,0.9242685752249319,-1.0526925996065528,-0.9242685752249319
N60_K13_baseline,60,13,controlled_d20_white_plus_distractor,3,11,2.554582148011408,1.055838011555829,0.9223344655224657,-1.055838011555829,-0.9223344655224657
N60_K13_baseline,60,13,controlled_d20_white_plus_distractor,3,12,3.5,1.0433060135875687,0.9285903126157018,-1.0433060135875687,-0.9285903126157018
N60_K13_baseline,60,13,memory_d10,0,0,0.07999999999999999,0.8329356618453964,0.7983752605511838,-0.8329356618453964,-0.7983752605511838
N60_K13_baseline,60,13,memory_d10,0,1,0.1096069665318704,0.8393666303290663,0.8057688507103128,-0.8393666303290663,-0.8057688507103128
N60_K13_baseline,60,13,memory_d10,0,2,0.15017108890398193,0.8514041033337264,0.8156225936061755,-0.8514041033337264,-0.8156225936061755
N60_K13_baseline,60,13,memory_d10,0,3,0.20574746894441603,0.8740777076848405,0.864122303186624,-0.8740777076848405,-0.864122303186624
N60_K13_baseline,60,13,memory_d10,0,4,0.28189194928259564,0.8922725103047043,0.9223578623759962,-0.8922725103047043,-0.9223578623759962
N60_K13_baseline,60,13,memory_d10,0,5,0.38621651813276453,0.8823773276297459,0.894573160653301,-0.8823773276297459,-0.894573160653301
N60_K13_baseline,60,13,memory_d10,0,6,0.529150262212918,0.8470976108878183,0.8563643300230543,-0.8470976108878183,-0.8563643300230543
N60_K13_baseline,60,13,memory_d10,0,7,0.7249819385087718,0.8403830027505277,0.851539269874948,-0.8403830027505277,-0.851539269874948
N60_K13_baseline,60,13,memory_d10,0,8,0.9932883883792685,0.8568175316874053,0.8544649695844116,-0.8568175316874053,-0.8544649695844116
N60_K13_baseline,60,13,memory_d10,0,9,1.3608915892697748,0.8423029691924757,0.836696079998028,-0.8423029691924757,-0.836696079998028
N60_K13_baseline,60,13,memory_d10,0,10,1.864539985982451,0.8498887402284186,0.8401008434675524,-0.8498887402284186,-0.8401008434675524
N60_K13_baseline,60,13,memory_d10,0,11,2.554582148011408,0.849430311725163,0.8384681901862314,-0.849430311725163,-0.8384681901862314
N60_K13_baseline,60,13,memory_d10,0,12,3.5,0.8547562038082274,0.82824241057329,-0.8547562038082274,-0.82824241057329
N60_K13_baseline,60,13,memory_d10,1,0,0.07999999999999999,0.7018067683622632,0.7081683650756866,-0.7018067683622632,-0.7081683650756866
N60_K13_baseline,60,13,memory_d10,1,1,0.1096069665318704,0.6889482029827599,0.7012207497678629,-0.6889482029827599,-0.7012207497678629
N60_K13_baseline,60,13,memory_d10,1,2,0.15017108890398193,0.679317871292936,0.699534952683491,-0.679317871292936,-0.699534952683491
N60_K13_baseline,60,13,memory_d10,1,3,0.20574746894441603,0.6825027065820567,0.7102817098575284,-0.6825027065820567,-0.7102817098575284
N60_K13_baseline,60,13,memory_d10,1,4,0.28189194928259564,0.7006914739229934,0.7230137411785804,-0.7006914739229934,-0.7230137411785804
N60_K13_baseline,60,13,memory_d10,1,5,0.38621651813276453,0.7246763150393966,0.7243518877965065,-0.7246763150393966,-0.7243518877965065
N60_K13_baseline,60,13,memory_d10,1,6,0.529150262212918,0.7970476160988184,0.7922832314680303,-0.7970476160988184,-0.7922832314680303
N60_K13_baseline,60,13,memory_d10,1,7,0.7249819385087718,0.8371600463235241,0.827838565296008,-0.8371600463235241,-0.827838565296008
N60_K13_baseline,60,13,memory_d10,1,8,0.9932883883792685,0.8295621707933151,0.7966080126637148,-0.8295621707933151,-0.7966080126637148
N60_K13_baseline,60,13,memory_d10,1,9,1.3608915892697748,0.8040363921041557,0.8009711439188817,-0.8040363921041557,-0.8009711439188817
N60_K13_baseline,60,13,memory_d10,1,10,1.864539985982451,0.7894088433800648,0.7927968341356557,-0.7894088433800648,-0.7927968341356557
N60_K13_baseline,60,13,memory_d10,1,11,2.554582148011408,0.7802649844708164,0.7919643503473097,-0.7802649844708164,-0.7919643503473097
N60_K13_baseline,60,13,memory_d10,1,12,3.5,0.7842801149216581,0.7957176609583013,-0.7842801149216581,-0.7957176609583013
N60_K13_baseline,60,13,memory_d10,2,0,0.07999999999999999,0.7961533138743159,0.8058903304895624,-0.7961533138743159,-0.8058903304895624
N60_K13_baseline,60,13,memory_d10,2,1,0.1096069665318704,0.790084626524005,0.8019890063924424,-0.790084626524005,-0.8019890063924424
N60_K13_baseline,60,13,memory_d10,2,2,0.15017108890398193,0.803945569841107,0.8077351144422596,-0.803945569841107,-0.8077351144422596
N60_K13_baseline,60,13,memory_d10,2,3,0.20574746894441603,0.8081006778112821,0.8240954317525209,-0.8081006778112821,-0.8240954317525209
N60_K13_baseline,60,13,memory_d10,2,4,0.28189194928259564,0.8272683947155719,0.8672510574781299,-0.8272683947155719,-0.8672510574781299
N60_K13_baseline,60,13,memory_d10,2,5,0.38621651813276453,0.8864022779595806,0.9051666297063553,-0.8864022779595806,-0.9051666297063553
N60_K13_baseline,60,13,memory_d10,2,6,0.529150262212918,0.8992440797640311,0.8977116073637706,-0.8992440797640311,-0.8977116073637706
N60_K13_baseline,60,13,memory_d10,2,7,0.7249819385087718,0.9065983921023449,0.8916780009572863,-0.9065983921023449,-0.8916780009572863
N60_K13_baseline,60,13,memory_d10,2,8,0.9932883883792685,0.8601844019196281,0.8774431251284361,-0.8601844019196281,-0.8774431251284361
N60_K13_baseline,60,13,memory_d10,2,9,1.3608915892697748,0.7657406777306953,0.7876561601170254,-0.7657406777306953,-0.7876561601170254
N60_K13_baseline,60,13,memory_d10,2,10,1.864539985982451,0.7454987573155701,0.7456502887528623,-0.7454987573155701,-0.7456502887528623
N60_K13_baseline,60,13,memory_d10,2,11,2.554582148011408,0.7333487845487775,0.7233734838822431,-0.7333487845487775,-0.7233734838822431
N60_K13_baseline,60,13,memory_d10,2,12,3.5,0.733260142038893,0.7289661826318123,-0.733260142038893,-0.7289661826318123
N60_K13_baseline,60,13,memory_d10,3,0,0.07999999999999999,0.8931466842912071,0.8867841480406159,-0.8931466842912071,-0.8867841480406159
N60_K13_baseline,60,13,memory_d10,3,1,0.1096069665318704,0.8782313867183166,0.8943863006270047,-0.8782313867183166,-0.8943863006270047
N60_K13_baseline,60,13,memory_d10,3,2,0.15017108890398193,0.8687682320734637,0.9018730481612607,-0.8687682320734637,-0.9018730481612607
N60_K13_baseline,60,13,memory_d10,3,3,0.20574746894441603,0.8778453282129278,0.9027107535255672,-0.8778453282129278,-0.9027107535255672
N60_K13_baseline,60,13,memory_d10,3,4,0.28189194928259564,0.8932286485736073,0.8940805051570136,-0.8932286485736073,-0.8940805051570136
N60_K13_baseline,60,13,memory_d10,3,5,0.38621651813276453,0.919619880602038,0.8851292384988938,-0.919619880602038,-0.8851292384988938
N60_K13_baseline,60,13,memory_d10,3,6,0.529150262212918,0.9365920731179619,0.8944468157232814,-0.9365920731179619,-0.8944468157232814
N60_K13_baseline,60,13,memory_d10,3,7,0.7249819385087718,0.8886704540679206,0.8787990745966066,-0.8886704540679206,-0.8787990745966066
N60_K13_baseline,60,13,memory_d10,3,8,0.9932883883792685,0.8729635152878683,0.883999775206746,-0.8729635152878683,-0.883999775206746
N60_K13_baseline,60,13,memory_d10,3,9,1.3608915892697748,0.8853743744620011,0.9028008304835022,-0.8853743744620011,-0.9028008304835022
N60_K13_baseline,60,13,memory_d10,3,10,1.864539985982451,0.8849569551519403,0.8705161282891223,-0.8849569551519403,-0.8705161282891223
N60_K13_baseline,60,13,memory_d10,3,11,2.554582148011408,0.8728214144222386,0.8614767560397462,-0.8728214144222386,-0.8614767560397462
N60_K13_baseline,60,13,memory_d10,3,12,3.5,0.861631247080131,0.8641514773460214,-0.861631247080131,-0.8641514773460214
N60_K13_baseline,60,13,narma10,0,0,0.07999999999999999,0.5925443113537496,0.6962481749966873,-0.5925443113537496,-0.6962481749966873
N60_K13_baseline,60,13,narma10,0,1,0.1096069665318704,0.6117940503857136,0.7086796447501056,-0.6117940503857136,-0.7086796447501056
N60_K13_baseline,60,13,narma10,0,2,0.15017108890398193,0.6392815982474233,0.7082175604842806,-0.6392815982474233,-0.7082175604842806
N60_K13_baseline,60,13,narma10,0,3,0.20574746894441603,0.6753892767734179,0.7089859109731039,-0.6753892767734179,-0.7089859109731039
N60_K13_baseline,60,13,narma10,0,4,0.28189194928259564,0.7049304486928062,0.7408447915132859,-0.7049304486928062,-0.7408447915132859
N60_K13_baseline,60,13,narma10,0,5,0.38621651813276453,0.7176577672621506,0.7587578511807217,-0.7176577672621506,-0.7587578511807217
N60_K13_baseline,60,13,narma10,0,6,0.529150262212918,0.692913571288848,0.7422374022422684,-0.692913571288848,-0.7422374022422684
N60_K13_baseline,60,13,narma10,0,7,0.7249819385087718,0.6367684910059093,0.7068359892722936,-0.6367684910059093,-0.7068359892722936
N60_K13_baseline,60,13,narma10,0,8,0.9932883883792685,0.6537372938375965,0.7708758419773435,-0.6537372938375965,-0.7708758419773435
N60_K13_baseline,60,13,narma10,0,9,1.3608915892697748,0.6721605559249396,0.7689692304447014,-0.6721605559249396,-0.7689692304447014
N60_K13_baseline,60,13,narma10,0,10,1.864539985982451,0.6743233863192327,0.7431003811354442,-0.6743233863192327,-0.7431003811354442
N60_K13_baseline,60,13,narma10,0,11,2.554582148011408,0.7060231570106383,0.7472300637066626,-0.7060231570106383,-0.7472300637066626
N60_K13_baseline,60,13,narma10,0,12,3.5,0.7223768539965059,0.7642303905837996,-0.7223768539965059,-0.7642303905837996
N60_K13_baseline,60,13,narma10,1,0,0.07999999999999999,0.7609832022822872,0.7715511252923677,-0.7609832022822872,-0.7715511252923677
N60_K13_baseline,60,13,narma10,1,1,0.1096069665318704,0.7714185699779461,0.7830380447134675,-0.7714185699779461,-0.7830380447134675
N60_K13_baseline,60,13,narma10,1,2,0.15017108890398193,0.7770743964084125,0.7985768063669018,-0.7770743964084125,-0.7985768063669018
N60_K13_baseline,60,13,narma10,1,3,0.20574746894441603,0.7895021088632053,0.8213650961010305,-0.7895021088632053,-0.8213650961010305
N60_K13_baseline,60,13,narma10,1,4,0.28189194928259564,0.8092463635996002,0.8363882507076,-0.8092463635996002,-0.8363882507076
N60_K13_baseline,60,13,narma10,1,5,0.38621651813276453,0.8134188481510056,0.833558974859386,-0.8134188481510056,-0.833558974859386
N60_K13_baseline,60,13,narma10,1,6,0.529150262212918,0.8358348301125337,0.8306253021608626,-0.8358348301125337,-0.8306253021608626
N60_K13_baseline,60,13,narma10,1,7,0.7249819385087718,0.7989518948054992,0.7823751511343734,-0.7989518948054992,-0.7823751511343734
N60_K13_baseline,60,13,narma10,1,8,0.9932883883792685,0.695103826349174,0.6926400901741138,-0.695103826349174,-0.6926400901741138
N60_K13_baseline,60,13,narma10,1,9,1.3608915892697748,0.6674438766339599,0.6991276442290227,-0.6674438766339599,-0.6991276442290227
N60_K13_baseline,60,13,narma10,1,10,1.864539985982451,0.6720683988604065,0.6811512044902006,-0.6720683988604065,-0.6811512044902006
N60_K13_baseline,60,13,narma10,1,11,2.554582148011408,0.6961073212428991,0.7002855447721337,-0.6961073212428991,-0.7002855447721337
N60_K13_baseline,60,13,narma10,1,12,3.5,0.7204845869521256,0.7175662374590048,-0.7204845869521256,-0.7175662374590048
N60_K13_baseline,60,13,narma10,2,0,0.07999999999999999,0.7341325131861592,0.6822180761651646,-0.7341325131861592,-0.6822180761651646
N60_K13_baseline,60,13,narma10,2,1,0.1096069665318704,0.7227343989817933,0.6473373929562194,-0.7227343989817933,-0.6473373929562194
N60_K13_baseline,60,13,narma10,2,2,0.15017108890398193,0.6933080626817546,0.60669834476515,-0.6933080626817546,-0.60669834476515
N60_K13_baseline,60,13,narma10,2,3,0.20574746894441603,0.6785041751233216,0.5989787328797535,-0.6785041751233216,-0.5989787328797535
N60_K13_baseline,60,13,narma10,2,4,0.28189194928259564,0.6707157106689828,0.5732498309898074,-0.6707157106689828,-0.5732498309898074
N60_K13_baseline,60,13,narma10,2,5,0.38621651813276453,0.6765318196595717,0.583736342787191,-0.6765318196595717,-0.583736342787191
N60_K13_baseline,60,13,narma10,2,6,0.529150262212918,0.7090500202755606,0.668789335188606,-0.7090500202755606,-0.668789335188606
N60_K13_baseline,60,13,narma10,2,7,0.7249819385087718,0.7624489941995674,0.7039461424808899,-0.7624489941995674,-0.7039461424808899
N60_K13_baseline,60,13,narma10,2,8,0.9932883883792685,0.6758088011590853,0.6175684221360324,-0.6758088011590853,-0.6175684221360324
N60_K13_baseline,60,13,narma10,2,9,1.3608915892697748,0.6131024990024361,0.5734571455835085,-0.6131024990024361,-0.5734571455835085
N60_K13_baseline,60,13,narma10,2,10,1.864539985982451,0.5968117357908986,0.5539766868317072,-0.5968117357908986,-0.5539766868317072
N60_K13_baseline,60,13,narma10,2,11,2.554582148011408,0.5961724759957492,0.5456322442996268,-0.5961724759957492,-0.5456322442996268
N60_K13_baseline,60,13,narma10,2,12,3.5,0.6050636968476157,0.5574885186648533,-0.6050636968476157,-0.5574885186648533
N60_K13_baseline,60,13,narma10,3,0,0.07999999999999999,0.7324072444149979,0.750830307742951,-0.7324072444149979,-0.750830307742951
N60_K13_baseline,60,13,narma10,3,1,0.1096069665318704,0.7357754175931505,0.7695768323210781,-0.7357754175931505,-0.7695768323210781
N60_K13_baseline,60,13,narma10,3,2,0.15017108890398193,0.7384756716910627,0.789031326455434,-0.7384756716910627,-0.789031326455434
N60_K13_baseline,60,13,narma10,3,3,0.20574746894441603,0.7439637862201136,0.7901863602575209,-0.7439637862201136,-0.7901863602575209
N60_K13_baseline,60,13,narma10,3,4,0.28189194928259564,0.7371377325902838,0.7772296780059684,-0.7371377325902838,-0.7772296780059684
N60_K13_baseline,60,13,narma10,3,5,0.38621651813276453,0.7633590791520138,0.7640908666517011,-0.7633590791520138,-0.7640908666517011
N60_K13_baseline,60,13,narma10,3,6,0.529150262212918,0.7845710808046783,0.7747057875100908,-0.7845710808046783,-0.7747057875100908
N60_K13_baseline,60,13,narma10,3,7,0.7249819385087718,0.7857357758129462,0.8062284446667282,-0.7857357758129462,-0.8062284446667282
N60_K13_baseline,60,13,narma10,3,8,0.9932883883792685,0.7194380331943865,0.7986416390341323,-0.7194380331943865,-0.7986416390341323
N60_K13_baseline,60,13,narma10,3,9,1.3608915892697748,0.6963033629965257,0.7596515901990237,-0.6963033629965257,-0.7596515901990237
N60_K13_baseline,60,13,narma10,3,10,1.864539985982451,0.7211523409255943,0.7573108307406855,-0.7211523409255943,-0.7573108307406855
N60_K13_baseline,60,13,narma10,3,11,2.554582148011408,0.7114590382286228,0.7283420824234726,-0.7114590382286228,-0.7283420824234726
N60_K13_baseline,60,13,narma10,3,12,3.5,0.6938566945200005,0.7103955551493729,-0.6938566945200005,-0.7103955551493729
N60_K13_baseline,60,13,lorenz_x,0,0,0.07999999999999999,0.02761698548984422,0.02340201643596612,-0.02761698548984422,-0.02340201643596612
N60_K13_baseline,60,13,lorenz_x,0,1,0.1096069665318704,0.02566025652113739,0.023611780075625123,-0.02566025652113739,-0.023611780075625123
N60_K13_baseline,60,13,lorenz_x,0,2,0.15017108890398193,0.07735976039666786,0.03336761290231225,-0.07735976039666786,-0.03336761290231225
N60_K13_baseline,60,13,lorenz_x,0,3,0.20574746894441603,0.0764149912321387,0.03604473258583977,-0.0764149912321387,-0.03604473258583977
N60_K13_baseline,60,13,lorenz_x,0,4,0.28189194928259564,0.053050297896966914,0.03273506943971234,-0.053050297896966914,-0.03273506943971234
N60_K13_baseline,60,13,lorenz_x,0,5,0.38621651813276453,0.02406405903034608,0.021546372676907417,-0.02406405903034608,-0.021546372676907417
N60_K13_baseline,60,13,lorenz_x,0,6,0.529150262212918,0.012693985444945837,0.01563046622059489,-0.012693985444945837,-0.01563046622059489
N60_K13_baseline,60,13,lorenz_x,0,7,0.7249819385087718,0.013291999547739736,0.02044018803318197,-0.013291999547739736,-0.02044018803318197
N60_K13_baseline,60,13,lorenz_x,0,8,0.9932883883792685,0.016379052006112473,0.022768461852833814,-0.016379052006112473,-0.022768461852833814
N60_K13_baseline,60,13,lorenz_x,0,9,1.3608915892697748,0.02687480893030287,0.023178742494970685,-0.02687480893030287,-0.023178742494970685
N60_K13_baseline,60,13,lorenz_x,0,10,1.864539985982451,0.019593801679268955,0.021573427545011143,-0.019593801679268955,-0.021573427545011143
N60_K13_baseline,60,13,lorenz_x,0,11,2.554582148011408,0.02530675104948767,0.026028120942128648,-0.02530675104948767,-0.026028120942128648
N60_K13_baseline,60,13,lorenz_x,0,12,3.5,0.028718152892564016,0.03632356383902707,-0.028718152892564016,-0.03632356383902707
N60_K13_baseline,60,13,lorenz_x,1,0,0.07999999999999999,0.0067795327083825935,0.008032595188134973,-0.0067795327083825935,-0.008032595188134973
N60_K13_baseline,60,13,lorenz_x,1,1,0.1096069665318704,0.006091930341091629,0.01056140628490669,-0.006091930341091629,-0.01056140628490669
N60_K13_baseline,60,13,lorenz_x,1,2,0.15017108890398193,0.005650187082287914,0.010533878009688332,-0.005650187082287914,-0.010533878009688332
N60_K13_baseline,60,13,lorenz_x,1,3,0.20574746894441603,0.007334735242960663,0.009425598447462203,-0.007334735242960663,-0.009425598447462203
N60_K13_baseline,60,13,lorenz_x,1,4,0.28189194928259564,0.008737984874451741,0.010202152315591007,-0.008737984874451741,-0.010202152315591007
N60_K13_baseline,60,13,lorenz_x,1,5,0.38621651813276453,0.008951028007406724,0.010835313544434877,-0.008951028007406724,-0.010835313544434877
N60_K13_baseline,60,13,lorenz_x,1,6,0.529150262212918,0.00890073593570511,0.010661328130919412,-0.00890073593570511,-0.010661328130919412
N60_K13_baseline,60,13,lorenz_x,1,7,0.7249819385087718,0.009260061263741941,0.01400279244365233,-0.009260061263741941,-0.01400279244365233
N60_K13_baseline,60,13,lorenz_x,1,8,0.9932883883792685,0.007780979378755268,0.01670371897988637,-0.007780979378755268,-0.01670371897988637
N60_K13_baseline,60,13,lorenz_x,1,9,1.3608915892697748,0.007499023280610678,0.018945535182355526,-0.007499023280610678,-0.018945535182355526
N60_K13_baseline,60,13,lorenz_x,1,10,1.864539985982451,0.006802412322835062,0.020496924122244603,-0.006802412322835062,-0.020496924122244603
N60_K13_baseline,60,13,lorenz_x,1,11,2.554582148011408,0.008531154695385058,0.011599536783345552,-0.008531154695385058,-0.011599536783345552
N60_K13_baseline,60,13,lorenz_x,1,12,3.5,0.00715930865471058,0.011429065556473994,-0.00715930865471058,-0.011429065556473994
N60_K13_baseline,60,13,lorenz_x,2,0,0.07999999999999999,0.02335325872170248,0.10459235472241846,-0.02335325872170248,-0.10459235472241846
N60_K13_baseline,60,13,lorenz_x,2,1,0.1096069665318704,0.019943462073053062,0.08744139978030743,-0.019943462073053062,-0.08744139978030743
N60_K13_baseline,60,13,lorenz_x,2,2,0.15017108890398193,0.020406910264669936,0.05010425671913199,-0.020406910264669936,-0.05010425671913199
N60_K13_baseline,60,13,lorenz_x,2,3,0.20574746894441603,0.026518919461816313,0.062147639319832186,-0.026518919461816313,-0.062147639319832186
N60_K13_baseline,60,13,lorenz_x,2,4,0.28189194928259564,0.03133402583164054,0.12082023965108615,-0.03133402583164054,-0.12082023965108615
N60_K13_baseline,60,13,lorenz_x,2,5,0.38621651813276453,0.037638837140159066,0.14522589186965534,-0.037638837140159066,-0.14522589186965534
N60_K13_baseline,60,13,lorenz_x,2,6,0.529150262212918,0.03586280220193366,0.13779247877997106,-0.03586280220193366,-0.13779247877997106
N60_K13_baseline,60,13,lorenz_x,2,7,0.7249819385087718,0.024480251637866064,0.10296839127120273,-0.024480251637866064,-0.10296839127120273
N60_K13_baseline,60,13,lorenz_x,2,8,0.9932883883792685,0.04069574653025469,0.14048874229382596,-0.04069574653025469,-0.14048874229382596
N60_K13_baseline,60,13,lorenz_x,2,9,1.3608915892697748,0.020019546485486213,0.08841147156113213,-0.020019546485486213,-0.08841147156113213
N60_K13_baseline,60,13,lorenz_x,2,10,1.864539985982451,0.035766574236430475,0.14998555794415783,-0.035766574236430475,-0.14998555794415783
N60_K13_baseline,60,13,lorenz_x,2,11,2.554582148011408,0.02096929734621827,0.1224623951912197,-0.02096929734621827,-0.1224623951912197
N60_K13_baseline,60,13,lorenz_x,2,12,3.5,0.013308664333747952,0.08819086758917141,-0.013308664333747952,-0.08819086758917141
N60_K13_baseline,60,13,lorenz_x,3,0,0.07999999999999999,0.11080395578262225,0.07181249417913296,-0.11080395578262225,-0.07181249417913296
N60_K13_baseline,60,13,lorenz_x,3,1,0.1096069665318704,0.13010708927999842,0.08509210849279171,-0.13010708927999842,-0.08509210849279171
N60_K13_baseline,60,13,lorenz_x,3,2,0.15017108890398193,0.12890651362454658,0.08088265116421306,-0.12890651362454658,-0.08088265116421306
N60_K13_baseline,60,13,lorenz_x,3,3,0.20574746894441603,0.05208582173706933,0.029845266827405736,-0.05208582173706933,-0.029845266827405736
N60_K13_baseline,60,13,lorenz_x,3,4,0.28189194928259564,0.021461091605850552,0.016394267171499558,-0.021461091605850552,-0.016394267171499558
N60_K13_baseline,60,13,lorenz_x,3,5,0.38621651813276453,0.02402304444859145,0.018128057323863203,-0.02402304444859145,-0.018128057323863203
N60_K13_baseline,60,13,lorenz_x,3,6,0.529150262212918,0.05053025048152662,0.044839495010082824,-0.05053025048152662,-0.044839495010082824
N60_K13_baseline,60,13,lorenz_x,3,7,0.7249819385087718,0.08287400272806686,0.077266175223621,-0.08287400272806686,-0.077266175223621
N60_K13_baseline,60,13,lorenz_x,3,8,0.9932883883792685,0.06968059575461749,0.047614857561964284,-0.06968059575461749,-0.047614857561964284
N60_K13_baseline,60,13,lorenz_x,3,9,1.3608915892697748,0.054798585440977016,0.04610527059013359,-0.054798585440977016,-0.04610527059013359
N60_K13_baseline,60,13,lorenz_x,3,10,1.864539985982451,0.05510366303569789,0.041849480938714,-0.05510366303569789,-0.041849480938714
N60_K13_baseline,60,13,lorenz_x,3,11,2.554582148011408,0.05122918776638555,0.04182603257706869,-0.05122918776638555,-0.04182603257706869
N60_K13_baseline,60,13,lorenz_x,3,12,3.5,0.044797692033719964,0.03751652851893806,-0.044797692033719964,-0.03751652851893806
N60_K25_finer_grid,60,25,controlled_d20_white_plus_distractor,0,0,0.07999999999999999,0.9223064109770235,0.8586268694893285,-0.9223064109770235,-0.8586268694893285
N60_K25_finer_grid,60,25,controlled_d20_white_plus_distractor,0,1,0.09364057519339374,0.916015774373186,0.8532591195939512,-0.916015774373186,-0.8532591195939512
N60_K25_finer_grid,60,25,controlled_d20_white_plus_distractor,0,2,0.1096069665318704,0.9099873843878782,0.8494963327765915,-0.9099873843878782,-0.8494963327765915
N60_K25_finer_grid,60,25,controlled_d20_white_plus_distractor,0,3,0.12829574239059252,0.9063242600587402,0.8488241112886331,-0.9063242600587402,-0.8488241112886331
N60_K25_finer_grid,60,25,controlled_d20_white_plus_distractor,0,4,0.15017108890398193,0.9066750922508234,0.8519121991062969,-0.9066750922508234,-0.8519121991062969
N60_K25_finer_grid,60,25,controlled_d20_white_plus_distractor,0,5,0.17577633927983924,0.9121901573094755,0.8583114387849363,-0.9121901573094755,-0.8583114387849363
N60_K25_finer_grid,60,25,controlled_d20_white_plus_distractor,0,6,0.20574746894441603,0.9225759655217528,0.8645955184709125,-0.9225759655217528,-0.8645955184709125
N60_K25_finer_grid,60,25,controlled_d20_white_plus_distractor,0,7,0.24082889170675045,0.9381178993402441,0.8694395457357513,-0.9381178993402441,-0.8694395457357513
N60_K25_finer_grid,60,25,controlled_d20_white_plus_distractor,0,8,0.28189194928259564,0.959732220700252,0.8758655681989093,-0.959732220700252,-0.8758655681989093
N60_K25_finer_grid,60,25,controlled_d20_white_plus_distractor,0,9,0.3299565534151155,0.9844349168750341,0.8851841626821428,-0.9844349168750341,-0.8851841626821428
N60_K25_finer_grid,60,25,controlled_d20_white_plus_distractor,0,10,0.38621651813276453,1.0055580340140642,0.894613046806628,-1.0055580340140642,-0.894613046806628
N60_K25_finer_grid,60,25,controlled_d20_white_plus_distractor,0,11,0.45206921133927336,1.0288656683071995,0.9039614924669696,-1.0288656683071995,-0.9039614924669696
N60_K25_finer_grid,60,25,controlled_d20_white_plus_distractor,0,12,0.529150262212918,1.0442680762065935,0.9027267275213139,-1.0442680762065935,-0.9027267275213139
N60_K25_finer_grid,60,25,controlled_d20_white_plus_distractor,0,13,0.6193741864669097,1.0434409104704319,0.9042520733117131,-1.0434409104704319,-0.9042520733117131
N60_K25_finer_grid,60,25,controlled_d20_white_plus_distractor,0,14,0.7249819385087718,1.042556708592443,0.9131203357494866,-1.042556708592443,-0.9131203357494866
N60_K25_finer_grid,60,25,controlled_d20_white_plus_distractor,0,15,0.848596571584788,1.0356453272778043,0.9263577260378812,-1.0356453272778043,-0.9263577260378812
N60_K25_finer_grid,60,25,controlled_d20_white_plus_distractor,0,16,0.9932883883792685,1.0525345704330085,0.9492540934667028,-1.0525345704330085,-0.9492540934667028
N60_K25_finer_grid,60,25,controlled_d20_white_plus_distractor,0,17,1.1626512002594223,1.0621085463338018,0.9637309823812958,-1.0621085463338018,-0.9637309823812958
N60_K25_finer_grid,60,25,controlled_d20_white_plus_distractor,0,18,1.3608915892697748,1.0581011739054074,0.9726634213408931,-1.0581011739054074,-0.9726634213408931
N60_K25_finer_grid,60,25,controlled_d20_white_plus_distractor,0,19,1.5929333899384184,1.0484433029412203,0.9801261026010402,-1.0484433029412203,-0.9801261026010402
N60_K25_finer_grid,60,25,controlled_d20_white_plus_distractor,0,20,1.864539985982451,1.0415648550745176,0.9852107749216923,-1.0415648550745176,-0.9852107749216923
N60_K25_finer_grid,60,25,controlled_d20_white_plus_distractor,0,21,2.1824574594809887,1.0389212337355196,0.9877679548768147,-1.0389212337355196,-0.9877679548768147
N60_K25_finer_grid,60,25,controlled_d20_white_plus_distractor,0,22,2.554582148011408,1.0370818240266524,0.9893623192120148,-1.0370818240266524,-0.9893623192120148
N60_K25_finer_grid,60,25,controlled_d20_white_plus_distractor,0,23,2.9901567714820447,1.0336575204100689,0.9907379475859622,-1.0336575204100689,-0.9907379475859622
N60_K25_finer_grid,60,25,controlled_d20_white_plus_distractor,0,24,3.5,1.0287778894164408,0.9927671215948443,-1.0287778894164408,-0.9927671215948443
N60_K25_finer_grid,60,25,controlled_d20_white_plus_distractor,1,0,0.07999999999999999,1.0310268622863534,0.9868425773057097,-1.0310268622863534,-0.9868425773057097
N60_K25_finer_grid,60,25,controlled_d20_white_plus_distractor,1,1,0.09364057519339374,1.0310371346188005,0.9843039061755935,-1.0310371346188005,-0.9843039061755935
N60_K25_finer_grid,60,25,controlled_d20_white_plus_distractor,1,2,0.1096069665318704,1.0313050288382684,0.981200022947388,-1.0313050288382684,-0.981200022947388
N60_K25_finer_grid,60,25,controlled_d20_white_plus_distractor,1,3,0.12829574239059252,1.0318784355949728,0.9782914707403028,-1.0318784355949728,-0.9782914707403028
N60_K25_finer_grid,60,25,controlled_d20_white_plus_distractor,1,4,0.15017108890398193,1.033011990098475,0.9768889410876098,-1.033011990098475,-0.9768889410876098
N60_K25_finer_grid,60,25,controlled_d20_white_plus_distractor,1,5,0.17577633927983924,1.0353067325785235,0.978116393814677,-1.0353067325785235,-0.978116393814677
N60_K25_finer_grid,60,25,controlled_d20_white_plus_distractor,1,6,0.20574746894441603,1.03932496975415,0.9819409572704249,-1.03932496975415,-0.9819409572704249
N60_K25_finer_grid,60,25,controlled_d20_white_plus_distractor,1,7,0.24082889170675045,1.0449415136494862,0.986678329993173,-1.0449415136494862,-0.986678329993173
N60_K25_finer_grid,60,25,controlled_d20_white_plus_distractor,1,8,0.28189194928259564,1.0504851224793963,0.9895148005753214,-1.0504851224793963,-0.9895148005753214
N60_K25_finer_grid,60,25,controlled_d20_white_plus_distractor,1,9,0.3299565534151155,1.0530398494378836,0.9886207238634637,-1.0530398494378836,-0.9886207238634637
N60_K25_finer_grid,60,25,controlled_d20_white_plus_distractor,1,10,0.38621651813276453,1.051049635741204,0.9866476552375154,-1.051049635741204,-0.9866476552375154
N60_K25_finer_grid,60,25,controlled_d20_white_plus_distractor,1,11,0.45206921133927336,1.045704219441214,0.9888494928706563,-1.045704219441214,-0.9888494928706563
N60_K25_finer_grid,60,25,controlled_d20_white_plus_distractor,1,12,0.529150262212918,1.0409054075707311,0.9991409619134214,-1.0409054075707311,-0.9991409619134214
N60_K25_finer_grid,60,25,controlled_d20_white_plus_distractor,1,13,0.6193741864669097,1.0418494722586018,1.0138053403175928,-1.0418494722586018,-1.0138053403175928
N60_K25_finer_grid,60,25,controlled_d20_white_plus_distractor,1,14,0.7249819385087718,1.0478217245994277,1.0155112732592748,-1.0478217245994277,-1.0155112732592748
N60_K25_finer_grid,60,25,controlled_d20_white_plus_distractor,1,15,0.848596571584788,1.0529403800864028,1.0068722010674627,-1.0529403800864028,-1.0068722010674627
N60_K25_finer_grid,60,25,controlled_d20_white_plus_distractor,1,16,0.9932883883792685,1.0492761591613786,0.9942317138828539,-1.0492761591613786,-0.9942317138828539
N60_K25_finer_grid,60,25,controlled_d20_white_plus_distractor,1,17,1.1626512002594223,1.0412643883562243,0.9839313135820603,-1.0412643883562243,-0.9839313135820603
N60_K25_finer_grid,60,25,controlled_d20_white_plus_distractor,1,18,1.3608915892697748,1.0395640452520476,0.9805679579446558,-1.0395640452520476,-0.9805679579446558
N60_K25_finer_grid,60,25,controlled_d20_white_plus_distractor,1,19,1.5929333899384184,1.0443413622061588,0.9790289112122462,-1.0443413622061588,-0.9790289112122462
N60_K25_finer_grid,60,25,controlled_d20_white_plus_distractor,1,20,1.864539985982451,1.0511053420392815,0.980989038810142,-1.0511053420392815,-0.980989038810142
N60_K25_finer_grid,60,25,controlled_d20_white_plus_distractor,1,21,2.1824574594809887,1.057714450282625,0.9856039714601008,-1.057714450282625,-0.9856039714601008
N60_K25_finer_grid,60,25,controlled_d20_white_plus_distractor,1,22,2.554582148011408,1.0628490273956201,0.9905739635947167,-1.0628490273956201,-0.9905739635947167
N60_K25_finer_grid,60,25,controlled_d20_white_plus_distractor,1,23,2.9901567714820447,1.0656029699614447,0.9954330521796427,-1.0656029699614447,-0.9954330521796427
N60_K25_finer_grid,60,25,controlled_d20_white_plus_distractor,1,24,3.5,1.0657916257437405,1.0004686604135955,-1.0657916257437405,-1.0004686604135955
N60_K25_finer_grid,60,25,controlled_d20_white_plus_distractor,2,0,0.07999999999999999,0.9590494055143263,0.968537283820807,-0.9590494055143263,-0.968537283820807
N60_K25_finer_grid,60,25,controlled_d20_white_plus_distractor,2,1,0.09364057519339374,0.9561939008994388,0.9656341494031524,-0.9561939008994388,-0.9656341494031524
N60_K25_finer_grid,60,25,controlled_d20_white_plus_distractor,2,2,0.1096069665318704,0.9538199543486673,0.9617751714561271,-0.9538199543486673,-0.9617751714561271
N60_K25_finer_grid,60,25,controlled_d20_white_plus_distractor,2,3,0.12829574239059252,0.9525292850087206,0.9575320759647411,-0.9525292850087206,-0.9575320759647411
N60_K25_finer_grid,60,25,controlled_d20_white_plus_distractor,2,4,0.15017108890398193,0.9529968185294061,0.9539747953684575,-0.9529968185294061,-0.9539747953684575
N60_K25_finer_grid,60,25,controlled_d20_white_plus_distractor,2,5,0.17577633927983924,0.9562801388245095,0.9517294625606425,-0.9562801388245095,-0.9517294625606425
N60_K25_finer_grid,60,25,controlled_d20_white_plus_distractor,2,6,0.20574746894441603,0.9630287446990619,0.9482420382703719,-0.9630287446990619,-0.9482420382703719
N60_K25_finer_grid,60,25,controlled_d20_white_plus_distractor,2,7,0.24082889170675045,0.964385138069618,0.9406566707761791,-0.964385138069618,-0.9406566707761791
N60_K25_finer_grid,60,25,controlled_d20_white_plus_distractor,2,8,0.28189194928259564,0.9587786831430937,0.9310518966048223,-0.9587786831430937,-0.9310518966048223
N60_K25_finer_grid,60,25,controlled_d20_white_plus_distractor,2,9,0.3299565534151155,0.9451346415106555,0.9311818627144335,-0.9451346415106555,-0.9311818627144335
N60_K25_finer_grid,60,25,controlled_d20_white_plus_distractor,2,10,0.38621651813276453,0.9347988149610988,0.9408056584290512,-0.9347988149610988,-0.9408056584290512
N60_K25_finer_grid,60,25,controlled_d20_white_plus_distractor,2,11,0.45206921133927336,0.9255641620132301,0.9527786944003498,-0.9255641620132301,-0.9527786944003498
N60_K25_finer_grid,60,25,controlled_d20_white_plus_distractor,2,12,0.529150262212918,0.9313784282782658,0.9665254812124534,-0.9313784282782658,-0.9665254812124534
N60_K25_finer_grid,60,25,controlled_d20_white_plus_distractor,2,13,0.6193741864669097,0.9403787955075271,0.9531972178416871,-0.9403787955075271,-0.9531972178416871
N60_K25_finer_grid,60,25,controlled_d20_white_plus_distractor,2,14,0.7249819385087718,0.9363080074211634,0.9443712681157919,-0.9363080074211634,-0.9443712681157919
N60_K25_finer_grid,60,25,controlled_d20_white_plus_distractor,2,15,0.848596571584788,0.9320698068976988,0.9494042216180445,-0.9320698068976988,-0.9494042216180445
N60_K25_finer_grid,60,25,controlled_d20_white_plus_distractor,2,16,0.9932883883792685,0.9437874276963063,0.9774931971310945,-0.9437874276963063,-0.9774931971310945
N60_K25_finer_grid,60,25,controlled_d20_white_plus_distractor,2,17,1.1626512002594223,0.9558762807747464,0.9708791037476,-0.9558762807747464,-0.9708791037476
N60_K25_finer_grid,60,25,controlled_d20_white_plus_distractor,2,18,1.3608915892697748,0.9703041080675414,0.9576550401646464,-0.9703041080675414,-0.9576550401646464
N60_K25_finer_grid,60,25,controlled_d20_white_plus_distractor,2,19,1.5929333899384184,0.9842222868435512,0.9621416809911271,-0.9842222868435512,-0.9621416809911271
N60_K25_finer_grid,60,25,controlled_d20_white_plus_distractor,2,20,1.864539985982451,0.9896579921802681,0.9728368640777632,-0.9896579921802681,-0.9728368640777632
N60_K25_finer_grid,60,25,controlled_d20_white_plus_distractor,2,21,2.1824574594809887,0.9881793289465677,0.9785329860354568,-0.9881793289465677,-0.9785329860354568
N60_K25_finer_grid,60,25,controlled_d20_white_plus_distractor,2,22,2.554582148011408,0.9844020852423897,0.9794616502865461,-0.9844020852423897,-0.9794616502865461
N60_K25_finer_grid,60,25,controlled_d20_white_plus_distractor,2,23,2.9901567714820447,0.9806683950684899,0.9789887626487199,-0.9806683950684899,-0.9789887626487199
N60_K25_finer_grid,60,25,controlled_d20_white_plus_distractor,2,24,3.5,0.9779567732315727,0.9785667970740675,-0.9779567732315727,-0.9785667970740675
N60_K25_finer_grid,60,25,controlled_d20_white_plus_distractor,3,0,0.07999999999999999,1.0089581288679548,0.9013134042581753,-1.0089581288679548,-0.9013134042581753
N60_K25_finer_grid,60,25,controlled_d20_white_plus_distractor,3,1,0.09364057519339374,1.0127790536692656,0.9026526243358045,-1.0127790536692656,-0.9026526243358045
N60_K25_finer_grid,60,25,controlled_d20_white_plus_distractor,3,2,0.1096069665318704,1.0191069102836725,0.9055384796556001,-1.0191069102836725,-0.9055384796556001
N60_K25_finer_grid,60,25,controlled_d20_white_plus_distractor,3,3,0.12829574239059252,1.026614141797465,0.9106530562198925,-1.026614141797465,-0.9106530562198925
N60_K25_finer_grid,60,25,controlled_d20_white_plus_distractor,3,4,0.15017108890398193,1.0336718573037351,0.9183571408723503,-1.0336718573037351,-0.9183571408723503
N60_K25_finer_grid,60,25,controlled_d20_white_plus_distractor,3,5,0.17577633927983924,1.0376807954922471,0.9288065584369266,-1.0376807954922471,-0.9288065584369266
N60_K25_finer_grid,60,25,controlled_d20_white_plus_distractor,3,6,0.20574746894441603,1.0383134388852349,0.9430085939146804,-1.0383134388852349,-0.9430085939146804
N60_K25_finer_grid,60,25,controlled_d20_white_plus_distractor,3,7,0.24082889170675045,1.0364898062586565,0.957734850021919,-1.0364898062586565,-0.957734850021919
N60_K25_finer_grid,60,25,controlled_d20_white_plus_distractor,3,8,0.28189194928259564,1.034425013414275,0.967433291398102,-1.034425013414275,-0.967433291398102
N60_K25_finer_grid,60,25,controlled_d20_white_plus_distractor,3,9,0.3299565534151155,1.0336456577848094,0.9698555801779768,-1.0336456577848094,-0.9698555801779768
N60_K25_finer_grid,60,25,controlled_d20_white_plus_distractor,3,10,0.38621651813276453,1.0309312771772492,0.9608258658194387,-1.0309312771772492,-0.9608258658194387
N60_K25_finer_grid,60,25,controlled_d20_white_plus_distractor,3,11,0.45206921133927336,1.0241472552516042,0.9392120139630039,-1.0241472552516042,-0.9392120139630039
N60_K25_finer_grid,60,25,controlled_d20_white_plus_distractor,3,12,0.529150262212918,1.022501854534612,0.9099092985425998,-1.022501854534612,-0.9099092985425998
N60_K25_finer_grid,60,25,controlled_d20_white_plus_distractor,3,13,0.6193741864669097,1.027712107266117,0.8858434994120759,-1.027712107266117,-0.8858434994120759
N60_K25_finer_grid,60,25,controlled_d20_white_plus_distractor,3,14,0.7249819385087718,1.0256165141505498,0.877524459432285,-1.0256165141505498,-0.877524459432285
N60_K25_finer_grid,60,25,controlled_d20_white_plus_distractor,3,15,0.848596571584788,1.0252013434496061,0.8890749123374604,-1.0252013434496061,-0.8890749123374604
N60_K25_finer_grid,60,25,controlled_d20_white_plus_distractor,3,16,0.9932883883792685,1.0289404380523404,0.9093692765574298,-1.0289404380523404,-0.9093692765574298
N60_K25_finer_grid,60,25,controlled_d20_white_plus_distractor,3,17,1.1626512002594223,1.0313390478931048,0.9256847135556375,-1.0313390478931048,-0.9256847135556375
N60_K25_finer_grid,60,25,controlled_d20_white_plus_distractor,3,18,1.3608915892697748,1.035598937138086,0.932724762916787,-1.035598937138086,-0.932724762916787
N60_K25_finer_grid,60,25,controlled_d20_white_plus_distractor,3,19,1.5929333899384184,1.0435280247767718,0.9299107527492818,-1.0435280247767718,-0.9299107527492818
N60_K25_finer_grid,60,25,controlled_d20_white_plus_distractor,3,20,1.864539985982451,1.0526925996065528,0.9242685752249319,-1.0526925996065528,-0.9242685752249319
N60_K25_finer_grid,60,25,controlled_d20_white_plus_distractor,3,21,2.1824574594809887,1.0574993294845196,0.9214061501997848,-1.0574993294845196,-0.9214061501997848
N60_K25_finer_grid,60,25,controlled_d20_white_plus_distractor,3,22,2.554582148011408,1.055838011555829,0.9223344655224657,-1.055838011555829,-0.9223344655224657
N60_K25_finer_grid,60,25,controlled_d20_white_plus_distractor,3,23,2.9901567714820447,1.0501154057185385,0.9253921166843195,-1.0501154057185385,-0.9253921166843195
N60_K25_finer_grid,60,25,controlled_d20_white_plus_distractor,3,24,3.5,1.0433060135875687,0.9285903126157018,-1.0433060135875687,-0.9285903126157018
N60_K25_finer_grid,60,25,memory_d10,0,0,0.07999999999999999,0.8329356618453964,0.7983752605511838,-0.8329356618453964,-0.7983752605511838
N60_K25_finer_grid,60,25,memory_d10,0,1,0.09364057519339374,0.8361192861145045,0.8018790214689928,-0.8361192861145045,-0.8018790214689928
N60_K25_finer_grid,60,25,memory_d10,0,2,0.1096069665318704,0.8393666303290663,0.8057688507103128,-0.8393666303290663,-0.8057688507103128
N60_K25_finer_grid,60,25,memory_d10,0,3,0.12829574239059252,0.8435647528977038,0.8096342237969179,-0.8435647528977038,-0.8096342237969179
N60_K25_finer_grid,60,25,memory_d10,0,4,0.15017108890398193,0.8514041033337264,0.8156225936061755,-0.8514041033337264,-0.8156225936061755
N60_K25_finer_grid,60,25,memory_d10,0,5,0.17577633927983924,0.8633478789958229,0.8318791941513181,-0.8633478789958229,-0.8318791941513181
N60_K25_finer_grid,60,25,memory_d10,0,6,0.20574746894441603,0.8740777076848405,0.864122303186624,-0.8740777076848405,-0.864122303186624
N60_K25_finer_grid,60,25,memory_d10,0,7,0.24082889170675045,0.882656077090056,0.9012525779634879,-0.882656077090056,-0.9012525779634879
N60_K25_finer_grid,60,25,memory_d10,0,8,0.28189194928259564,0.8922725103047043,0.9223578623759962,-0.8922725103047043,-0.9223578623759962
N60_K25_finer_grid,60,25,memory_d10,0,9,0.3299565534151155,0.8945616935991013,0.9159887417292222,-0.8945616935991013,-0.9159887417292222
N60_K25_finer_grid,60,25,memory_d10,0,10,0.38621651813276453,0.8823773276297459,0.894573160653301,-0.8823773276297459,-0.894573160653301
N60_K25_finer_grid,60,25,memory_d10,0,11,0.45206921133927336,0.8651008259873935,0.8717855974990503,-0.8651008259873935,-0.8717855974990503
N60_K25_finer_grid,60,25,memory_d10,0,12,0.529150262212918,0.8470976108878183,0.8563643300230543,-0.8470976108878183,-0.8563643300230543
N60_K25_finer_grid,60,25,memory_d10,0,13,0.6193741864669097,0.8302314149131504,0.847023709754653,-0.8302314149131504,-0.847023709754653
N60_K25_finer_grid,60,25,memory_d10,0,14,0.7249819385087718,0.8403830027505277,0.851539269874948,-0.8403830027505277,-0.851539269874948
N60_K25_finer_grid,60,25,memory_d10,0,15,0.848596571584788,0.8624362665890726,0.8649445273662472,-0.8624362665890726,-0.8649445273662472
N60_K25_finer_grid,60,25,memory_d10,0,16,0.9932883883792685,0.8568175316874053,0.8544649695844116,-0.8568175316874053,-0.8544649695844116
N60_K25_finer_grid,60,25,memory_d10,0,17,1.1626512002594223,0.8438358910286728,0.844851865764908,-0.8438358910286728,-0.844851865764908
N60_K25_finer_grid,60,25,memory_d10,0,18,1.3608915892697748,0.8423029691924757,0.836696079998028,-0.8423029691924757,-0.836696079998028
N60_K25_finer_grid,60,25,memory_d10,0,19,1.5929333899384184,0.8484343198429322,0.8332227844658094,-0.8484343198429322,-0.8332227844658094
N60_K25_finer_grid,60,25,memory_d10,0,20,1.864539985982451,0.8498887402284186,0.8401008434675524,-0.8498887402284186,-0.8401008434675524
N60_K25_finer_grid,60,25,memory_d10,0,21,2.1824574594809887,0.8480512881684138,0.8420516518476687,-0.8480512881684138,-0.8420516518476687
N60_K25_finer_grid,60,25,memory_d10,0,22,2.554582148011408,0.849430311725163,0.8384681901862314,-0.849430311725163,-0.8384681901862314
N60_K25_finer_grid,60,25,memory_d10,0,23,2.9901567714820447,0.8526335284361322,0.833213860214792,-0.8526335284361322,-0.833213860214792
N60_K25_finer_grid,60,25,memory_d10,0,24,3.5,0.8547562038082274,0.82824241057329,-0.8547562038082274,-0.82824241057329
N60_K25_finer_grid,60,25,memory_d10,1,0,0.07999999999999999,0.7018067683622632,0.7081683650756866,-0.7018067683622632,-0.7081683650756866
N60_K25_finer_grid,60,25,memory_d10,1,1,0.09364057519339374,0.6953559987773895,0.7046076414875831,-0.6953559987773895,-0.7046076414875831
N60_K25_finer_grid,60,25,memory_d10,1,2,0.1096069665318704,0.6889482029827599,0.7012207497678629,-0.6889482029827599,-0.7012207497678629
N60_K25_finer_grid,60,25,memory_d10,1,3,0.12829574239059252,0.6833870355503651,0.6992525148256765,-0.6833870355503651,-0.6992525148256765
N60_K25_finer_grid,60,25,memory_d10,1,4,0.15017108890398193,0.679317871292936,0.699534952683491,-0.679317871292936,-0.699534952683491
N60_K25_finer_grid,60,25,memory_d10,1,5,0.17577633927983924,0.6785034782443646,0.7029280684464858,-0.6785034782443646,-0.7029280684464858
N60_K25_finer_grid,60,25,memory_d10,1,6,0.20574746894441603,0.6825027065820567,0.7102817098575284,-0.6825027065820567,-0.7102817098575284
N60_K25_finer_grid,60,25,memory_d10,1,7,0.24082889170675045,0.690627248280726,0.7190385854297848,-0.690627248280726,-0.7190385854297848
N60_K25_finer_grid,60,25,memory_d10,1,8,0.28189194928259564,0.7006914739229934,0.7230137411785804,-0.7006914739229934,-0.7230137411785804
N60_K25_finer_grid,60,25,memory_d10,1,9,0.3299565534151155,0.7097262212342349,0.7204342160603502,-0.7097262212342349,-0.7204342160603502
N60_K25_finer_grid,60,25,memory_d10,1,10,0.38621651813276453,0.7246763150393966,0.7243518877965065,-0.7246763150393966,-0.7243518877965065
N60_K25_finer_grid,60,25,memory_d10,1,11,0.45206921133927336,0.7572243719626918,0.7549945288823605,-0.7572243719626918,-0.7549945288823605
N60_K25_finer_grid,60,25,memory_d10,1,12,0.529150262212918,0.7970476160988184,0.7922832314680303,-0.7970476160988184,-0.7922832314680303
N60_K25_finer_grid,60,25,memory_d10,1,13,0.6193741864669097,0.8266164598012073,0.8109637874600413,-0.8266164598012073,-0.8109637874600413
N60_K25_finer_grid,60,25,memory_d10,1,14,0.7249819385087718,0.8371600463235241,0.827838565296008,-0.8371600463235241,-0.827838565296008
N60_K25_finer_grid,60,25,memory_d10,1,15,0.848596571584788,0.8457030966991939,0.8169567825205398,-0.8457030966991939,-0.8169567825205398
N60_K25_finer_grid,60,25,memory_d10,1,16,0.9932883883792685,0.8295621707933151,0.7966080126637148,-0.8295621707933151,-0.7966080126637148
N60_K25_finer_grid,60,25,memory_d10,1,17,1.1626512002594223,0.8104806496887876,0.793125867496816,-0.8104806496887876,-0.793125867496816
N60_K25_finer_grid,60,25,memory_d10,1,18,1.3608915892697748,0.8040363921041557,0.8009711439188817,-0.8040363921041557,-0.8009711439188817
N60_K25_finer_grid,60,25,memory_d10,1,19,1.5929333899384184,0.7962160277325995,0.7931020742247668,-0.7962160277325995,-0.7931020742247668
N60_K25_finer_grid,60,25,memory_d10,1,20,1.864539985982451,0.7894088433800648,0.7927968341356557,-0.7894088433800648,-0.7927968341356557
N60_K25_finer_grid,60,25,memory_d10,1,21,2.1824574594809887,0.782976417462552,0.7922657014825417,-0.782976417462552,-0.7922657014825417
N60_K25_finer_grid,60,25,memory_d10,1,22,2.554582148011408,0.7802649844708164,0.7919643503473097,-0.7802649844708164,-0.7919643503473097
N60_K25_finer_grid,60,25,memory_d10,1,23,2.9901567714820447,0.7811472928028421,0.7938071120632377,-0.7811472928028421,-0.7938071120632377
N60_K25_finer_grid,60,25,memory_d10,1,24,3.5,0.7842801149216581,0.7957176609583013,-0.7842801149216581,-0.7957176609583013
N60_K25_finer_grid,60,25,memory_d10,2,0,0.07999999999999999,0.7961533138743159,0.8058903304895624,-0.7961533138743159,-0.8058903304895624
N60_K25_finer_grid,60,25,memory_d10,2,1,0.09364057519339374,0.790941428644023,0.8023535188376836,-0.790941428644023,-0.8023535188376836
N60_K25_finer_grid,60,25,memory_d10,2,2,0.1096069665318704,0.790084626524005,0.8019890063924424,-0.790084626524005,-0.8019890063924424
N60_K25_finer_grid,60,25,memory_d10,2,3,0.12829574239059252,0.7955865743200766,0.8045342124349789,-0.7955865743200766,-0.8045342124349789
N60_K25_finer_grid,60,25,memory_d10,2,4,0.15017108890398193,0.803945569841107,0.8077351144422596,-0.803945569841107,-0.8077351144422596
N60_K25_finer_grid,60,25,memory_d10,2,5,0.17577633927983924,0.8088894398302148,0.8129450287817453,-0.8088894398302148,-0.8129450287817453
N60_K25_finer_grid,60,25,memory_d10,2,6,0.20574746894441603,0.8081006778112821,0.8240954317525209,-0.8081006778112821,-0.8240954317525209
N60_K25_finer_grid,60,25,memory_d10,2,7,0.24082889170675045,0.8107825329968892,0.8435067826597688,-0.8107825329968892,-0.8435067826597688
N60_K25_finer_grid,60,25,memory_d10,2,8,0.28189194928259564,0.8272683947155719,0.8672510574781299,-0.8272683947155719,-0.8672510574781299
N60_K25_finer_grid,60,25,memory_d10,2,9,0.3299565534151155,0.8549807732930447,0.8917023508490198,-0.8549807732930447,-0.8917023508490198
N60_K25_finer_grid,60,25,memory_d10,2,10,0.38621651813276453,0.8864022779595806,0.9051666297063553,-0.8864022779595806,-0.9051666297063553
N60_K25_finer_grid,60,25,memory_d10,2,11,0.45206921133927336,0.9031111541794294,0.9067662356998852,-0.9031111541794294,-0.9067662356998852
N60_K25_finer_grid,60,25,memory_d10,2,12,0.529150262212918,0.8992440797640311,0.8977116073637706,-0.8992440797640311,-0.8977116073637706
N60_K25_finer_grid,60,25,memory_d10,2,13,0.6193741864669097,0.9024839118412229,0.8919844565106912,-0.9024839118412229,-0.8919844565106912
N60_K25_finer_grid,60,25,memory_d10,2,14,0.7249819385087718,0.9065983921023449,0.8916780009572863,-0.9065983921023449,-0.8916780009572863
N60_K25_finer_grid,60,25,memory_d10,2,15,0.848596571584788,0.8887003641406225,0.8858660949563755,-0.8887003641406225,-0.8858660949563755
N60_K25_finer_grid,60,25,memory_d10,2,16,0.9932883883792685,0.8601844019196281,0.8774431251284361,-0.8601844019196281,-0.8774431251284361
N60_K25_finer_grid,60,25,memory_d10,2,17,1.1626512002594223,0.8156334686445385,0.8333836809620013,-0.8156334686445385,-0.8333836809620013
N60_K25_finer_grid,60,25,memory_d10,2,18,1.3608915892697748,0.7657406777306953,0.7876561601170254,-0.7657406777306953,-0.7876561601170254
N60_K25_finer_grid,60,25,memory_d10,2,19,1.5929333899384184,0.745879086079486,0.7623420035266302,-0.745879086079486,-0.7623420035266302
N60_K25_finer_grid,60,25,memory_d10,2,20,1.864539985982451,0.7454987573155701,0.7456502887528623,-0.7454987573155701,-0.7456502887528623
N60_K25_finer_grid,60,25,memory_d10,2,21,2.1824574594809887,0.7406529734938382,0.731246568527212,-0.7406529734938382,-0.731246568527212
N60_K25_finer_grid,60,25,memory_d10,2,22,2.554582148011408,0.7333487845487775,0.7233734838822431,-0.7333487845487775,-0.7233734838822431
N60_K25_finer_grid,60,25,memory_d10,2,23,2.9901567714820447,0.7312168356722224,0.7241526930416832,-0.7312168356722224,-0.7241526930416832
N60_K25_finer_grid,60,25,memory_d10,2,24,3.5,0.733260142038893,0.7289661826318123,-0.733260142038893,-0.7289661826318123
N60_K25_finer_grid,60,25,memory_d10,3,0,0.07999999999999999,0.8931466842912071,0.8867841480406159,-0.8931466842912071,-0.8867841480406159
N60_K25_finer_grid,60,25,memory_d10,3,1,0.09364057519339374,0.8862878964326218,0.8897141804051755,-0.8862878964326218,-0.8897141804051755
N60_K25_finer_grid,60,25,memory_d10,3,2,0.1096069665318704,0.8782313867183166,0.8943863006270047,-0.8782313867183166,-0.8943863006270047
N60_K25_finer_grid,60,25,memory_d10,3,3,0.12829574239059252,0.8715516101499547,0.8989636528557463,-0.8715516101499547,-0.8989636528557463
N60_K25_finer_grid,60,25,memory_d10,3,4,0.15017108890398193,0.8687682320734637,0.9018730481612607,-0.8687682320734637,-0.9018730481612607
N60_K25_finer_grid,60,25,memory_d10,3,5,0.17577633927983924,0.8715301858128983,0.9030122871612207,-0.8715301858128983,-0.9030122871612207
N60_K25_finer_grid,60,25,memory_d10,3,6,0.20574746894441603,0.8778453282129278,0.9027107535255672,-0.8778453282129278,-0.9027107535255672
N60_K25_finer_grid,60,25,memory_d10,3,7,0.24082889170675045,0.8855722352789009,0.9005198953989281,-0.8855722352789009,-0.9005198953989281
N60_K25_finer_grid,60,25,memory_d10,3,8,0.28189194928259564,0.8932286485736073,0.8940805051570136,-0.8932286485736073,-0.8940805051570136
N60_K25_finer_grid,60,25,memory_d10,3,9,0.3299565534151155,0.9012070931657545,0.881835514234486,-0.9012070931657545,-0.881835514234486
N60_K25_finer_grid,60,25,memory_d10,3,10,0.38621651813276453,0.919619880602038,0.8851292384988938,-0.919619880602038,-0.8851292384988938
N60_K25_finer_grid,60,25,memory_d10,3,11,0.45206921133927336,0.9417960618718942,0.8951388349391383,-0.9417960618718942,-0.8951388349391383
N60_K25_finer_grid,60,25,memory_d10,3,12,0.529150262212918,0.9365920731179619,0.8944468157232814,-0.9365920731179619,-0.8944468157232814
N60_K25_finer_grid,60,25,memory_d10,3,13,0.6193741864669097,0.9203426495661073,0.8904231166674115,-0.9203426495661073,-0.8904231166674115
N60_K25_finer_grid,60,25,memory_d10,3,14,0.7249819385087718,0.8886704540679206,0.8787990745966066,-0.8886704540679206,-0.8787990745966066
N60_K25_finer_grid,60,25,memory_d10,3,15,0.848596571584788,0.8646006839477014,0.8665337509179909,-0.8646006839477014,-0.8665337509179909
N60_K25_finer_grid,60,25,memory_d10,3,16,0.9932883883792685,0.8729635152878683,0.883999775206746,-0.8729635152878683,-0.883999775206746
N60_K25_finer_grid,60,25,memory_d10,3,17,1.1626512002594223,0.8751260979300248,0.8890541094528426,-0.8751260979300248,-0.8890541094528426
N60_K25_finer_grid,60,25,memory_d10,3,18,1.3608915892697748,0.8853743744620011,0.9028008304835022,-0.8853743744620011,-0.9028008304835022
N60_K25_finer_grid,60,25,memory_d10,3,19,1.5929333899384184,0.9000153705173477,0.9017695002512917,-0.9000153705173477,-0.9017695002512917
N60_K25_finer_grid,60,25,memory_d10,3,20,1.864539985982451,0.8849569551519403,0.8705161282891223,-0.8849569551519403,-0.8705161282891223
N60_K25_finer_grid,60,25,memory_d10,3,21,2.1824574594809887,0.8764724575228436,0.8587577378898982,-0.8764724575228436,-0.8587577378898982
N60_K25_finer_grid,60,25,memory_d10,3,22,2.554582148011408,0.8728214144222386,0.8614767560397462,-0.8728214144222386,-0.8614767560397462
N60_K25_finer_grid,60,25,memory_d10,3,23,2.9901567714820447,0.8677294046511409,0.8648922249568649,-0.8677294046511409,-0.8648922249568649
N60_K25_finer_grid,60,25,memory_d10,3,24,3.5,0.861631247080131,0.8641514773460214,-0.861631247080131,-0.8641514773460214
N60_K25_finer_grid,60,25,narma10,0,0,0.07999999999999999,0.5925443113537496,0.6962481749966873,-0.5925443113537496,-0.6962481749966873
N60_K25_finer_grid,60,25,narma10,0,1,0.09364057519339374,0.6004031362943629,0.7035509381322964,-0.6004031362943629,-0.7035509381322964
N60_K25_finer_grid,60,25,narma10,0,2,0.1096069665318704,0.6117940503857136,0.7086796447501056,-0.6117940503857136,-0.7086796447501056
N60_K25_finer_grid,60,25,narma10,0,3,0.12829574239059252,0.6255998751996649,0.7104460396193267,-0.6255998751996649,-0.7104460396193267
N60_K25_finer_grid,60,25,narma10,0,4,0.15017108890398193,0.6392815982474233,0.7082175604842806,-0.6392815982474233,-0.7082175604842806
N60_K25_finer_grid,60,25,narma10,0,5,0.17577633927983924,0.6532294850669398,0.7041892732280371,-0.6532294850669398,-0.7041892732280371
N60_K25_finer_grid,60,25,narma10,0,6,0.20574746894441603,0.6753892767734179,0.7089859109731039,-0.6753892767734179,-0.7089859109731039
N60_K25_finer_grid,60,25,narma10,0,7,0.24082889170675045,0.6876437513604857,0.7222526077409964,-0.6876437513604857,-0.7222526077409964
N60_K25_finer_grid,60,25,narma10,0,8,0.28189194928259564,0.7049304486928062,0.7408447915132859,-0.7049304486928062,-0.7408447915132859
N60_K25_finer_grid,60,25,narma10,0,9,0.3299565534151155,0.7199028420294105,0.7599013682956589,-0.7199028420294105,-0.7599013682956589
N60_K25_finer_grid,60,25,narma10,0,10,0.38621651813276453,0.7176577672621506,0.7587578511807217,-0.7176577672621506,-0.7587578511807217
N60_K25_finer_grid,60,25,narma10,0,11,0.45206921133927336,0.7042663118643141,0.7407295996743816,-0.7042663118643141,-0.7407295996743816
N60_K25_finer_grid,60,25,narma10,0,12,0.529150262212918,0.692913571288848,0.7422374022422684,-0.692913571288848,-0.7422374022422684
N60_K25_finer_grid,60,25,narma10,0,13,0.6193741864669097,0.6681700113400991,0.727158615939184,-0.6681700113400991,-0.727158615939184
N60_K25_finer_grid,60,25,narma10,0,14,0.7249819385087718,0.6367684910059093,0.7068359892722936,-0.6367684910059093,-0.7068359892722936
N60_K25_finer_grid,60,25,narma10,0,15,0.848596571584788,0.6312290093602109,0.7253428320503725,-0.6312290093602109,-0.7253428320503725
N60_K25_finer_grid,60,25,narma10,0,16,0.9932883883792685,0.6537372938375965,0.7708758419773435,-0.6537372938375965,-0.7708758419773435
N60_K25_finer_grid,60,25,narma10,0,17,1.1626512002594223,0.675353328318194,0.7869064230511212,-0.675353328318194,-0.7869064230511212
N60_K25_finer_grid,60,25,narma10,0,18,1.3608915892697748,0.6721605559249396,0.7689692304447014,-0.6721605559249396,-0.7689692304447014
N60_K25_finer_grid,60,25,narma10,0,19,1.5929333899384184,0.666795631257968,0.7518741955030726,-0.666795631257968,-0.7518741955030726
N60_K25_finer_grid,60,25,narma10,0,20,1.864539985982451,0.6743233863192327,0.7431003811354442,-0.6743233863192327,-0.7431003811354442
N60_K25_finer_grid,60,25,narma10,0,21,2.1824574594809887,0.6894833834925802,0.7421377920200615,-0.6894833834925802,-0.7421377920200615
N60_K25_finer_grid,60,25,narma10,0,22,2.554582148011408,0.7060231570106383,0.7472300637066626,-0.7060231570106383,-0.7472300637066626
N60_K25_finer_grid,60,25,narma10,0,23,2.9901567714820447,0.7175323566502437,0.7568847794281218,-0.7175323566502437,-0.7568847794281218
N60_K25_finer_grid,60,25,narma10,0,24,3.5,0.7223768539965059,0.7642303905837996,-0.7223768539965059,-0.7642303905837996
N60_K25_finer_grid,60,25,narma10,1,0,0.07999999999999999,0.7609832022822872,0.7715511252923677,-0.7609832022822872,-0.7715511252923677
N60_K25_finer_grid,60,25,narma10,1,1,0.09364057519339374,0.7669231277345755,0.7783325627312124,-0.7669231277345755,-0.7783325627312124
N60_K25_finer_grid,60,25,narma10,1,2,0.1096069665318704,0.7714185699779461,0.7830380447134675,-0.7714185699779461,-0.7830380447134675
N60_K25_finer_grid,60,25,narma10,1,3,0.12829574239059252,0.7747176464861117,0.7893369473977488,-0.7747176464861117,-0.7893369473977488
N60_K25_finer_grid,60,25,narma10,1,4,0.15017108890398193,0.7770743964084125,0.7985768063669018,-0.7770743964084125,-0.7985768063669018
N60_K25_finer_grid,60,25,narma10,1,5,0.17577633927983924,0.7807445555525862,0.8095880426261028,-0.7807445555525862,-0.8095880426261028
N60_K25_finer_grid,60,25,narma10,1,6,0.20574746894441603,0.7895021088632053,0.8213650961010305,-0.7895021088632053,-0.8213650961010305
N60_K25_finer_grid,60,25,narma10,1,7,0.24082889170675045,0.8015427484556729,0.8314758905513708,-0.8015427484556729,-0.8314758905513708
N60_K25_finer_grid,60,25,narma10,1,8,0.28189194928259564,0.8092463635996002,0.8363882507076,-0.8092463635996002,-0.8363882507076
N60_K25_finer_grid,60,25,narma10,1,9,0.3299565534151155,0.8112742646353137,0.8357641034767774,-0.8112742646353137,-0.8357641034767774
N60_K25_finer_grid,60,25,narma10,1,10,0.38621651813276453,0.8134188481510056,0.833558974859386,-0.8134188481510056,-0.833558974859386
N60_K25_finer_grid,60,25,narma10,1,11,0.45206921133927336,0.8202687679595778,0.831613809292237,-0.8202687679595778,-0.831613809292237
N60_K25_finer_grid,60,25,narma10,1,12,0.529150262212918,0.8358348301125337,0.8306253021608626,-0.8358348301125337,-0.8306253021608626
N60_K25_finer_grid,60,25,narma10,1,13,0.6193741864669097,0.841003434645402,0.8218151636993868,-0.841003434645402,-0.8218151636993868
N60_K25_finer_grid,60,25,narma10,1,14,0.7249819385087718,0.7989518948054992,0.7823751511343734,-0.7989518948054992,-0.7823751511343734
N60_K25_finer_grid,60,25,narma10,1,15,0.848596571584788,0.7426769746205585,0.7253186431281468,-0.7426769746205585,-0.7253186431281468
N60_K25_finer_grid,60,25,narma10,1,16,0.9932883883792685,0.695103826349174,0.6926400901741138,-0.695103826349174,-0.6926400901741138
N60_K25_finer_grid,60,25,narma10,1,17,1.1626512002594223,0.6740743424444063,0.6924099048722325,-0.6740743424444063,-0.6924099048722325
N60_K25_finer_grid,60,25,narma10,1,18,1.3608915892697748,0.6674438766339599,0.6991276442290227,-0.6674438766339599,-0.6991276442290227
N60_K25_finer_grid,60,25,narma10,1,19,1.5929333899384184,0.6671604464126669,0.6893207682879572,-0.6671604464126669,-0.6893207682879572
N60_K25_finer_grid,60,25,narma10,1,20,1.864539985982451,0.6720683988604065,0.6811512044902006,-0.6720683988604065,-0.6811512044902006
N60_K25_finer_grid,60,25,narma10,1,21,2.1824574594809887,0.6829612445801889,0.6894032230836193,-0.6829612445801889,-0.6894032230836193
N60_K25_finer_grid,60,25,narma10,1,22,2.554582148011408,0.6961073212428991,0.7002855447721337,-0.6961073212428991,-0.7002855447721337
N60_K25_finer_grid,60,25,narma10,1,23,2.9901567714820447,0.7087436117032168,0.7084250819340971,-0.7087436117032168,-0.7084250819340971
N60_K25_finer_grid,60,25,narma10,1,24,3.5,0.7204845869521256,0.7175662374590048,-0.7204845869521256,-0.7175662374590048
N60_K25_finer_grid,60,25,narma10,2,0,0.07999999999999999,0.7341325131861592,0.6822180761651646,-0.7341325131861592,-0.6822180761651646
N60_K25_finer_grid,60,25,narma10,2,1,0.09364057519339374,0.7307309215294856,0.6681717051892259,-0.7307309215294856,-0.6681717051892259
N60_K25_finer_grid,60,25,narma10,2,2,0.1096069665318704,0.7227343989817933,0.6473373929562194,-0.7227343989817933,-0.6473373929562194
N60_K25_finer_grid,60,25,narma10,2,3,0.12829574239059252,0.7083927467577394,0.6232461084125439,-0.7083927467577394,-0.6232461084125439
N60_K25_finer_grid,60,25,narma10,2,4,0.15017108890398193,0.6933080626817546,0.60669834476515,-0.6933080626817546,-0.60669834476515
N60_K25_finer_grid,60,25,narma10,2,5,0.17577633927983924,0.6841892480130076,0.6016967851338779,-0.6841892480130076,-0.6016967851338779
N60_K25_finer_grid,60,25,narma10,2,6,0.20574746894441603,0.6785041751233216,0.5989787328797535,-0.6785041751233216,-0.5989787328797535
N60_K25_finer_grid,60,25,narma10,2,7,0.24082889170675045,0.6732238377645511,0.5877069521229283,-0.6732238377645511,-0.5877069521229283
N60_K25_finer_grid,60,25,narma10,2,8,0.28189194928259564,0.6707157106689828,0.5732498309898074,-0.6707157106689828,-0.5732498309898074
N60_K25_finer_grid,60,25,narma10,2,9,0.3299565534151155,0.6720233203988211,0.5696231946359074,-0.6720233203988211,-0.5696231946359074
N60_K25_finer_grid,60,25,narma10,2,10,0.38621651813276453,0.6765318196595717,0.583736342787191,-0.6765318196595717,-0.583736342787191
N60_K25_finer_grid,60,25,narma10,2,11,0.45206921133927336,0.6888207404103888,0.6146936837965497,-0.6888207404103888,-0.6146936837965497
N60_K25_finer_grid,60,25,narma10,2,12,0.529150262212918,0.7090500202755606,0.668789335188606,-0.7090500202755606,-0.668789335188606
N60_K25_finer_grid,60,25,narma10,2,13,0.6193741864669097,0.7574175740054072,0.7757001247116065,-0.7574175740054072,-0.7757001247116065
N60_K25_finer_grid,60,25,narma10,2,14,0.7249819385087718,0.7624489941995674,0.7039461424808899,-0.7624489941995674,-0.7039461424808899
N60_K25_finer_grid,60,25,narma10,2,15,0.848596571584788,0.7083932273319987,0.6331240186955185,-0.7083932273319987,-0.6331240186955185
N60_K25_finer_grid,60,25,narma10,2,16,0.9932883883792685,0.6758088011590853,0.6175684221360324,-0.6758088011590853,-0.6175684221360324
N60_K25_finer_grid,60,25,narma10,2,17,1.1626512002594223,0.6432341836780795,0.6016647255460926,-0.6432341836780795,-0.6016647255460926
N60_K25_finer_grid,60,25,narma10,2,18,1.3608915892697748,0.6131024990024361,0.5734571455835085,-0.6131024990024361,-0.5734571455835085
N60_K25_finer_grid,60,25,narma10,2,19,1.5929333899384184,0.5992618153435706,0.5598971257479481,-0.5992618153435706,-0.5598971257479481
N60_K25_finer_grid,60,25,narma10,2,20,1.864539985982451,0.5968117357908986,0.5539766868317072,-0.5968117357908986,-0.5539766868317072
N60_K25_finer_grid,60,25,narma10,2,21,2.1824574594809887,0.596352374527325,0.5481401733315883,-0.596352374527325,-0.5481401733315883
N60_K25_finer_grid,60,25,narma10,2,22,2.554582148011408,0.5961724759957492,0.5456322442996268,-0.5961724759957492,-0.5456322442996268
N60_K25_finer_grid,60,25,narma10,2,23,2.9901567714820447,0.5986837061819741,0.5490120846626689,-0.5986837061819741,-0.5490120846626689
N60_K25_finer_grid,60,25,narma10,2,24,3.5,0.6050636968476157,0.5574885186648533,-0.6050636968476157,-0.5574885186648533
N60_K25_finer_grid,60,25,narma10,3,0,0.07999999999999999,0.7324072444149979,0.750830307742951,-0.7324072444149979,-0.750830307742951
N60_K25_finer_grid,60,25,narma10,3,1,0.09364057519339374,0.7345965680236405,0.7593311987114871,-0.7345965680236405,-0.7593311987114871
N60_K25_finer_grid,60,25,narma10,3,2,0.1096069665318704,0.7357754175931505,0.7695768323210781,-0.7357754175931505,-0.7695768323210781
N60_K25_finer_grid,60,25,narma10,3,3,0.12829574239059252,0.7365783021405911,0.7803927863887495,-0.7365783021405911,-0.7803927863887495
N60_K25_finer_grid,60,25,narma10,3,4,0.15017108890398193,0.7384756716910627,0.789031326455434,-0.7384756716910627,-0.789031326455434
N60_K25_finer_grid,60,25,narma10,3,5,0.17577633927983924,0.7420635172790182,0.7925249175764141,-0.7420635172790182,-0.7925249175764141
N60_K25_finer_grid,60,25,narma10,3,6,0.20574746894441603,0.7439637862201136,0.7901863602575209,-0.7439637862201136,-0.7901863602575209
N60_K25_finer_grid,60,25,narma10,3,7,0.24082889170675045,0.7399212553347881,0.7838327698014221,-0.7399212553347881,-0.7838327698014221
N60_K25_finer_grid,60,25,narma10,3,8,0.28189194928259564,0.7371377325902838,0.7772296780059684,-0.7371377325902838,-0.7772296780059684
N60_K25_finer_grid,60,25,narma10,3,9,0.3299565534151155,0.7453780949478656,0.7711020966052778,-0.7453780949478656,-0.7711020966052778
N60_K25_finer_grid,60,25,narma10,3,10,0.38621651813276453,0.7633590791520138,0.7640908666517011,-0.7633590791520138,-0.7640908666517011
N60_K25_finer_grid,60,25,narma10,3,11,0.45206921133927336,0.7782223271771475,0.7628981518233012,-0.7782223271771475,-0.7628981518233012
N60_K25_finer_grid,60,25,narma10,3,12,0.529150262212918,0.7845710808046783,0.7747057875100908,-0.7845710808046783,-0.7747057875100908
N60_K25_finer_grid,60,25,narma10,3,13,0.6193741864669097,0.7879051485225184,0.7890193095733238,-0.7879051485225184,-0.7890193095733238
N60_K25_finer_grid,60,25,narma10,3,14,0.7249819385087718,0.7857357758129462,0.8062284446667282,-0.7857357758129462,-0.8062284446667282
N60_K25_finer_grid,60,25,narma10,3,15,0.848596571584788,0.7625590470768879,0.8191302737937252,-0.7625590470768879,-0.8191302737937252
N60_K25_finer_grid,60,25,narma10,3,16,0.9932883883792685,0.7194380331943865,0.7986416390341323,-0.7194380331943865,-0.7986416390341323
N60_K25_finer_grid,60,25,narma10,3,17,1.1626512002594223,0.6990248814100748,0.768547149529699,-0.6990248814100748,-0.768547149529699
N60_K25_finer_grid,60,25,narma10,3,18,1.3608915892697748,0.6963033629965257,0.7596515901990237,-0.6963033629965257,-0.7596515901990237
N60_K25_finer_grid,60,25,narma10,3,19,1.5929333899384184,0.7063417040530044,0.7610438023275273,-0.7063417040530044,-0.7610438023275273
N60_K25_finer_grid,60,25,narma10,3,20,1.864539985982451,0.7211523409255943,0.7573108307406855,-0.7211523409255943,-0.7573108307406855
N60_K25_finer_grid,60,25,narma10,3,21,2.1824574594809887,0.7223783776061404,0.7442234192484817,-0.7223783776061404,-0.7442234192484817
N60_K25_finer_grid,60,25,narma10,3,22,2.554582148011408,0.7114590382286228,0.7283420824234726,-0.7114590382286228,-0.7283420824234726
N60_K25_finer_grid,60,25,narma10,3,23,2.9901567714820447,0.7002126731267673,0.7160086764251735,-0.7002126731267673,-0.7160086764251735
N60_K25_finer_grid,60,25,narma10,3,24,3.5,0.6938566945200005,0.7103955551493729,-0.6938566945200005,-0.7103955551493729
N60_K25_finer_grid,60,25,lorenz_x,0,0,0.07999999999999999,0.02761698548984422,0.02340201643596612,-0.02761698548984422,-0.02340201643596612
N60_K25_finer_grid,60,25,lorenz_x,0,1,0.09364057519339374,0.027094769521750283,0.02467262340853506,-0.027094769521750283,-0.02467262340853506
N60_K25_finer_grid,60,25,lorenz_x,0,2,0.1096069665318704,0.02566025652113739,0.023611780075625123,-0.02566025652113739,-0.023611780075625123
N60_K25_finer_grid,60,25,lorenz_x,0,3,0.12829574239059252,0.05258163993416667,0.025286541018793036,-0.05258163993416667,-0.025286541018793036
N60_K25_finer_grid,60,25,lorenz_x,0,4,0.15017108890398193,0.07735976039666786,0.03336761290231225,-0.07735976039666786,-0.03336761290231225
N60_K25_finer_grid,60,25,lorenz_x,0,5,0.17577633927983924,0.08733512317880796,0.039094109417937103,-0.08733512317880796,-0.039094109417937103
N60_K25_finer_grid,60,25,lorenz_x,0,6,0.20574746894441603,0.0764149912321387,0.03604473258583977,-0.0764149912321387,-0.03604473258583977
N60_K25_finer_grid,60,25,lorenz_x,0,7,0.24082889170675045,0.06775970533306545,0.03768866905895999,-0.06775970533306545,-0.03768866905895999
N60_K25_finer_grid,60,25,lorenz_x,0,8,0.28189194928259564,0.053050297896966914,0.03273506943971234,-0.053050297896966914,-0.03273506943971234
N60_K25_finer_grid,60,25,lorenz_x,0,9,0.3299565534151155,0.04235635283796497,0.022518307687121635,-0.04235635283796497,-0.022518307687121635
N60_K25_finer_grid,60,25,lorenz_x,0,10,0.38621651813276453,0.02406405903034608,0.021546372676907417,-0.02406405903034608,-0.021546372676907417
N60_K25_finer_grid,60,25,lorenz_x,0,11,0.45206921133927336,0.013385227639959748,0.018174866885348643,-0.013385227639959748,-0.018174866885348643
N60_K25_finer_grid,60,25,lorenz_x,0,12,0.529150262212918,0.012693985444945837,0.01563046622059489,-0.012693985444945837,-0.01563046622059489
N60_K25_finer_grid,60,25,lorenz_x,0,13,0.6193741864669097,0.013375979485480322,0.01728236497693692,-0.013375979485480322,-0.01728236497693692
N60_K25_finer_grid,60,25,lorenz_x,0,14,0.7249819385087718,0.013291999547739736,0.02044018803318197,-0.013291999547739736,-0.02044018803318197
N60_K25_finer_grid,60,25,lorenz_x,0,15,0.848596571584788,0.016543480972797082,0.022981082144796522,-0.016543480972797082,-0.022981082144796522
N60_K25_finer_grid,60,25,lorenz_x,0,16,0.9932883883792685,0.016379052006112473,0.022768461852833814,-0.016379052006112473,-0.022768461852833814
N60_K25_finer_grid,60,25,lorenz_x,0,17,1.1626512002594223,0.03792362651752704,0.024032895545768547,-0.03792362651752704,-0.024032895545768547
N60_K25_finer_grid,60,25,lorenz_x,0,18,1.3608915892697748,0.02687480893030287,0.023178742494970685,-0.02687480893030287,-0.023178742494970685
N60_K25_finer_grid,60,25,lorenz_x,0,19,1.5929333899384184,0.019051065080237857,0.023026255493476366,-0.019051065080237857,-0.023026255493476366
N60_K25_finer_grid,60,25,lorenz_x,0,20,1.864539985982451,0.019593801679268955,0.021573427545011143,-0.019593801679268955,-0.021573427545011143
N60_K25_finer_grid,60,25,lorenz_x,0,21,2.1824574594809887,0.020788547478471267,0.018213101493543448,-0.020788547478471267,-0.018213101493543448
N60_K25_finer_grid,60,25,lorenz_x,0,22,2.554582148011408,0.02530675104948767,0.026028120942128648,-0.02530675104948767,-0.026028120942128648
N60_K25_finer_grid,60,25,lorenz_x,0,23,2.9901567714820447,0.026673248649682228,0.030672157401894592,-0.026673248649682228,-0.030672157401894592
N60_K25_finer_grid,60,25,lorenz_x,0,24,3.5,0.028718152892564016,0.03632356383902707,-0.028718152892564016,-0.03632356383902707
N60_K25_finer_grid,60,25,lorenz_x,1,0,0.07999999999999999,0.0067795327083825935,0.008032595188134973,-0.0067795327083825935,-0.008032595188134973
N60_K25_finer_grid,60,25,lorenz_x,1,1,0.09364057519339374,0.006552783124680917,0.009383041659796242,-0.006552783124680917,-0.009383041659796242
N60_K25_finer_grid,60,25,lorenz_x,1,2,0.1096069665318704,0.006091930341091629,0.01056140628490669,-0.006091930341091629,-0.01056140628490669
N60_K25_finer_grid,60,25,lorenz_x,1,3,0.12829574239059252,0.005581657662505395,0.010032897203612537,-0.005581657662505395,-0.010032897203612537
N60_K25_finer_grid,60,25,lorenz_x,1,4,0.15017108890398193,0.005650187082287914,0.010533878009688332,-0.005650187082287914,-0.010533878009688332
N60_K25_finer_grid,60,25,lorenz_x,1,5,0.17577633927983924,0.006598373681401596,0.009720093361261764,-0.006598373681401596,-0.009720093361261764
N60_K25_finer_grid,60,25,lorenz_x,1,6,0.20574746894441603,0.007334735242960663,0.009425598447462203,-0.007334735242960663,-0.009425598447462203
N60_K25_finer_grid,60,25,lorenz_x,1,7,0.24082889170675045,0.008890004438858557,0.011247281998745433,-0.008890004438858557,-0.011247281998745433
N60_K25_finer_grid,60,25,lorenz_x,1,8,0.28189194928259564,0.008737984874451741,0.010202152315591007,-0.008737984874451741,-0.010202152315591007
N60_K25_finer_grid,60,25,lorenz_x,1,9,0.3299565534151155,0.00915415318241773,0.013316403385305408,-0.00915415318241773,-0.013316403385305408
N60_K25_finer_grid,60,25,lorenz_x,1,10,0.38621651813276453,0.008951028007406724,0.010835313544434877,-0.008951028007406724,-0.010835313544434877
N60_K25_finer_grid,60,25,lorenz_x,1,11,0.45206921133927336,0.008493290021495922,0.009110743648482137,-0.008493290021495922,-0.009110743648482137
N60_K25_finer_grid,60,25,lorenz_x,1,12,0.529150262212918,0.00890073593570511,0.010661328130919412,-0.00890073593570511,-0.010661328130919412
N60_K25_finer_grid,60,25,lorenz_x,1,13,0.6193741864669097,0.010690436547977947,0.01493244953793813,-0.010690436547977947,-0.01493244953793813
N60_K25_finer_grid,60,25,lorenz_x,1,14,0.7249819385087718,0.009260061263741941,0.01400279244365233,-0.009260061263741941,-0.01400279244365233
N60_K25_finer_grid,60,25,lorenz_x,1,15,0.848596571584788,0.008472003938353997,0.011576446559913387,-0.008472003938353997,-0.011576446559913387
N60_K25_finer_grid,60,25,lorenz_x,1,16,0.9932883883792685,0.007780979378755268,0.01670371897988637,-0.007780979378755268,-0.01670371897988637
N60_K25_finer_grid,60,25,lorenz_x,1,17,1.1626512002594223,0.006911329374495714,0.02310733431241417,-0.006911329374495714,-0.02310733431241417
N60_K25_finer_grid,60,25,lorenz_x,1,18,1.3608915892697748,0.007499023280610678,0.018945535182355526,-0.007499023280610678,-0.018945535182355526
N60_K25_finer_grid,60,25,lorenz_x,1,19,1.5929333899384184,0.009915720007723294,0.014854070783425651,-0.009915720007723294,-0.014854070783425651
N60_K25_finer_grid,60,25,lorenz_x,1,20,1.864539985982451,0.006802412322835062,0.020496924122244603,-0.006802412322835062,-0.020496924122244603
N60_K25_finer_grid,60,25,lorenz_x,1,21,2.1824574594809887,0.007635755367314588,0.015172523552139888,-0.007635755367314588,-0.015172523552139888
N60_K25_finer_grid,60,25,lorenz_x,1,22,2.554582148011408,0.008531154695385058,0.011599536783345552,-0.008531154695385058,-0.011599536783345552
N60_K25_finer_grid,60,25,lorenz_x,1,23,2.9901567714820447,0.007071692539949754,0.010747799835266804,-0.007071692539949754,-0.010747799835266804
N60_K25_finer_grid,60,25,lorenz_x,1,24,3.5,0.00715930865471058,0.011429065556473994,-0.00715930865471058,-0.011429065556473994
N60_K25_finer_grid,60,25,lorenz_x,2,0,0.07999999999999999,0.02335325872170248,0.10459235472241846,-0.02335325872170248,-0.10459235472241846
N60_K25_finer_grid,60,25,lorenz_x,2,1,0.09364057519339374,0.021577514279004065,0.09828229381818882,-0.021577514279004065,-0.09828229381818882
N60_K25_finer_grid,60,25,lorenz_x,2,2,0.1096069665318704,0.019943462073053062,0.08744139978030743,-0.019943462073053062,-0.08744139978030743
N60_K25_finer_grid,60,25,lorenz_x,2,3,0.12829574239059252,0.01897050955448792,0.06978632294482011,-0.01897050955448792,-0.06978632294482011
N60_K25_finer_grid,60,25,lorenz_x,2,4,0.15017108890398193,0.020406910264669936,0.05010425671913199,-0.020406910264669936,-0.05010425671913199
N60_K25_finer_grid,60,25,lorenz_x,2,5,0.17577633927983924,0.02386497139981988,0.04612551592614444,-0.02386497139981988,-0.04612551592614444
N60_K25_finer_grid,60,25,lorenz_x,2,6,0.20574746894441603,0.026518919461816313,0.062147639319832186,-0.026518919461816313,-0.062147639319832186
N60_K25_finer_grid,60,25,lorenz_x,2,7,0.24082889170675045,0.027615910209930462,0.09418882631614012,-0.027615910209930462,-0.09418882631614012
N60_K25_finer_grid,60,25,lorenz_x,2,8,0.28189194928259564,0.03133402583164054,0.12082023965108615,-0.03133402583164054,-0.12082023965108615
N60_K25_finer_grid,60,25,lorenz_x,2,9,0.3299565534151155,0.03351004793009114,0.12048570062524973,-0.03351004793009114,-0.12048570062524973
N60_K25_finer_grid,60,25,lorenz_x,2,10,0.38621651813276453,0.037638837140159066,0.14522589186965534,-0.037638837140159066,-0.14522589186965534
N60_K25_finer_grid,60,25,lorenz_x,2,11,0.45206921133927336,0.036747884397730676,0.15104998902986386,-0.036747884397730676,-0.15104998902986386
N60_K25_finer_grid,60,25,lorenz_x,2,12,0.529150262212918,0.03586280220193366,0.13779247877997106,-0.03586280220193366,-0.13779247877997106
N60_K25_finer_grid,60,25,lorenz_x,2,13,0.6193741864669097,0.0319194933432928,0.09620248191672633,-0.0319194933432928,-0.09620248191672633
N60_K25_finer_grid,60,25,lorenz_x,2,14,0.7249819385087718,0.024480251637866064,0.10296839127120273,-0.024480251637866064,-0.10296839127120273
N60_K25_finer_grid,60,25,lorenz_x,2,15,0.848596571584788,0.024514258621428135,0.08683493340610549,-0.024514258621428135,-0.08683493340610549
N60_K25_finer_grid,60,25,lorenz_x,2,16,0.9932883883792685,0.04069574653025469,0.14048874229382596,-0.04069574653025469,-0.14048874229382596
N60_K25_finer_grid,60,25,lorenz_x,2,17,1.1626512002594223,0.032095980514252845,0.13873505497367836,-0.032095980514252845,-0.13873505497367836
N60_K25_finer_grid,60,25,lorenz_x,2,18,1.3608915892697748,0.020019546485486213,0.08841147156113213,-0.020019546485486213,-0.08841147156113213
N60_K25_finer_grid,60,25,lorenz_x,2,19,1.5929333899384184,0.020881290005499875,0.08466087725645967,-0.020881290005499875,-0.08466087725645967
N60_K25_finer_grid,60,25,lorenz_x,2,20,1.864539985982451,0.035766574236430475,0.14998555794415783,-0.035766574236430475,-0.14998555794415783
N60_K25_finer_grid,60,25,lorenz_x,2,21,2.1824574594809887,0.02871053869989863,0.14939897914743644,-0.02871053869989863,-0.14939897914743644
N60_K25_finer_grid,60,25,lorenz_x,2,22,2.554582148011408,0.02096929734621827,0.1224623951912197,-0.02096929734621827,-0.1224623951912197
N60_K25_finer_grid,60,25,lorenz_x,2,23,2.9901567714820447,0.017433803428292417,0.11352666916848281,-0.017433803428292417,-0.11352666916848281
N60_K25_finer_grid,60,25,lorenz_x,2,24,3.5,0.013308664333747952,0.08819086758917141,-0.013308664333747952,-0.08819086758917141
N60_K25_finer_grid,60,25,lorenz_x,3,0,0.07999999999999999,0.11080395578262225,0.07181249417913296,-0.11080395578262225,-0.07181249417913296
N60_K25_finer_grid,60,25,lorenz_x,3,1,0.09364057519339374,0.11637084198885508,0.07657739524911364,-0.11637084198885508,-0.07657739524911364
N60_K25_finer_grid,60,25,lorenz_x,3,2,0.1096069665318704,0.13010708927999842,0.08509210849279171,-0.13010708927999842,-0.08509210849279171
N60_K25_finer_grid,60,25,lorenz_x,3,3,0.12829574239059252,0.13990378599931325,0.08987680336899355,-0.13990378599931325,-0.08987680336899355
N60_K25_finer_grid,60,25,lorenz_x,3,4,0.15017108890398193,0.12890651362454658,0.08088265116421306,-0.12890651362454658,-0.08088265116421306
N60_K25_finer_grid,60,25,lorenz_x,3,5,0.17577633927983924,0.10636214817930259,0.06477808000997728,-0.10636214817930259,-0.06477808000997728
N60_K25_finer_grid,60,25,lorenz_x,3,6,0.20574746894441603,0.05208582173706933,0.029845266827405736,-0.05208582173706933,-0.029845266827405736
N60_K25_finer_grid,60,25,lorenz_x,3,7,0.24082889170675045,0.04814247834073998,0.028229837968680803,-0.04814247834073998,-0.028229837968680803
N60_K25_finer_grid,60,25,lorenz_x,3,8,0.28189194928259564,0.021461091605850552,0.016394267171499558,-0.021461091605850552,-0.016394267171499558
N60_K25_finer_grid,60,25,lorenz_x,3,9,0.3299565534151155,0.020261021559275946,0.015353609557860439,-0.020261021559275946,-0.015353609557860439
N60_K25_finer_grid,60,25,lorenz_x,3,10,0.38621651813276453,0.02402304444859145,0.018128057323863203,-0.02402304444859145,-0.018128057323863203
N60_K25_finer_grid,60,25,lorenz_x,3,11,0.45206921133927336,0.027875428208827817,0.022257126881080773,-0.027875428208827817,-0.022257126881080773
N60_K25_finer_grid,60,25,lorenz_x,3,12,0.529150262212918,0.05053025048152662,0.044839495010082824,-0.05053025048152662,-0.044839495010082824
N60_K25_finer_grid,60,25,lorenz_x,3,13,0.6193741864669097,0.07909671023104624,0.07057315099106923,-0.07909671023104624,-0.07057315099106923
N60_K25_finer_grid,60,25,lorenz_x,3,14,0.7249819385087718,0.08287400272806686,0.077266175223621,-0.08287400272806686,-0.077266175223621
N60_K25_finer_grid,60,25,lorenz_x,3,15,0.848596571584788,0.07333696752900201,0.06117302322969904,-0.07333696752900201,-0.06117302322969904
N60_K25_finer_grid,60,25,lorenz_x,3,16,0.9932883883792685,0.06968059575461749,0.047614857561964284,-0.06968059575461749,-0.047614857561964284
N60_K25_finer_grid,60,25,lorenz_x,3,17,1.1626512002594223,0.0530982648043285,0.0404301516234747,-0.0530982648043285,-0.0404301516234747
N60_K25_finer_grid,60,25,lorenz_x,3,18,1.3608915892697748,0.054798585440977016,0.04610527059013359,-0.054798585440977016,-0.04610527059013359
N60_K25_finer_grid,60,25,lorenz_x,3,19,1.5929333899384184,0.0449642877977342,0.035381427920038594,-0.0449642877977342,-0.035381427920038594
N60_K25_finer_grid,60,25,lorenz_x,3,20,1.864539985982451,0.05510366303569789,0.041849480938714,-0.05510366303569789,-0.041849480938714
N60_K25_finer_grid,60,25,lorenz_x,3,21,2.1824574594809887,0.05354390186921727,0.040562433876511005,-0.05354390186921727,-0.040562433876511005
N60_K25_finer_grid,60,25,lorenz_x,3,22,2.554582148011408,0.05122918776638555,0.04182603257706869,-0.05122918776638555,-0.04182603257706869
N60_K25_finer_grid,60,25,lorenz_x,3,23,2.9901567714820447,0.05706185301876406,0.048381074116092125,-0.05706185301876406,-0.048381074116092125
N60_K25_finer_grid,60,25,lorenz_x,3,24,3.5,0.044797692033719964,0.03751652851893806,-0.044797692033719964,-0.03751652851893806
N150_K13_larger_reservoir,150,13,controlled_d20_white_plus_distractor,0,0,0.07999999999999999,1.0613649220377974,1.015433194617113,-1.0613649220377974,-1.015433194617113
N150_K13_larger_reservoir,150,13,controlled_d20_white_plus_distractor,0,1,0.1096069665318704,1.065606891815539,1.006499783946936,-1.065606891815539,-1.006499783946936
N150_K13_larger_reservoir,150,13,controlled_d20_white_plus_distractor,0,2,0.15017108890398193,1.0620606601131302,0.9895110615782104,-1.0620606601131302,-0.9895110615782104
N150_K13_larger_reservoir,150,13,controlled_d20_white_plus_distractor,0,3,0.20574746894441603,1.0491956272026768,0.969737266852959,-1.0491956272026768,-0.969737266852959
N150_K13_larger_reservoir,150,13,controlled_d20_white_plus_distractor,0,4,0.28189194928259564,1.0451191288635109,0.9702104516272616,-1.0451191288635109,-0.9702104516272616
N150_K13_larger_reservoir,150,13,controlled_d20_white_plus_distractor,0,5,0.38621651813276453,1.0480989277723158,1.0184314362012408,-1.0480989277723158,-1.0184314362012408
N150_K13_larger_reservoir,150,13,controlled_d20_white_plus_distractor,0,6,0.529150262212918,1.0702998239325525,1.0412361203383595,-1.0702998239325525,-1.0412361203383595
N150_K13_larger_reservoir,150,13,controlled_d20_white_plus_distractor,0,7,0.7249819385087718,1.0824034368594433,1.0740708209505696,-1.0824034368594433,-1.0740708209505696
N150_K13_larger_reservoir,150,13,controlled_d20_white_plus_distractor,0,8,0.9932883883792685,1.0691053891605335,1.0461307804814755,-1.0691053891605335,-1.0461307804814755
N150_K13_larger_reservoir,150,13,controlled_d20_white_plus_distractor,0,9,1.3608915892697748,1.0744917411214274,1.022380143614497,-1.0744917411214274,-1.022380143614497
N150_K13_larger_reservoir,150,13,controlled_d20_white_plus_distractor,0,10,1.864539985982451,1.089462735078528,1.0250359580124626,-1.089462735078528,-1.0250359580124626
N150_K13_larger_reservoir,150,13,controlled_d20_white_plus_distractor,0,11,2.554582148011408,1.0810281272218083,1.0070340839415222,-1.0810281272218083,-1.0070340839415222
N150_K13_larger_reservoir,150,13,controlled_d20_white_plus_distractor,0,12,3.5,1.062636320781373,1.005272323382076,-1.062636320781373,-1.005272323382076
N150_K13_larger_reservoir,150,13,controlled_d20_white_plus_distractor,1,0,0.07999999999999999,1.0253749366854839,0.9690062249721616,-1.0253749366854839,-0.9690062249721616
N150_K13_larger_reservoir,150,13,controlled_d20_white_plus_distractor,1,1,0.1096069665318704,1.0278980892154206,0.9818735635979751,-1.0278980892154206,-0.9818735635979751
N150_K13_larger_reservoir,150,13,controlled_d20_white_plus_distractor,1,2,0.15017108890398193,1.0268270386584635,0.978746007895932,-1.0268270386584635,-0.978746007895932
N150_K13_larger_reservoir,150,13,controlled_d20_white_plus_distractor,1,3,0.20574746894441603,1.0329474612238998,0.9833299148245642,-1.0329474612238998,-0.9833299148245642
N150_K13_larger_reservoir,150,13,controlled_d20_white_plus_distractor,1,4,0.28189194928259564,1.0559490436318937,1.0157751823484802,-1.0559490436318937,-1.0157751823484802
N150_K13_larger_reservoir,150,13,controlled_d20_white_plus_distractor,1,5,0.38621651813276453,1.044990350389087,1.0235039986745795,-1.044990350389087,-1.0235039986745795
N150_K13_larger_reservoir,150,13,controlled_d20_white_plus_distractor,1,6,0.529150262212918,1.0362351355305504,0.9976097324931911,-1.0362351355305504,-0.9976097324931911
N150_K13_larger_reservoir,150,13,controlled_d20_white_plus_distractor,1,7,0.7249819385087718,1.04785358357025,0.9640750385546988,-1.04785358357025,-0.9640750385546988
N150_K13_larger_reservoir,150,13,controlled_d20_white_plus_distractor,1,8,0.9932883883792685,1.0381792742868854,0.9994347075416468,-1.0381792742868854,-0.9994347075416468
N150_K13_larger_reservoir,150,13,controlled_d20_white_plus_distractor,1,9,1.3608915892697748,1.020739471074883,0.9642360625163184,-1.020739471074883,-0.9642360625163184
N150_K13_larger_reservoir,150,13,controlled_d20_white_plus_distractor,1,10,1.864539985982451,1.0266817739450012,0.9726788905256606,-1.0266817739450012,-0.9726788905256606
N150_K13_larger_reservoir,150,13,controlled_d20_white_plus_distractor,1,11,2.554582148011408,1.0345980961237111,0.9789803791915117,-1.0345980961237111,-0.9789803791915117
N150_K13_larger_reservoir,150,13,controlled_d20_white_plus_distractor,1,12,3.5,1.0326134805840659,0.984418987263787,-1.0326134805840659,-0.984418987263787
N150_K13_larger_reservoir,150,13,controlled_d20_white_plus_distractor,2,0,0.07999999999999999,1.0127388213247464,0.9579960463497517,-1.0127388213247464,-0.9579960463497517
N150_K13_larger_reservoir,150,13,controlled_d20_white_plus_distractor,2,1,0.1096069665318704,1.007614909435623,0.9665765004386958,-1.007614909435623,-0.9665765004386958
N150_K13_larger_reservoir,150,13,controlled_d20_white_plus_distractor,2,2,0.15017108890398193,0.9993053040688167,0.980821777829108,-0.9993053040688167,-0.980821777829108
N150_K13_larger_reservoir,150,13,controlled_d20_white_plus_distractor,2,3,0.20574746894441603,0.9887427648788538,0.9877458470427506,-0.9887427648788538,-0.9877458470427506
N150_K13_larger_reservoir,150,13,controlled_d20_white_plus_distractor,2,4,0.28189194928259564,0.9740127636465045,0.9734392639944658,-0.9740127636465045,-0.9734392639944658
N150_K13_larger_reservoir,150,13,controlled_d20_white_plus_distractor,2,5,0.38621651813276453,0.9699913467074577,0.9832219373539373,-0.9699913467074577,-0.9832219373539373
N150_K13_larger_reservoir,150,13,controlled_d20_white_plus_distractor,2,6,0.529150262212918,0.9701767299336187,1.0007949737075081,-0.9701767299336187,-1.0007949737075081
N150_K13_larger_reservoir,150,13,controlled_d20_white_plus_distractor,2,7,0.7249819385087718,0.9793584089505817,0.9776835177847252,-0.9793584089505817,-0.9776835177847252
N150_K13_larger_reservoir,150,13,controlled_d20_white_plus_distractor,2,8,0.9932883883792685,0.9943145063907077,0.9800592477726591,-0.9943145063907077,-0.9800592477726591
N150_K13_larger_reservoir,150,13,controlled_d20_white_plus_distractor,2,9,1.3608915892697748,1.0108455229125672,0.9674326713950696,-1.0108455229125672,-0.9674326713950696
N150_K13_larger_reservoir,150,13,controlled_d20_white_plus_distractor,2,10,1.864539985982451,0.9871384995140697,0.9835884435800871,-0.9871384995140697,-0.9835884435800871
N150_K13_larger_reservoir,150,13,controlled_d20_white_plus_distractor,2,11,2.554582148011408,0.987523612153839,1.0029076247098296,-0.987523612153839,-1.0029076247098296
N150_K13_larger_reservoir,150,13,controlled_d20_white_plus_distractor,2,12,3.5,0.9972036183676051,1.0063622004380535,-0.9972036183676051,-1.0063622004380535
N150_K13_larger_reservoir,150,13,controlled_d20_white_plus_distractor,3,0,0.07999999999999999,1.0386850740975182,0.8614263764810927,-1.0386850740975182,-0.8614263764810927
N150_K13_larger_reservoir,150,13,controlled_d20_white_plus_distractor,3,1,0.1096069665318704,1.0434223898598975,0.8607051394250755,-1.0434223898598975,-0.8607051394250755
N150_K13_larger_reservoir,150,13,controlled_d20_white_plus_distractor,3,2,0.15017108890398193,1.0440446406765478,0.8704846458254367,-1.0440446406765478,-0.8704846458254367
N150_K13_larger_reservoir,150,13,controlled_d20_white_plus_distractor,3,3,0.20574746894441603,1.0527038200829069,0.9235079656147603,-1.0527038200829069,-0.9235079656147603
N150_K13_larger_reservoir,150,13,controlled_d20_white_plus_distractor,3,4,0.28189194928259564,1.062152134394111,0.9590698710941805,-1.062152134394111,-0.9590698710941805
N150_K13_larger_reservoir,150,13,controlled_d20_white_plus_distractor,3,5,0.38621651813276453,1.055139153873303,0.9438877108977299,-1.055139153873303,-0.9438877108977299
N150_K13_larger_reservoir,150,13,controlled_d20_white_plus_distractor,3,6,0.529150262212918,1.0277015655166701,0.9298032345936467,-1.0277015655166701,-0.9298032345936467
N150_K13_larger_reservoir,150,13,controlled_d20_white_plus_distractor,3,7,0.7249819385087718,1.026478724477869,0.9540842381723763,-1.026478724477869,-0.9540842381723763
N150_K13_larger_reservoir,150,13,controlled_d20_white_plus_distractor,3,8,0.9932883883792685,1.0949475815508074,0.9880509378923754,-1.0949475815508074,-0.9880509378923754
N150_K13_larger_reservoir,150,13,controlled_d20_white_plus_distractor,3,9,1.3608915892697748,1.0999228628750666,1.0072164842575975,-1.0999228628750666,-1.0072164842575975
N150_K13_larger_reservoir,150,13,controlled_d20_white_plus_distractor,3,10,1.864539985982451,1.0754234304178083,1.000124101375345,-1.0754234304178083,-1.000124101375345
N150_K13_larger_reservoir,150,13,controlled_d20_white_plus_distractor,3,11,2.554582148011408,1.0524429522194563,0.9691735867463653,-1.0524429522194563,-0.9691735867463653
N150_K13_larger_reservoir,150,13,controlled_d20_white_plus_distractor,3,12,3.5,1.0574255062459248,0.95861886570735,-1.0574255062459248,-0.95861886570735
N150_K13_larger_reservoir,150,13,memory_d10,0,0,0.07999999999999999,0.6116412993671059,0.5812871445204543,-0.6116412993671059,-0.5812871445204543
N150_K13_larger_reservoir,150,13,memory_d10,0,1,0.1096069665318704,0.6194712399278005,0.5977850299802943,-0.6194712399278005,-0.5977850299802943
N150_K13_larger_reservoir,150,13,memory_d10,0,2,0.15017108890398193,0.6299087445878341,0.6170603105499884,-0.6299087445878341,-0.6170603105499884
N150_K13_larger_reservoir,150,13,memory_d10,0,3,0.20574746894441603,0.6363782109336205,0.6178455501058436,-0.6363782109336205,-0.6178455501058436
N150_K13_larger_reservoir,150,13,memory_d10,0,4,0.28189194928259564,0.6670868117375242,0.6229531747282024,-0.6670868117375242,-0.6229531747282024
N150_K13_larger_reservoir,150,13,memory_d10,0,5,0.38621651813276453,0.6656659777405135,0.6229443826720483,-0.6656659777405135,-0.6229443826720483
N150_K13_larger_reservoir,150,13,memory_d10,0,6,0.529150262212918,0.6244004644724231,0.5804614979582831,-0.6244004644724231,-0.5804614979582831
N150_K13_larger_reservoir,150,13,memory_d10,0,7,0.7249819385087718,0.630147984717175,0.6051030468155261,-0.630147984717175,-0.6051030468155261
N150_K13_larger_reservoir,150,13,memory_d10,0,8,0.9932883883792685,0.6566757743551035,0.6468985438660855,-0.6566757743551035,-0.6468985438660855
N150_K13_larger_reservoir,150,13,memory_d10,0,9,1.3608915892697748,0.6594423341191019,0.6132198459469516,-0.6594423341191019,-0.6132198459469516
N150_K13_larger_reservoir,150,13,memory_d10,0,10,1.864539985982451,0.6636863044722391,0.6235538532573587,-0.6636863044722391,-0.6235538532573587
N150_K13_larger_reservoir,150,13,memory_d10,0,11,2.554582148011408,0.6248391811801488,0.6042615016276093,-0.6248391811801488,-0.6042615016276093
N150_K13_larger_reservoir,150,13,memory_d10,0,12,3.5,0.6285016315447579,0.5940346338091205,-0.6285016315447579,-0.5940346338091205
N150_K13_larger_reservoir,150,13,memory_d10,1,0,0.07999999999999999,0.6385142252463722,0.6484706030372392,-0.6385142252463722,-0.6484706030372392
N150_K13_larger_reservoir,150,13,memory_d10,1,1,0.1096069665318704,0.6284752248040738,0.6543676986408415,-0.6284752248040738,-0.6543676986408415
N150_K13_larger_reservoir,150,13,memory_d10,1,2,0.15017108890398193,0.627489032162781,0.6776810079302387,-0.627489032162781,-0.6776810079302387
N150_K13_larger_reservoir,150,13,memory_d10,1,3,0.20574746894441603,0.618032383884875,0.6663003073240834,-0.618032383884875,-0.6663003073240834
N150_K13_larger_reservoir,150,13,memory_d10,1,4,0.28189194928259564,0.6083204413858516,0.6357652395424706,-0.6083204413858516,-0.6357652395424706
N150_K13_larger_reservoir,150,13,memory_d10,1,5,0.38621651813276453,0.6583270341237217,0.6899166338427511,-0.6583270341237217,-0.6899166338427511
N150_K13_larger_reservoir,150,13,memory_d10,1,6,0.529150262212918,0.6902923383185353,0.7127378325016547,-0.6902923383185353,-0.7127378325016547
N150_K13_larger_reservoir,150,13,memory_d10,1,7,0.7249819385087718,0.6935568230018431,0.7188370313182271,-0.6935568230018431,-0.7188370313182271
N150_K13_larger_reservoir,150,13,memory_d10,1,8,0.9932883883792685,0.6249706566868845,0.6380173485034619,-0.6249706566868845,-0.6380173485034619
N150_K13_larger_reservoir,150,13,memory_d10,1,9,1.3608915892697748,0.6030140547308929,0.647796113892033,-0.6030140547308929,-0.647796113892033
N150_K13_larger_reservoir,150,13,memory_d10,1,10,1.864539985982451,0.6373371673405812,0.6483384493632247,-0.6373371673405812,-0.6483384493632247
N150_K13_larger_reservoir,150,13,memory_d10,1,11,2.554582148011408,0.621106110374862,0.6144311801781634,-0.621106110374862,-0.6144311801781634
N150_K13_larger_reservoir,150,13,memory_d10,1,12,3.5,0.6176758285345747,0.6115013777398747,-0.6176758285345747,-0.6115013777398747
N150_K13_larger_reservoir,150,13,memory_d10,2,0,0.07999999999999999,0.6981050333587391,0.704259687769362,-0.6981050333587391,-0.704259687769362
N150_K13_larger_reservoir,150,13,memory_d10,2,1,0.1096069665318704,0.7218609299195744,0.7251836470114036,-0.7218609299195744,-0.7251836470114036
N150_K13_larger_reservoir,150,13,memory_d10,2,2,0.15017108890398193,0.7695096293210753,0.7482152048936913,-0.7695096293210753,-0.7482152048936913
N150_K13_larger_reservoir,150,13,memory_d10,2,3,0.20574746894441603,0.7683410181357615,0.7368425161985744,-0.7683410181357615,-0.7368425161985744
N150_K13_larger_reservoir,150,13,memory_d10,2,4,0.28189194928259564,0.7646729212194622,0.7513062369057094,-0.7646729212194622,-0.7513062369057094
N150_K13_larger_reservoir,150,13,memory_d10,2,5,0.38621651813276453,0.7386311308079471,0.7252537783018775,-0.7386311308079471,-0.7252537783018775
N150_K13_larger_reservoir,150,13,memory_d10,2,6,0.529150262212918,0.6744744901011639,0.7040651774157938,-0.6744744901011639,-0.7040651774157938
N150_K13_larger_reservoir,150,13,memory_d10,2,7,0.7249819385087718,0.6192999138922934,0.6452786076175311,-0.6192999138922934,-0.6452786076175311
N150_K13_larger_reservoir,150,13,memory_d10,2,8,0.9932883883792685,0.6355661015342345,0.648481742975013,-0.6355661015342345,-0.648481742975013
N150_K13_larger_reservoir,150,13,memory_d10,2,9,1.3608915892697748,0.6195371204621438,0.6852541198148475,-0.6195371204621438,-0.6852541198148475
N150_K13_larger_reservoir,150,13,memory_d10,2,10,1.864539985982451,0.6139993912553627,0.669750028331157,-0.6139993912553627,-0.669750028331157
N150_K13_larger_reservoir,150,13,memory_d10,2,11,2.554582148011408,0.6252479217282737,0.643442782583622,-0.6252479217282737,-0.643442782583622
N150_K13_larger_reservoir,150,13,memory_d10,2,12,3.5,0.6205126571528513,0.6156471485486547,-0.6205126571528513,-0.6156471485486547
N150_K13_larger_reservoir,150,13,memory_d10,3,0,0.07999999999999999,0.5020758956502903,0.5437695135438574,-0.5020758956502903,-0.5437695135438574
N150_K13_larger_reservoir,150,13,memory_d10,3,1,0.1096069665318704,0.5168449429948737,0.5455781299202063,-0.5168449429948737,-0.5455781299202063
N150_K13_larger_reservoir,150,13,memory_d10,3,2,0.15017108890398193,0.5419866228751586,0.5457323389088754,-0.5419866228751586,-0.5457323389088754
N150_K13_larger_reservoir,150,13,memory_d10,3,3,0.20574746894441603,0.5752697889106545,0.562724645109285,-0.5752697889106545,-0.562724645109285
N150_K13_larger_reservoir,150,13,memory_d10,3,4,0.28189194928259564,0.5837122478369593,0.5859439503603172,-0.5837122478369593,-0.5859439503603172
N150_K13_larger_reservoir,150,13,memory_d10,3,5,0.38621651813276453,0.5682404769520049,0.5651741067484463,-0.5682404769520049,-0.5651741067484463
N150_K13_larger_reservoir,150,13,memory_d10,3,6,0.529150262212918,0.5921187021544361,0.587870029314861,-0.5921187021544361,-0.587870029314861
N150_K13_larger_reservoir,150,13,memory_d10,3,7,0.7249819385087718,0.5485810212507088,0.5418330825486692,-0.5485810212507088,-0.5418330825486692
N150_K13_larger_reservoir,150,13,memory_d10,3,8,0.9932883883792685,0.5547681595951425,0.5540321750442265,-0.5547681595951425,-0.5540321750442265
N150_K13_larger_reservoir,150,13,memory_d10,3,9,1.3608915892697748,0.5785890090212812,0.5438380986322807,-0.5785890090212812,-0.5438380986322807
N150_K13_larger_reservoir,150,13,memory_d10,3,10,1.864539985982451,0.5982988828514679,0.5632190927738031,-0.5982988828514679,-0.5632190927738031
N150_K13_larger_reservoir,150,13,memory_d10,3,11,2.554582148011408,0.6072376469294318,0.5696659024203963,-0.6072376469294318,-0.5696659024203963
N150_K13_larger_reservoir,150,13,memory_d10,3,12,3.5,0.610226745471894,0.5838702495244601,-0.610226745471894,-0.5838702495244601
N150_K13_larger_reservoir,150,13,narma10,0,0,0.07999999999999999,0.6105963222246357,0.661728197846563,-0.6105963222246357,-0.661728197846563
N150_K13_larger_reservoir,150,13,narma10,0,1,0.1096069665318704,0.6072920462309924,0.6709088506560746,-0.6072920462309924,-0.6709088506560746
N150_K13_larger_reservoir,150,13,narma10,0,2,0.15017108890398193,0.5888734058182407,0.6605595991075203,-0.5888734058182407,-0.6605595991075203
N150_K13_larger_reservoir,150,13,narma10,0,3,0.20574746894441603,0.5585795123919034,0.6523266062062422,-0.5585795123919034,-0.6523266062062422
N150_K13_larger_reservoir,150,13,narma10,0,4,0.28189194928259564,0.5621252616313347,0.6691663208413906,-0.5621252616313347,-0.6691663208413906
N150_K13_larger_reservoir,150,13,narma10,0,5,0.38621651813276453,0.6085460650968946,0.6984309106570487,-0.6085460650968946,-0.6984309106570487
N150_K13_larger_reservoir,150,13,narma10,0,6,0.529150262212918,0.6651758112872806,0.7140184559992364,-0.6651758112872806,-0.7140184559992364
N150_K13_larger_reservoir,150,13,narma10,0,7,0.7249819385087718,0.6330988616234625,0.707095553092993,-0.6330988616234625,-0.707095553092993
N150_K13_larger_reservoir,150,13,narma10,0,8,0.9932883883792685,0.6804331423925787,0.739790491903241,-0.6804331423925787,-0.739790491903241
N150_K13_larger_reservoir,150,13,narma10,0,9,1.3608915892697748,0.6730272966264191,0.6867116044184464,-0.6730272966264191,-0.6867116044184464
N150_K13_larger_reservoir,150,13,narma10,0,10,1.864539985982451,0.6243926325663977,0.6712010512785024,-0.6243926325663977,-0.6712010512785024
N150_K13_larger_reservoir,150,13,narma10,0,11,2.554582148011408,0.6291622375964235,0.6841535864549243,-0.6291622375964235,-0.6841535864549243
N150_K13_larger_reservoir,150,13,narma10,0,12,3.5,0.6148909519607426,0.6864947189543221,-0.6148909519607426,-0.6864947189543221
N150_K13_larger_reservoir,150,13,narma10,1,0,0.07999999999999999,0.6631936470325451,0.6685199667536592,-0.6631936470325451,-0.6685199667536592
N150_K13_larger_reservoir,150,13,narma10,1,1,0.1096069665318704,0.6716206635925149,0.6629047226434815,-0.6716206635925149,-0.6629047226434815
N150_K13_larger_reservoir,150,13,narma10,1,2,0.15017108890398193,0.6803340193291405,0.6540330129715135,-0.6803340193291405,-0.6540330129715135
N150_K13_larger_reservoir,150,13,narma10,1,3,0.20574746894441603,0.6820234993411918,0.6492548057524955,-0.6820234993411918,-0.6492548057524955
N150_K13_larger_reservoir,150,13,narma10,1,4,0.28189194928259564,0.6912054235882845,0.6722319251248778,-0.6912054235882845,-0.6722319251248778
N150_K13_larger_reservoir,150,13,narma10,1,5,0.38621651813276453,0.7276526207416146,0.7112362359192526,-0.7276526207416146,-0.7112362359192526
N150_K13_larger_reservoir,150,13,narma10,1,6,0.529150262212918,0.7141996914663139,0.7113551055009343,-0.7141996914663139,-0.7113551055009343
N150_K13_larger_reservoir,150,13,narma10,1,7,0.7249819385087718,0.6701584236452972,0.7203501589026076,-0.6701584236452972,-0.7203501589026076
N150_K13_larger_reservoir,150,13,narma10,1,8,0.9932883883792685,0.6509546563563021,0.711943753314906,-0.6509546563563021,-0.711943753314906
N150_K13_larger_reservoir,150,13,narma10,1,9,1.3608915892697748,0.6162725119644793,0.6577978281964254,-0.6162725119644793,-0.6577978281964254
N150_K13_larger_reservoir,150,13,narma10,1,10,1.864539985982451,0.6518424158429503,0.6917380933832878,-0.6518424158429503,-0.6917380933832878
N150_K13_larger_reservoir,150,13,narma10,1,11,2.554582148011408,0.6848956117851794,0.7242871659079919,-0.6848956117851794,-0.7242871659079919
N150_K13_larger_reservoir,150,13,narma10,1,12,3.5,0.7030063105728845,0.7248959225805967,-0.7030063105728845,-0.7248959225805967
N150_K13_larger_reservoir,150,13,narma10,2,0,0.07999999999999999,0.6171627800054811,0.5877715543773293,-0.6171627800054811,-0.5877715543773293
N150_K13_larger_reservoir,150,13,narma10,2,1,0.1096069665318704,0.5884108685864514,0.5588268710297616,-0.5884108685864514,-0.5588268710297616
N150_K13_larger_reservoir,150,13,narma10,2,2,0.15017108890398193,0.5787848815016701,0.5607550404499727,-0.5787848815016701,-0.5607550404499727
N150_K13_larger_reservoir,150,13,narma10,2,3,0.20574746894441603,0.5966637761771395,0.5714212711427825,-0.5966637761771395,-0.5714212711427825
N150_K13_larger_reservoir,150,13,narma10,2,4,0.28189194928259564,0.6143565689140688,0.5707036166730524,-0.6143565689140688,-0.5707036166730524
N150_K13_larger_reservoir,150,13,narma10,2,5,0.38621651813276453,0.6753468344867207,0.6011625091926809,-0.6753468344867207,-0.6011625091926809
N150_K13_larger_reservoir,150,13,narma10,2,6,0.529150262212918,0.7012772154558385,0.6912137941187771,-0.7012772154558385,-0.6912137941187771
N150_K13_larger_reservoir,150,13,narma10,2,7,0.7249819385087718,0.7102063602875407,0.6422324484114867,-0.7102063602875407,-0.6422324484114867
N150_K13_larger_reservoir,150,13,narma10,2,8,0.9932883883792685,0.6525358440375755,0.635584196175425,-0.6525358440375755,-0.635584196175425
N150_K13_larger_reservoir,150,13,narma10,2,9,1.3608915892697748,0.6896738442800323,0.6886526854392211,-0.6896738442800323,-0.6886526854392211
N150_K13_larger_reservoir,150,13,narma10,2,10,1.864539985982451,0.7121287411556722,0.6854569167219202,-0.7121287411556722,-0.6854569167219202
N150_K13_larger_reservoir,150,13,narma10,2,11,2.554582148011408,0.6931962686752455,0.6729586645858325,-0.6931962686752455,-0.6729586645858325
N150_K13_larger_reservoir,150,13,narma10,2,12,3.5,0.6810405736502136,0.6585991145197325,-0.6810405736502136,-0.6585991145197325
N150_K13_larger_reservoir,150,13,narma10,3,0,0.07999999999999999,0.651144229480888,0.652719975317044,-0.651144229480888,-0.652719975317044
N150_K13_larger_reservoir,150,13,narma10,3,1,0.1096069665318704,0.6402962060455907,0.6496218696941601,-0.6402962060455907,-0.6496218696941601
N150_K13_larger_reservoir,150,13,narma10,3,2,0.15017108890398193,0.6394155223061165,0.6434653463251964,-0.6394155223061165,-0.6434653463251964
N150_K13_larger_reservoir,150,13,narma10,3,3,0.20574746894441603,0.634988659913702,0.6609531014254583,-0.634988659913702,-0.6609531014254583
N150_K13_larger_reservoir,150,13,narma10,3,4,0.28189194928259564,0.6529978220795768,0.6868509908249989,-0.6529978220795768,-0.6868509908249989
N150_K13_larger_reservoir,150,13,narma10,3,5,0.38621651813276453,0.6950427492087905,0.7005997161268928,-0.6950427492087905,-0.7005997161268928
N150_K13_larger_reservoir,150,13,narma10,3,6,0.529150262212918,0.6553858852097384,0.6954398262999666,-0.6553858852097384,-0.6954398262999666
N150_K13_larger_reservoir,150,13,narma10,3,7,0.7249819385087718,0.6295353048925132,0.6601590043162932,-0.6295353048925132,-0.6601590043162932
N150_K13_larger_reservoir,150,13,narma10,3,8,0.9932883883792685,0.6729586358654208,0.6958766332844676,-0.6729586358654208,-0.6958766332844676
N150_K13_larger_reservoir,150,13,narma10,3,9,1.3608915892697748,0.6216171526151444,0.6676366091936637,-0.6216171526151444,-0.6676366091936637
N150_K13_larger_reservoir,150,13,narma10,3,10,1.864539985982451,0.6001039670670457,0.6341149842458047,-0.6001039670670457,-0.6341149842458047
N150_K13_larger_reservoir,150,13,narma10,3,11,2.554582148011408,0.601084989646753,0.6440151576351227,-0.601084989646753,-0.6440151576351227
N150_K13_larger_reservoir,150,13,narma10,3,12,3.5,0.5928838661550155,0.6363476920839386,-0.5928838661550155,-0.6363476920839386
N150_K13_larger_reservoir,150,13,lorenz_x,0,0,0.07999999999999999,0.011870805378016486,0.015166330016082436,-0.011870805378016486,-0.015166330016082436
N150_K13_larger_reservoir,150,13,lorenz_x,0,1,0.1096069665318704,0.011495655414816177,0.015310533070460649,-0.011495655414816177,-0.015310533070460649
N150_K13_larger_reservoir,150,13,lorenz_x,0,2,0.15017108890398193,0.012970340939777985,0.014653988210670718,-0.012970340939777985,-0.014653988210670718
N150_K13_larger_reservoir,150,13,lorenz_x,0,3,0.20574746894441603,0.013379515499447658,0.016329876053274617,-0.013379515499447658,-0.016329876053274617
N150_K13_larger_reservoir,150,13,lorenz_x,0,4,0.28189194928259564,0.013525718771554408,0.01750581270928123,-0.013525718771554408,-0.01750581270928123
N150_K13_larger_reservoir,150,13,lorenz_x,0,5,0.38621651813276453,0.026824683584506168,0.03463644704916661,-0.026824683584506168,-0.03463644704916661
N150_K13_larger_reservoir,150,13,lorenz_x,0,6,0.529150262212918,0.02006330229624434,0.025314666498005355,-0.02006330229624434,-0.025314666498005355
N150_K13_larger_reservoir,150,13,lorenz_x,0,7,0.7249819385087718,0.021967610775951576,0.029422787088099665,-0.021967610775951576,-0.029422787088099665
N150_K13_larger_reservoir,150,13,lorenz_x,0,8,0.9932883883792685,0.01954050732526444,0.03098308059078504,-0.01954050732526444,-0.03098308059078504
N150_K13_larger_reservoir,150,13,lorenz_x,0,9,1.3608915892697748,0.021934905899816684,0.03698939298283723,-0.021934905899816684,-0.03698939298283723
N150_K13_larger_reservoir,150,13,lorenz_x,0,10,1.864539985982451,0.020448665805703866,0.02674163690028624,-0.020448665805703866,-0.02674163690028624
N150_K13_larger_reservoir,150,13,lorenz_x,0,11,2.554582148011408,0.023401879818428454,0.03427098990103353,-0.023401879818428454,-0.03427098990103353
N150_K13_larger_reservoir,150,13,lorenz_x,0,12,3.5,0.02823808178943059,0.044418617359079524,-0.02823808178943059,-0.044418617359079524
N150_K13_larger_reservoir,150,13,lorenz_x,1,0,0.07999999999999999,0.005057369531649207,0.006355480855009238,-0.005057369531649207,-0.006355480855009238
N150_K13_larger_reservoir,150,13,lorenz_x,1,1,0.1096069665318704,0.005597734799367547,0.00642536331127942,-0.005597734799367547,-0.00642536331127942
N150_K13_larger_reservoir,150,13,lorenz_x,1,2,0.15017108890398193,0.007236267699528703,0.009032145940666581,-0.007236267699528703,-0.009032145940666581
N150_K13_larger_reservoir,150,13,lorenz_x,1,3,0.20574746894441603,0.006621098422342049,0.008271908695955505,-0.006621098422342049,-0.008271908695955505
N150_K13_larger_reservoir,150,13,lorenz_x,1,4,0.28189194928259564,0.007732851069803895,0.007809796855703472,-0.007732851069803895,-0.007809796855703472
N150_K13_larger_reservoir,150,13,lorenz_x,1,5,0.38621651813276453,0.011500028067198674,0.010332676348590145,-0.011500028067198674,-0.010332676348590145
N150_K13_larger_reservoir,150,13,lorenz_x,1,6,0.529150262212918,0.0064195125724708715,0.007630231706303742,-0.0064195125724708715,-0.007630231706303742
N150_K13_larger_reservoir,150,13,lorenz_x,1,7,0.7249819385087718,0.006638093927905558,0.008461051308295262,-0.006638093927905558,-0.008461051308295262
N150_K13_larger_reservoir,150,13,lorenz_x,1,8,0.9932883883792685,0.005772907708600968,0.009091020039265964,-0.005772907708600968,-0.009091020039265964
N150_K13_larger_reservoir,150,13,lorenz_x,1,9,1.3608915892697748,0.006114441513622776,0.010431903770833062,-0.006114441513622776,-0.010431903770833062
N150_K13_larger_reservoir,150,13,lorenz_x,1,10,1.864539985982451,0.006279959569554238,0.010004179240856373,-0.006279959569554238,-0.010004179240856373
N150_K13_larger_reservoir,150,13,lorenz_x,1,11,2.554582148011408,0.0064143776947664655,0.011851563655529244,-0.0064143776947664655,-0.011851563655529244
N150_K13_larger_reservoir,150,13,lorenz_x,1,12,3.5,0.00797055221635672,0.013860792898717613,-0.00797055221635672,-0.013860792898717613
N150_K13_larger_reservoir,150,13,lorenz_x,2,0,0.07999999999999999,0.02247000511633275,0.048143185230619216,-0.02247000511633275,-0.048143185230619216
N150_K13_larger_reservoir,150,13,lorenz_x,2,1,0.1096069665318704,0.029302670317589395,0.07421919350045147,-0.029302670317589395,-0.07421919350045147
N150_K13_larger_reservoir,150,13,lorenz_x,2,2,0.15017108890398193,0.032267044000132375,0.0825107125678543,-0.032267044000132375,-0.0825107125678543
N150_K13_larger_reservoir,150,13,lorenz_x,2,3,0.20574746894441603,0.0267945861456288,0.08918562966353506,-0.0267945861456288,-0.08918562966353506
N150_K13_larger_reservoir,150,13,lorenz_x,2,4,0.28189194928259564,0.026050420045431358,0.09333820925261711,-0.026050420045431358,-0.09333820925261711
N150_K13_larger_reservoir,150,13,lorenz_x,2,5,0.38621651813276453,0.02435484788209836,0.047104694342731596,-0.02435484788209836,-0.047104694342731596
N150_K13_larger_reservoir,150,13,lorenz_x,2,6,0.529150262212918,0.023352363449739046,0.04495116053105705,-0.023352363449739046,-0.04495116053105705
N150_K13_larger_reservoir,150,13,lorenz_x,2,7,0.7249819385087718,0.02038694236646365,0.03758460918221105,-0.02038694236646365,-0.03758460918221105
N150_K13_larger_reservoir,150,13,lorenz_x,2,8,0.9932883883792685,0.03657931266409881,0.056675111509759686,-0.03657931266409881,-0.056675111509759686
N150_K13_larger_reservoir,150,13,lorenz_x,2,9,1.3608915892697748,0.029468011694375195,0.05202933297762508,-0.029468011694375195,-0.05202933297762508
N150_K13_larger_reservoir,150,13,lorenz_x,2,10,1.864539985982451,0.035030578344001126,0.05804134511432754,-0.035030578344001126,-0.05804134511432754
N150_K13_larger_reservoir,150,13,lorenz_x,2,11,2.554582148011408,0.04200945363274107,0.07449923884829622,-0.04200945363274107,-0.07449923884829622
N150_K13_larger_reservoir,150,13,lorenz_x,2,12,3.5,0.03985445017742903,0.06818859059704754,-0.03985445017742903,-0.06818859059704754
N150_K13_larger_reservoir,150,13,lorenz_x,3,0,0.07999999999999999,0.06252281331593201,0.06450437157364582,-0.06252281331593201,-0.06450437157364582
N150_K13_larger_reservoir,150,13,lorenz_x,3,1,0.1096069665318704,0.058732889204042196,0.099382913899373,-0.058732889204042196,-0.099382913899373
N150_K13_larger_reservoir,150,13,lorenz_x,3,2,0.15017108890398193,0.04431051285426723,0.11752054113260776,-0.04431051285426723,-0.11752054113260776
N150_K13_larger_reservoir,150,13,lorenz_x,3,3,0.20574746894441603,0.05232868063186987,0.12904431696107527,-0.05232868063186987,-0.12904431696107527
N150_K13_larger_reservoir,150,13,lorenz_x,3,4,0.28189194928259564,0.038104820152185165,0.0622205515241728,-0.038104820152185165,-0.0622205515241728
N150_K13_larger_reservoir,150,13,lorenz_x,3,5,0.38621651813276453,0.02825175525543748,0.03440985280739844,-0.02825175525543748,-0.03440985280739844
N150_K13_larger_reservoir,150,13,lorenz_x,3,6,0.529150262212918,0.03321102144769981,0.03216742341562969,-0.03321102144769981,-0.03216742341562969
N150_K13_larger_reservoir,150,13,lorenz_x,3,7,0.7249819385087718,0.0369258053088738,0.033130963577715195,-0.0369258053088738,-0.033130963577715195
N150_K13_larger_reservoir,150,13,lorenz_x,3,8,0.9932883883792685,0.04712670631398139,0.03869726482476029,-0.04712670631398139,-0.03869726482476029
N150_K13_larger_reservoir,150,13,lorenz_x,3,9,1.3608915892697748,0.036087016535055326,0.0295308176436799,-0.036087016535055326,-0.0295308176436799
N150_K13_larger_reservoir,150,13,lorenz_x,3,10,1.864539985982451,0.04331090078497655,0.03845001760897807,-0.04331090078497655,-0.03845001760897807
N150_K13_larger_reservoir,150,13,lorenz_x,3,11,2.554582148011408,0.032837753806020546,0.02879891921609953,-0.032837753806020546,-0.02879891921609953
N150_K13_larger_reservoir,150,13,lorenz_x,3,12,3.5,0.029415800156086958,0.0256979276725155,-0.029415800156086958,-0.0256979276725155
