effective_support_mean,effective_support_fraction,row_entropy_mean,rms_weight,spectral_radius,config,N,K,task,trial,point_idx,tau
1.4811236844289377,0.024685394740482296,0.3089534394964667,0.12909944487248623,1.0836184004668656,N60_K13_baseline,60,13,controlled_d20_white_plus_distractor,0,0,0.07999999999999999
1.7544926332460806,0.029241543887434676,0.4478103888011141,0.12909944487244085,1.1060830481695658,N60_K13_baseline,60,13,controlled_d20_white_plus_distractor,0,1,0.1096069665318704
2.2431172947798763,0.03738528824633127,0.6508630898447026,0.129099444872373,1.130148118429887,N60_K13_baseline,60,13,controlled_d20_white_plus_distractor,0,2,0.15017108890398193
3.1752574491911023,0.05292095748651837,0.9541252124559055,0.1290994448722656,1.1546594244252488,N60_K13_baseline,60,13,controlled_d20_white_plus_distractor,0,3,0.20574746894441603
5.047811325395721,0.08413018875659535,1.396756440863595,0.1290994448720807,1.1734990987028793,N60_K13_baseline,60,13,controlled_d20_white_plus_distractor,0,4,0.28189194928259564
8.784707589014715,0.14641179315024525,1.9860271337257427,0.12909944487174022,1.1831700629780681,N60_K13_baseline,60,13,controlled_d20_white_plus_distractor,0,5,0.38621651813276453
15.578024621173581,0.2596337436862263,2.644409082740744,0.1290994448710963,1.1859581087938027,N60_K13_baseline,60,13,controlled_d20_white_plus_distractor,0,6,0.529150262212918
25.650724698799824,0.4275120783133304,3.210798523808177,0.12909944487003525,1.1566454247091729,N60_K13_baseline,60,13,controlled_d20_white_plus_distractor,0,7,0.7249819385087718
36.59537660054807,0.6099229433424679,3.5915144220786703,0.12909944486875868,1.0777194686919538,N60_K13_baseline,60,13,controlled_d20_white_plus_distractor,0,8,0.9932883883792685
45.400696370348975,0.7566782728391496,3.813553868163217,0.1290994448676595,1.064095096380718,N60_K13_baseline,60,13,controlled_d20_white_plus_distractor,0,9,1.3608915892697748
51.22808440212043,0.8538014067020072,3.935807203057434,0.12909944486690988,1.0791092428250377,N60_K13_baseline,60,13,controlled_d20_white_plus_distractor,0,10,1.864539985982451
54.701524434944176,0.9116920739157363,4.00176887904597,0.12909944486645886,1.083974430644887,N60_K13_baseline,60,13,controlled_d20_white_plus_distractor,0,11,2.554582148011408
56.66371917052577,0.9443953195087629,4.037101677805687,0.12909944486620353,1.0816283005303406,N60_K13_baseline,60,13,controlled_d20_white_plus_distractor,0,12,3.5
1.5442351120202389,0.02573725186700398,0.3669824529930447,0.12909944487246092,1.0565013889133141,N60_K13_baseline,60,13,controlled_d20_white_plus_distractor,1,0,0.07999999999999999
1.8346895125533513,0.030578158542555856,0.516838777660482,0.1290994448724069,1.0664732752960195,N60_K13_baseline,60,13,controlled_d20_white_plus_distractor,1,1,0.1096069665318704
2.323497335496234,0.0387249555916039,0.7245759136107642,0.12909944487232808,1.0800252921816633,N60_K13_baseline,60,13,controlled_d20_white_plus_distractor,1,2,0.15017108890398193
3.223406189867264,0.053723436497787734,1.0264259181483184,0.12909944487220584,1.0911443632076052,N60_K13_baseline,60,13,controlled_d20_white_plus_distractor,1,3,0.20574746894441603
5.05252358702007,0.08420872645033449,1.4664349290334784,0.12909944487199707,1.0878582068605498,N60_K13_baseline,60,13,controlled_d20_white_plus_distractor,1,4,0.28189194928259564
8.817899220096876,0.14696498700161462,2.046536989445486,0.1290994448716238,1.0629692344823451,N60_K13_baseline,60,13,controlled_d20_white_plus_distractor,1,5,0.38621651813276453
15.734319384545264,0.2622386564090877,2.67812218332216,0.12909944487097155,1.0445121570780649,N60_K13_baseline,60,13,controlled_d20_white_plus_distractor,1,6,0.529150262212918
25.78090227918269,0.42968170465304484,3.2192987636868815,0.12909944486995445,1.0526592688649838,N60_K13_baseline,60,13,controlled_d20_white_plus_distractor,1,7,0.7249819385087718
36.56582005916121,0.6094303343193536,3.590796487999634,0.12909944486873054,1.1008226046624159,N60_K13_baseline,60,13,controlled_d20_white_plus_distractor,1,8,0.9932883883792685
45.312738734304,0.7552123122384,3.811628974539476,0.12909944486765823,1.1255815973176897,N60_K13_baseline,60,13,controlled_d20_white_plus_distractor,1,9,1.3608915892697748
51.155890553268236,0.852598175887804,3.934418177587207,0.12909944486691527,1.0858293897856839,N60_K13_baseline,60,13,controlled_d20_white_plus_distractor,1,10,1.864539985982451
54.6560142645841,0.9109335710764017,4.000946312067801,0.12909944486646366,1.0266659696689315,N60_K13_baseline,60,13,controlled_d20_white_plus_distractor,1,11,2.554582148011408
56.63755810400983,0.9439593017334971,4.036643135864876,0.12909944486620664,0.9896139314888238,N60_K13_baseline,60,13,controlled_d20_white_plus_distractor,1,12,3.5
1.5618590916166184,0.026030984860276975,0.36238250502152547,0.12909944487246766,1.1090582118316588,N60_K13_baseline,60,13,controlled_d20_white_plus_distractor,2,0,0.07999999999999999
1.8906570166141585,0.03151095027690264,0.5314125804819212,0.12909944487240965,1.1537412840776504,N60_K13_baseline,60,13,controlled_d20_white_plus_distractor,2,1,0.1096069665318704
2.478553383980158,0.04130922306633597,0.7741450624614682,0.1290994448723187,1.2092531224241763,N60_K13_baseline,60,13,controlled_d20_white_plus_distractor,2,2,0.15017108890398193
3.563235512410933,0.05938725854018222,1.1143608349375194,0.12909944487217398,1.2734335981108347,N60_K13_baseline,60,13,controlled_d20_white_plus_distractor,2,3,0.20574746894441603
5.661951606392964,0.09436586010654939,1.5771938700634827,0.1290994448719347,1.339255265466958,N60_K13_baseline,60,13,controlled_d20_white_plus_distractor,2,4,0.28189194928259564
9.765359135282308,0.16275598558803847,2.152841237391661,0.12909944487153116,1.3844727710892946,N60_K13_baseline,60,13,controlled_d20_white_plus_distractor,2,5,0.38621651813276453
16.963346508318256,0.28272244180530426,2.7604577073432535,0.12909944487084882,1.3678686037737178,N60_K13_baseline,60,13,controlled_d20_white_plus_distractor,2,6,0.529150262212918
27.048341516161877,0.45080569193603126,3.2737876159580166,0.1290994448697969,1.2521083085140914,N60_K13_baseline,60,13,controlled_d20_white_plus_distractor,2,7,0.7249819385087718
37.60911714234664,0.6268186190391106,3.621756085351467,0.1290994448685761,1.078668201558241,N60_K13_baseline,60,13,controlled_d20_white_plus_distractor,2,8,0.9932883883792685
46.000913388914945,0.7666818898152491,3.8274565536085365,0.12909944486755143,1.0680043895490037,N60_K13_baseline,60,13,controlled_d20_white_plus_distractor,2,9,1.3608915892697748
51.54749823683225,0.8591249706138708,3.942211305832707,0.12909944486685523,1.076745859857581,N60_K13_baseline,60,13,controlled_d20_white_plus_distractor,2,10,1.864539985982451
54.86441528475435,0.9144069214125725,4.00478772114786,0.12909944486643277,1.0564065232952575,N60_K13_baseline,60,13,controlled_d20_white_plus_distractor,2,11,2.554582148011408
56.746052131567424,0.9457675355261237,4.038564730902164,0.12909944486619104,1.027465079327522,N60_K13_baseline,60,13,controlled_d20_white_plus_distractor,2,12,3.5
1.495424768191075,0.02492374613651792,0.3170703050638932,0.12909944487248282,1.0818463184700147,N60_K13_baseline,60,13,controlled_d20_white_plus_distractor,3,0,0.07999999999999999
1.7573963613947687,0.02928993935657948,0.4633940888235021,0.12909944487243544,1.1002443673937894,N60_K13_baseline,60,13,controlled_d20_white_plus_distractor,3,1,0.1096069665318704
2.256460334265053,0.03760767223775088,0.6932293757428082,0.12909944487235478,1.1221958418324665,N60_K13_baseline,60,13,controlled_d20_white_plus_distractor,3,2,0.15017108890398193
3.280409826115863,0.05467349710193105,1.0385137176273476,0.1290994448722211,1.1512624130478626,N60_K13_baseline,60,13,controlled_d20_white_plus_distractor,3,3,0.20574746894441603
5.4307041705476875,0.09051173617579479,1.5193388267828172,0.12909944487199956,1.1733883965856258,N60_K13_baseline,60,13,controlled_d20_white_plus_distractor,3,4,0.28189194928259564
9.66367434433358,0.16106123907222633,2.1193307214712163,0.12909944487161004,1.184037156317234,N60_K13_baseline,60,13,controlled_d20_white_plus_distractor,3,5,0.38621651813276453
16.959123810127075,0.2826520635021179,2.7503959748686766,0.12909944487090846,1.1612419237443201,N60_K13_baseline,60,13,controlled_d20_white_plus_distractor,3,6,0.529150262212918
27.13056525576166,0.4521760875960277,3.274234077784227,0.1290994448698216,1.0466042719003958,N60_K13_baseline,60,13,controlled_d20_white_plus_distractor,3,7,0.7249819385087718
37.725917245869205,0.6287652874311535,3.624064736573841,0.12909944486858213,0.9922458859548228,N60_K13_baseline,60,13,controlled_d20_white_plus_distractor,3,8,0.9932883883792685
46.10280868047847,0.7683801446746411,3.8294851559341767,0.1290994448675482,1.0581282985609193,N60_K13_baseline,60,13,controlled_d20_white_plus_distractor,3,9,1.3608915892697748
51.62099241153987,0.8603498735256646,3.943598127598449,0.1290994448668495,1.0703420690043037,N60_K13_baseline,60,13,controlled_d20_white_plus_distractor,3,10,1.864539985982451
54.91126507868671,0.9151877513114451,4.005632199705504,0.12909944486642796,1.062989454738567,N60_K13_baseline,60,13,controlled_d20_white_plus_distractor,3,11,2.554582148011408
56.77369114216775,0.9462281857027958,4.039049027466531,0.1290994448661879,1.0595277670932828,N60_K13_baseline,60,13,controlled_d20_white_plus_distractor,3,12,3.5
1.3975362096856736,0.023292270161427892,0.27089698869271633,0.12909944487249722,1.0622866500571908,N60_K13_baseline,60,13,memory_d10,0,0,0.07999999999999999
1.6310101048375858,0.027183501747293098,0.4057583884153706,0.12909944487245595,1.0724018896227159,N60_K13_baseline,60,13,memory_d10,0,1,0.1096069665318704
2.076375672652328,0.03460626121087214,0.6207515260000751,0.12909944487238492,1.0798562383004275,N60_K13_baseline,60,13,memory_d10,0,2,0.15017108890398193
2.9685994058910286,0.049476656764850475,0.9471545634014616,0.12909944487226369,1.078299804013386,N60_K13_baseline,60,13,memory_d10,0,3,0.20574746894441603
4.829122057658598,0.0804853676276433,1.4107857360941325,0.12909944487205754,1.0531693877238912,N60_K13_baseline,60,13,memory_d10,0,4,0.28189194928259564
8.62469732825951,0.14374495547099184,2.009237968332466,0.12909944487169459,1.0497920773838425,N60_K13_baseline,60,13,memory_d10,0,5,0.38621651813276453
15.567797281046873,0.2594632880174479,2.6628946445035684,0.12909944487103892,1.0674286422769401,N60_K13_baseline,60,13,memory_d10,0,6,0.529150262212918
25.760396847617855,0.4293399474602976,3.220662175096057,0.12909944486998404,1.0416660364505523,N60_K13_baseline,60,13,memory_d10,0,7,0.7249819385087718
36.714604333836164,0.6119100722306027,3.5961209969026826,0.12909944486872335,0.9907015921093995,N60_K13_baseline,60,13,memory_d10,0,8,0.9932883883792685
45.485063803456,0.7580843967242666,3.8156993583742858,0.12909944486764052,1.1136604414964653,N60_K13_baseline,60,13,memory_d10,0,9,1.3608915892697748
51.279692491057475,0.8546615415176245,3.936868578042164,0.12909944486690086,1.091573004566308,N60_K13_baseline,60,13,memory_d10,0,10,1.864539985982451
54.7318914067444,0.9121981901124067,4.002332711707756,0.12909944486645447,1.082109937972799,N60_K13_baseline,60,13,memory_d10,0,11,2.554582148011408
56.68143624162621,0.9446906040271035,4.037415361716204,0.12909944486620126,1.0773321365585127,N60_K13_baseline,60,13,memory_d10,0,12,3.5
1.4181563454478057,0.02363593909079676,0.28599527180789186,0.12909944487249547,1.0689007127554409,N60_K13_baseline,60,13,memory_d10,1,0,0.07999999999999999
1.7169307744050546,0.02861551290675091,0.44489603220076773,0.1290994448724476,1.084596316027325,N60_K13_baseline,60,13,memory_d10,1,1,0.1096069665318704
2.273433847838361,0.037890564130639355,0.6903869434172826,0.12909944487236505,1.0931103289105983,N60_K13_baseline,60,13,memory_d10,1,2,0.15017108890398193
3.3475399238164645,0.055792332063607744,1.0460434317583467,0.1290994448722244,1.0799793410269067,N60_K13_baseline,60,13,memory_d10,1,3,0.20574746894441603
5.466166787659244,0.09110277979432073,1.5284496449355456,0.1290994448719851,1.0276411284999942,N60_K13_baseline,60,13,memory_d10,1,4,0.28189194928259564
9.554531602709813,0.1592421933784969,2.1225166168838596,0.1290994448715676,1.0447278667265358,N60_K13_baseline,60,13,memory_d10,1,5,0.38621651813276453
16.659720109583255,0.27766200182638756,2.7385070705907344,0.12909944487085828,1.0548889471048253,N60_K13_baseline,60,13,memory_d10,1,6,0.529150262212918
26.584285391797653,0.44307142319662757,3.251100771296272,0.12909944486981695,1.050460894498032,N60_K13_baseline,60,13,memory_d10,1,7,0.7249819385087718
37.012566300034045,0.6168761050005674,3.602179927650401,0.12909944486863684,1.0220064031254197,N60_K13_baseline,60,13,memory_d10,1,8,0.9932883883792685
45.46362951122383,0.7577271585203972,3.814402845197972,0.1290994448676188,1.056566839420771,N60_K13_baseline,60,13,memory_d10,1,9,1.3608915892697748
51.17600416561449,0.8529334027602415,3.9346066196838425,0.12909944486690425,1.0943519866464635,N60_K13_baseline,60,13,memory_d10,1,10,1.864539985982451
54.640903881215785,0.9106817313535964,4.000607703912829,0.12909944486646246,1.089208693299465,N60_K13_baseline,60,13,memory_d10,1,11,2.554582148011408
56.620273933072056,0.9436712322178676,4.036320414006813,0.12909944486620775,1.065730880525989,N60_K13_baseline,60,13,memory_d10,1,12,3.5
1.8015393093992917,0.03002565515665486,0.5082150281154844,0.12909944487239916,1.0971345058267898,N60_K13_baseline,60,13,memory_d10,2,0,0.07999999999999999
2.189038009455142,0.03648396682425237,0.6836554658649344,0.12909944487232927,1.0815444453803824,N60_K13_baseline,60,13,memory_d10,2,1,0.1096069665318704
2.8509367160342065,0.04751561193390344,0.9207747961357878,0.12909944487222777,1.069907611208225,N60_K13_baseline,60,13,memory_d10,2,2,0.15017108890398193
4.051424986551162,0.0675237497758527,1.2381654528233144,0.12909944487208125,1.0526787206068067,N60_K13_baseline,60,13,memory_d10,2,3,0.20574746894441603
6.31460708999018,0.10524345149983634,1.6586642952727477,0.12909944487185912,1.0216962172320556,N60_K13_baseline,60,13,memory_d10,2,4,0.28189194928259564
10.489719568798881,0.17482865947998136,2.1823802839616238,0.1290994448714963,1.1188814981591908,N60_K13_baseline,60,13,memory_d10,2,5,0.38621651813276453
17.447892913078977,0.29079821521798294,2.748617876589085,0.1290994448708911,1.1818176175125605,N60_K13_baseline,60,13,memory_d10,2,6,0.529150262212918
27.055630878061763,0.4509271813010294,3.247244782622917,0.1290994448699595,1.1289213299639058,N60_K13_baseline,60,13,memory_d10,2,7,0.7249819385087718
37.296992836704995,0.6216165472784165,3.6030117235726653,0.12909944486876562,1.0009487967490824,N60_K13_baseline,60,13,memory_d10,2,8,0.9932883883792685
45.71597836730273,0.7619329727883789,3.818785275205002,0.12909944486765873,1.0184187905450963,N60_K13_baseline,60,13,memory_d10,2,9,1.3608915892697748
51.391572787106576,0.8565262131184429,3.938692968771328,0.12909944486689934,1.0045739292942548,N60_K13_baseline,60,13,memory_d10,2,10,1.864539985982451
54.79136556203577,0.9131894260339295,4.0033536156090594,0.1290994448664496,1.0458646464340544,N60_K13_baseline,60,13,memory_d10,2,11,2.554582148011408
56.71248134714132,0.9452080224523554,4.037949721548333,0.12909944486619765,1.0665560313992801,N60_K13_baseline,60,13,memory_d10,2,12,3.5
1.4487661651364447,0.02414610275227408,0.3075227695885349,0.12909944487248287,1.09573249442535,N60_K13_baseline,60,13,memory_d10,3,0,0.07999999999999999
1.7204215653096726,0.02867369275516121,0.4484505617239532,0.1290994448724378,1.131627470665372,N60_K13_baseline,60,13,memory_d10,3,1,0.1096069665318704
2.220022026840885,0.03700036711401475,0.6624534724353015,0.12909944487236577,1.1678254121153908,N60_K13_baseline,60,13,memory_d10,3,2,0.15017108890398193
3.1896778342611856,0.05316129723768643,0.9817855416278662,0.12909944487224684,1.1795688043515855,N60_K13_baseline,60,13,memory_d10,3,3,0.20574746894441603
5.1315012807848355,0.08552502134641392,1.4391202177267794,0.12909944487204245,1.1345546511644151,N60_K13_baseline,60,13,memory_d10,3,4,0.28189194928259564
9.00842727541643,0.15014045459027384,2.035559955900865,0.12909944487167613,1.0945879123177606,N60_K13_baseline,60,13,memory_d10,3,5,0.38621651813276453
16.06802818645131,0.26780046977418853,2.685106882765672,0.1290994448710213,1.0130229925733307,N60_K13_baseline,60,13,memory_d10,3,6,0.529150262212918
26.33257514772665,0.43887625246211087,3.2366833663062753,0.1290994448699795,0.9705583205175622,N60_K13_baseline,60,13,memory_d10,3,7,0.7249819385087718
37.22148773782405,0.6203581289637341,3.60787492138498,0.12909944486871247,1.0274964862959541,N60_K13_baseline,60,13,memory_d10,3,8,0.9932883883792685
45.86935339391344,0.7644892232318907,3.823743575791879,0.12909944486761513,1.0709023653935803,N60_K13_baseline,60,13,memory_d10,3,9,1.3608915892697748
51.53576720573245,0.8589294534288742,3.941792083336332,0.1290994448668757,1.0603460558473892,N60_K13_baseline,60,13,memory_d10,3,10,1.864539985982451
54.88584755029637,0.9147641258382728,4.0051326966955285,0.12909944486643676,1.0817754040542347,N60_K13_baseline,60,13,memory_d10,3,11,2.554582148011408
56.7683423651484,0.94613903941914,4.038945972618318,0.1290994448661905,1.0967045614277866,N60_K13_baseline,60,13,memory_d10,3,12,3.5
1.65607660275165,0.0276012767125275,0.38806531725186943,0.12909944487245503,1.1255009944499887,N60_K13_baseline,60,13,narma10,0,0,0.07999999999999999
1.943738088086556,0.0323956348014426,0.5193299692507615,0.12909944487241234,1.1681012484219502,N60_K13_baseline,60,13,narma10,0,1,0.1096069665318704
2.4220118297794784,0.04036686382965797,0.7122952349389859,0.12909944487234484,1.2340765373005098,N60_K13_baseline,60,13,narma10,0,2,0.15017108890398193
3.2874133509830528,0.05479022251638421,0.994275188843464,0.1290994448722354,1.331376184026175,N60_K13_baseline,60,13,narma10,0,3,0.20574746894441603
4.974915312616384,0.08291525521027306,1.4010301683660455,0.12909944487205222,1.451884054191786,N60_K13_baseline,60,13,narma10,0,4,0.28189194928259564
8.379594263163574,0.13965990438605955,1.9534810402485454,0.12909944487172678,1.5411392548134708,N60_K13_baseline,60,13,narma10,0,5,0.38621651813276453
14.81837839434319,0.24697297323905318,2.5901257834672013,0.12909944487113678,1.5009117586847671,N60_K13_baseline,60,13,narma10,0,6,0.529150262212918
24.66305071511402,0.41105084525190033,3.1617162851413183,0.12909944487016606,1.3432874279899052,N60_K13_baseline,60,13,narma10,0,7,0.7249819385087718
35.68026922161595,0.5946711536935992,3.562438658099436,0.1290994448689159,1.1399005324647558,N60_K13_baseline,60,13,narma10,0,8,0.9932883883792685
44.80551756530789,0.7467586260884648,3.7996731612599906,0.12909944486776523,1.0076378232923127,N60_K13_baseline,60,13,narma10,0,9,1.3608915892697748
50.91252442536923,0.8485420737561538,3.929546847775147,0.12909944486696387,1.0111450866042266,N60_K13_baseline,60,13,narma10,0,10,1.864539985982451
54.54568547205029,0.9090947578675048,3.9989105557721425,0.12909944486648414,1.0000509557547836,N60_K13_baseline,60,13,narma10,0,11,2.554582148011408
56.58751491398574,0.9431252485664291,4.035756658750602,0.1290994448662153,1.0173290362076537,N60_K13_baseline,60,13,narma10,0,12,3.5
1.4875667205363032,0.024792778675605052,0.29363401707417686,0.12909944487249542,0.9808787118795705,N60_K13_baseline,60,13,narma10,1,0,0.07999999999999999
1.7780460857519709,0.029634101429199516,0.434782004375654,0.12909944487245484,0.9679122462589198,N60_K13_baseline,60,13,narma10,1,1,0.1096069665318704
2.323053734286059,0.03871756223810098,0.6561149387890534,0.1290994448723856,0.9311699789270554,N60_K13_baseline,60,13,narma10,1,2,0.15017108890398193
3.3539385867796647,0.05589897644632775,0.9809416396711899,0.1290994448722688,0.9143532509575634,N60_K13_baseline,60,13,narma10,1,3,0.20574746894441603
5.318845671106472,0.08864742785177454,1.4284590534284443,0.12909944487207314,0.9078668588888682,N60_K13_baseline,60,13,narma10,1,4,0.28189194928259564
9.043610780244911,0.1507268463374152,2.004938829575489,0.12909944487172795,0.8892758576864686,N60_K13_baseline,60,13,narma10,1,5,0.38621651813276453
15.686697432008735,0.2614449572001456,2.6471059104342065,0.12909944487109296,0.898168911160988,N60_K13_baseline,60,13,narma10,1,6,0.529150262212918
25.571859321459424,0.4261976553576571,3.2065531699094176,0.12909944487004785,0.9206817222591168,N60_K13_baseline,60,13,narma10,1,7,0.7249819385087718
36.43926607023331,0.6073211011705552,3.5873793421081546,0.12909944486877373,0.9715949626038322,N60_K13_baseline,60,13,narma10,1,8,0.9932883883792685
45.268322257681945,0.7544720376280324,3.81079268765065,0.12909944486767128,1.0173000405698254,N60_K13_baseline,60,13,narma10,1,9,1.3608915892697748
51.13985966272337,0.8523309943787228,3.9341409738003548,0.12909944486691866,1.0268505525374834,N60_K13_baseline,60,13,narma10,1,10,1.864539985982451
54.64838266476303,0.9108063777460504,4.000813535416792,0.12909944486646477,1.0245714007803177,N60_K13_baseline,60,13,narma10,1,11,2.554582148011408
56.633405595786535,0.9438900932631089,4.036571045405241,0.12909944486620717,1.0089897166567674,N60_K13_baseline,60,13,narma10,1,12,3.5
1.590615374521547,0.026510256242025784,0.3789333065523461,0.12909944487246347,1.0147221448081156,N60_K13_baseline,60,13,narma10,2,0,0.07999999999999999
1.9737474191385842,0.0328957903189764,0.5589664243034898,0.12909944487240366,0.9935076197865301,N60_K13_baseline,60,13,narma10,2,1,0.1096069665318704
2.6445175912662973,0.04407529318777162,0.80753241403794,0.1290994448723131,0.9954173603744297,N60_K13_baseline,60,13,narma10,2,2,0.15017108890398193
3.840549440675788,0.06400915734459647,1.1451677549140757,0.12909944487217465,1.0149906894374734,N60_K13_baseline,60,13,narma10,2,3,0.20574746894441603
6.053558225998049,0.10089263709996749,1.6013948664033342,0.12909944487194586,1.0001907991896895,N60_K13_baseline,60,13,narma10,2,4,0.28189194928259564
10.207590746825959,0.1701265124470993,2.1759886400164516,0.1290994448715363,0.9382703428408607,N60_K13_baseline,60,13,narma10,2,5,0.38621651813276453
17.39604499440953,0.2899340832401588,2.7815091925317286,0.12909944487081504,0.94903495368887,N60_K13_baseline,60,13,narma10,2,6,0.529150262212918
27.409600279555537,0.45682667132592564,3.28441067747914,0.12909944486974576,0.9513068602526676,N60_K13_baseline,60,13,narma10,2,7,0.7249819385087718
37.80032235760206,0.6300053726267011,3.625031887886245,0.12909944486855038,1.0245321363141455,N60_K13_baseline,60,13,narma10,2,8,0.9932883883792685
46.076174355332505,0.7679362392555418,3.828476480606924,0.12909944486754427,1.036454678485204,N60_K13_baseline,60,13,narma10,2,9,1.3608915892697748
51.58178038081282,0.8596963396802138,3.9427106841500597,0.12909944486685312,1.0530800410594758,N60_K13_baseline,60,13,narma10,2,10,1.864539985982451
54.88448599216348,0.9147414332027246,4.005111115904443,0.1290994448664314,1.0475964218697775,N60_K13_baseline,60,13,narma10,2,11,2.554582148011408
56.758748667702406,0.9459791444617067,4.038777496929957,0.12909944486619002,1.0236016974593547,N60_K13_baseline,60,13,narma10,2,12,3.5
1.6091493761758204,0.026819156269597008,0.36359275459015655,0.12909944487246816,0.9772715649272957,N60_K13_baseline,60,13,narma10,3,0,0.07999999999999999
1.9147551429935958,0.03191258571655993,0.5019789257659545,0.12909944487242173,0.9768670571322415,N60_K13_baseline,60,13,narma10,3,1,0.1096069665318704
2.4306917399598884,0.04051152899933148,0.6978394869918289,0.1290994448723542,0.985373236516639,N60_K13_baseline,60,13,narma10,3,2,0.15017108890398193
3.3672221627688814,0.05612036937948136,0.9864979286620321,0.1290994448722482,0.983477506522627,N60_K13_baseline,60,13,narma10,3,3,0.20574746894441603
5.1926096808697455,0.08654349468116243,1.4145597461520834,0.12909944487206107,0.9434696547085993,N60_K13_baseline,60,13,narma10,3,4,0.28189194928259564
8.847922122368193,0.14746536870613655,1.9932785005463962,0.12909944487171185,0.969149095287279,N60_K13_baseline,60,13,narma10,3,5,0.38621651813276453
15.58984192419087,0.2598306987365145,2.639032215770528,0.12909944487108038,1.0361156444495532,N60_K13_baseline,60,13,narma10,3,6,0.529150262212918
25.577509444322448,0.4262918240720408,3.2013018629798493,0.1290994448700633,1.1178636026914257,N60_K13_baseline,60,13,narma10,3,7,0.7249819385087718
36.48616733822694,0.608102788970449,3.586481159863099,0.12909944486880023,1.134554967444236,N60_K13_baseline,60,13,narma10,3,8,0.9932883883792685
45.34794616199942,0.7557991026999903,3.8120200140996965,0.12909944486768285,1.0476033055379999,N60_K13_baseline,60,13,narma10,3,9,1.3608915892697748
51.21909875382396,0.853651645897066,3.935571938486872,0.129099444866918,1.0463562040247867,N60_K13_baseline,60,13,narma10,3,10,1.864539985982451
54.70704966203086,0.9117841610338477,4.001859574529334,0.1290994448664606,1.0249606763456933,N60_K13_baseline,60,13,narma10,3,11,2.554582148011408
56.6708026668537,0.9445133777808951,4.0372246481199054,0.12909944486620345,0.9895295094836302,N60_K13_baseline,60,13,narma10,3,12,3.5
1.4738317899117988,0.024563863165196646,0.3084441100764712,0.1290994448724852,1.0833479946075792,N60_K13_baseline,60,13,lorenz_x,0,0,0.07999999999999999
1.7528038911086257,0.02921339818514376,0.44959601085847073,0.12909944487244157,1.107567370473295,N60_K13_baseline,60,13,lorenz_x,0,1,0.1096069665318704
2.25741018250958,0.03762350304182634,0.6615579068537355,0.12909944487237113,1.1371900723817172,N60_K13_baseline,60,13,lorenz_x,0,2,0.15017108890398193
3.2058904973735936,0.05343150828955989,0.9701480614867073,0.1290994448722575,1.161088493123827,N60_K13_baseline,60,13,lorenz_x,0,3,0.20574746894441603
5.0605206347828595,0.08434201057971433,1.4068445190040182,0.12909944487206845,1.154935883817795,N60_K13_baseline,60,13,lorenz_x,0,4,0.28189194928259564
8.721266721020845,0.14535444535034742,1.9809031761189333,0.1290994448717336,1.0885253076425347,N60_K13_baseline,60,13,lorenz_x,0,5,0.38621651813276453
15.370755707335585,0.2561792617889264,2.6208771699948743,0.12909944487112968,0.9346309236746193,N60_K13_baseline,60,13,lorenz_x,0,6,0.529150262212918
25.199416639587334,0.41999027732645555,3.1840020266483653,0.12909944487013264,1.0113712121697178,N60_K13_baseline,60,13,lorenz_x,0,7,0.7249819385087718
36.05318119475239,0.6008863532458731,3.574299964784529,0.1290994448688582,1.0982872692638224,N60_K13_baseline,60,13,lorenz_x,0,8,0.9932883883792685
45.00373341180508,0.7500622235300847,3.8045291872799463,0.12909944486772168,1.1210847407419857,N60_K13_baseline,60,13,lorenz_x,0,9,1.3608915892697748
50.99551160386065,0.8499251933976775,3.931268202996701,0.12909944486694333,1.1116376548857774,N60_K13_baseline,60,13,lorenz_x,0,10,1.864539985982451
54.576100487322655,0.9096016747887109,3.9994881297822427,0.12909944486647634,1.106354951536396,N60_K13_baseline,60,13,lorenz_x,0,11,2.554582148011408
56.59811847370621,0.9433019745617701,4.035948999411296,0.12909944486621258,1.0962972146505239,N60_K13_baseline,60,13,lorenz_x,0,12,3.5
1.5591475225292915,0.025985792042154857,0.3710589947347524,0.1290994448724605,1.0359794827761875,N60_K13_baseline,60,13,lorenz_x,1,0,0.07999999999999999
1.8771587524700488,0.031285979207834144,0.5222621089313206,0.129099444872408,1.027348097249661,N60_K13_baseline,60,13,lorenz_x,1,1,0.1096069665318704
2.4227688328138153,0.04037948054689692,0.7445615288151949,0.12909944487232836,1.0265976644737467,N60_K13_baseline,60,13,lorenz_x,1,2,0.15017108890398193
3.452764161665405,0.05754606936109008,1.0785791306081636,0.12909944487219344,1.0276206963087287,N60_K13_baseline,60,13,lorenz_x,1,3,0.20574746894441603
5.521010694637534,0.09201684491062556,1.5516545283381895,0.1290994448719546,1.0249165002041272,N60_K13_baseline,60,13,lorenz_x,1,4,0.28189194928259564
9.625828907536693,0.16043048179227823,2.14552312748438,0.12909944487152997,1.0217787195696284,N60_K13_baseline,60,13,lorenz_x,1,5,0.38621651813276453
16.878678255709872,0.2813113042618312,2.764751309170051,0.12909944487080346,1.0207014545751802,N60_K13_baseline,60,13,lorenz_x,1,6,0.529150262212918
27.047990874120696,0.4507998479020116,3.2763884160732553,0.12909944486973948,1.0139122711443609,N60_K13_baseline,60,13,lorenz_x,1,7,0.7249819385087718
37.5966658402496,0.6266110973374933,3.621106136203826,0.12909944486855351,1.053148782232444,N60_K13_baseline,60,13,lorenz_x,1,8,0.9932883883792685
45.9616908093832,0.7660281801563866,3.8263274297554086,0.12909944486755145,1.0827870709542202,N60_K13_baseline,60,13,lorenz_x,1,9,1.3608915892697748
51.513381267109075,0.8585563544518179,3.9414624098403213,0.12909944486685943,1.0737846560071156,N60_K13_baseline,60,13,lorenz_x,1,10,1.864539985982451
54.84323810990062,0.9140539684983436,4.004379274493288,0.1290994448664358,1.0431452740561615,N60_K13_baseline,60,13,lorenz_x,1,11,2.554582148011408
56.73437680786663,0.9455729467977771,4.038353483500562,0.12909944486619274,1.040593339041783,N60_K13_baseline,60,13,lorenz_x,1,12,3.5
1.3523343062167326,0.02253890510361221,0.23634086536389096,0.12909944487251115,1.0191385580785322,N60_K13_baseline,60,13,lorenz_x,2,0,0.07999999999999999
1.5850973969667344,0.026418289949445572,0.3703647998410722,0.12909944487247182,1.0269103378075215,N60_K13_baseline,60,13,lorenz_x,2,1,0.1096069665318704
2.0273356570924292,0.033788927618207155,0.5870606081225429,0.12909944487240183,1.024188411798227,N60_K13_baseline,60,13,lorenz_x,2,2,0.15017108890398193
2.893625671205713,0.048227094520095215,0.9162113173773143,0.12909944487228014,0.9984329621659814,N60_K13_baseline,60,13,lorenz_x,2,3,0.20574746894441603
4.658955713607764,0.07764926189346273,1.3868768212928009,0.1290994448720671,0.9398194385839773,N60_K13_baseline,60,13,lorenz_x,2,4,0.28189194928259564
8.29929919134849,0.1383216531891415,1.9989149405825775,0.12909944487168126,0.9501848695777667,N60_K13_baseline,60,13,lorenz_x,2,5,0.38621651813276453
15.184966837925014,0.25308278063208356,2.661499404048309,0.12909944487099034,0.9803516119741547,N60_K13_baseline,60,13,lorenz_x,2,6,0.529150262212918
25.472485693121783,0.4245414282186964,3.2182639351071463,0.12909944486992872,0.9673076073805674,N60_K13_baseline,60,13,lorenz_x,2,7,0.7249819385087718
36.51350320268934,0.6085583867114891,3.59275494752368,0.12909944486869976,1.0355147197877699,N60_K13_baseline,60,13,lorenz_x,2,8,0.9932883883792685
45.35726170943114,0.7559543618238523,3.813401173010482,0.1290994448676407,1.0638072489160297,N60_K13_baseline,60,13,lorenz_x,2,9,1.3608915892697748
51.21277306468314,0.8535462177447191,3.935704384415478,0.12909944486690622,1.0622097322011446,N60_K13_baseline,60,13,lorenz_x,2,10,1.864539985982451
54.70142422349395,0.9116904037248992,4.001817134441227,0.12909944486645833,1.0445462058552537,N60_K13_baseline,60,13,lorenz_x,2,11,2.554582148011408
56.66860689226215,0.9444767815377024,4.037201112744105,0.1290994448662032,1.031104730137095,N60_K13_baseline,60,13,lorenz_x,2,12,3.5
1.4467545232048535,0.024112575386747558,0.31259675777935336,0.12909944487248234,1.08724536006737,N60_K13_baseline,60,13,lorenz_x,3,0,0.07999999999999999
1.7347809280229889,0.028913015467049816,0.46514621367795034,0.1290994448724324,1.1141029164097644,N60_K13_baseline,60,13,lorenz_x,3,1,0.1096069665318704
2.262354122051479,0.037705902034191316,0.690401828211114,0.12909944487235459,1.1408243632673136,N60_K13_baseline,60,13,lorenz_x,3,2,0.15017108890398193
3.2669887481441604,0.05444981246906934,1.0166979830556926,0.12909944487223066,1.1614442300774137,N60_K13_baseline,60,13,lorenz_x,3,3,0.20574746894441603
5.250818156722568,0.08751363594537613,1.4746753234452241,0.1290994448720237,1.1636089030263868,N60_K13_baseline,60,13,lorenz_x,3,4,0.28189194928259564
9.164511322126707,0.15274185536877843,2.0661692248762695,0.1290994448716526,1.1379648421250081,N60_K13_baseline,60,13,lorenz_x,3,5,0.38621651813276453
16.200369566105405,0.2700061594350901,2.7056074849061145,0.12909944487097408,1.0992318346408005,N60_K13_baseline,60,13,lorenz_x,3,6,0.529150262212918
26.333375060125856,0.43888958433543096,3.2439507796923674,0.12909944486990152,1.1099602113411489,N60_K13_baseline,60,13,lorenz_x,3,7,0.7249819385087718
37.075126255529696,0.617918770925495,3.6060229963963244,0.12909944486865826,1.108031550402921,N60_K13_baseline,60,13,lorenz_x,3,8,0.9932883883792685
45.663435864822354,0.7610572644137059,3.8196087385638537,0.12909944486760586,1.1303492387732876,N60_K13_baseline,60,13,lorenz_x,3,9,1.3608915892697748
51.36225168061546,0.8560375280102577,3.938479475511879,0.12909944486688552,1.107816502560278,N60_K13_baseline,60,13,lorenz_x,3,10,1.864539985982451
54.77096456790037,0.9128494094650061,4.0030498571967765,0.12909944486644787,1.0693309108939657,N60_K13_baseline,60,13,lorenz_x,3,11,2.554582148011408
56.700672818456304,0.9450112136409384,4.0377565200861465,0.1290994448661983,1.0493835468687032,N60_K13_baseline,60,13,lorenz_x,3,12,3.5
1.4811236844289377,0.024685394740482296,0.3089534394964667,0.12909944487248623,1.0836184004668656,N60_K25_finer_grid,60,25,controlled_d20_white_plus_distractor,0,0,0.07999999999999999
1.5990221222047805,0.02665036870341301,0.3719477845003592,0.12909944487246586,1.0948503840996981,N60_K25_finer_grid,60,25,controlled_d20_white_plus_distractor,0,1,0.09364057519339374
1.7544926332460806,0.029241543887434676,0.4478103888011141,0.12909944487244085,1.1060830481695658,N60_K25_finer_grid,60,25,controlled_d20_white_plus_distractor,0,2,0.1096069665318704
1.9619415028281475,0.032699025047135795,0.539417419467969,0.12909944487241043,1.1176927754014105,N60_K25_finer_grid,60,25,controlled_d20_white_plus_distractor,0,3,0.12829574239059252
2.2431172947798763,0.03738528824633127,0.6508630898447026,0.129099444872373,1.130148118429887,N60_K25_finer_grid,60,25,controlled_d20_white_plus_distractor,0,4,0.15017108890398193
2.6310744117874574,0.04385124019645762,0.7872696892201769,0.12909944487232602,1.142683098302261,N60_K25_finer_grid,60,25,controlled_d20_white_plus_distractor,0,5,0.17577633927983924
3.1752574491911023,0.05292095748651837,0.9541252124559055,0.1290994448722656,1.1546594244252488,N60_K25_finer_grid,60,25,controlled_d20_white_plus_distractor,0,6,0.20574746894441603
3.9474528563138316,0.06579088093856386,1.1562834660718966,0.12909944487218641,1.1651931524224979,N60_K25_finer_grid,60,25,controlled_d20_white_plus_distractor,0,7,0.24082889170675045
5.047811325395721,0.08413018875659535,1.396756440863595,0.1290994448720807,1.1734990987028793,N60_K25_finer_grid,60,25,controlled_d20_white_plus_distractor,0,8,0.28189194928259564
6.607928651063557,0.11013214418439261,1.6752272737615344,0.1290994448719374,1.1793045022046358,N60_K25_finer_grid,60,25,controlled_d20_white_plus_distractor,0,9,0.3299565534151155
8.784707589014715,0.14641179315024525,1.9860271337257427,0.12909944487174022,1.1831700629780681,N60_K25_finer_grid,60,25,controlled_d20_white_plus_distractor,0,10,0.38621651813276453
11.737272849695227,0.19562121416158712,2.315962843856527,0.12909944487146746,1.1858413962301142,N60_K25_finer_grid,60,25,controlled_d20_white_plus_distractor,0,11,0.45206921133927336
15.578024621173581,0.2596337436862263,2.644409082740744,0.1290994448710963,1.1859581087938027,N60_K25_finer_grid,60,25,controlled_d20_white_plus_distractor,0,12,0.529150262212918
20.290938175141203,0.3381823029190201,2.9484347401583575,0.12909944487061484,1.1783790908832341,N60_K25_finer_grid,60,25,controlled_d20_white_plus_distractor,0,13,0.6193741864669097
25.650724698799824,0.4275120783133304,3.210798523808177,0.12909944487003525,1.1566454247091729,N60_K25_finer_grid,60,25,controlled_d20_white_plus_distractor,0,14,0.7249819385087718
31.23967302281087,0.5206612170468479,3.424512623111541,0.12909944486939784,1.1193133771305057,N60_K25_finer_grid,60,25,controlled_d20_white_plus_distractor,0,15,0.848596571584788
36.59537660054807,0.6099229433424679,3.5915144220786703,0.12909944486875868,1.0777194686919538,N60_K25_finer_grid,60,25,controlled_d20_white_plus_distractor,0,16,0.9932883883792685
41.371715882628536,0.689528598043809,3.7185311476235214,0.1290994448681688,1.0582900050633561,N60_K25_finer_grid,60,25,controlled_d20_white_plus_distractor,0,17,1.1626512002594223
45.400696370348975,0.7566782728391496,3.813553868163217,0.1290994448676595,1.064095096380718,N60_K25_finer_grid,60,25,controlled_d20_white_plus_distractor,0,18,1.3608915892697748
48.66300234280161,0.8110500390466935,3.883951060548107,0.12909944486724131,1.073122634741165,N60_K25_finer_grid,60,25,controlled_d20_white_plus_distractor,0,19,1.5929333899384184
51.22808440212043,0.8538014067020072,3.935807203057434,0.12909944486690988,1.0791092428250377,N60_K25_finer_grid,60,25,controlled_d20_white_plus_distractor,0,20,1.864539985982451
53.20319781610529,0.8867199636017548,3.973876916227384,0.12909944486665362,1.0824906763095605,N60_K25_finer_grid,60,25,controlled_d20_white_plus_distractor,0,21,2.1824574594809887
54.701524434944176,0.9116920739157363,4.00176887904597,0.12909944486645886,1.083974430644887,N60_K25_finer_grid,60,25,controlled_d20_white_plus_distractor,0,22,2.554582148011408
55.82610127726447,0.9304350212877411,4.022178651744579,0.12909944486631253,1.0837413637731794,N60_K25_finer_grid,60,25,controlled_d20_white_plus_distractor,0,23,2.9901567714820447
56.66371917052577,0.9443953195087629,4.037101677805687,0.12909944486620353,1.0816283005303406,N60_K25_finer_grid,60,25,controlled_d20_white_plus_distractor,0,24,3.5
1.5442351120202389,0.02573725186700398,0.3669824529930447,0.12909944487246092,1.0565013889133141,N60_K25_finer_grid,60,25,controlled_d20_white_plus_distractor,1,0,0.07999999999999999
1.671462369027423,0.027857706150457053,0.43602779249238854,0.12909944487243644,1.0609677234426529,N60_K25_finer_grid,60,25,controlled_d20_white_plus_distractor,1,1,0.09364057519339374
1.8346895125533513,0.030578158542555856,0.516838777660482,0.1290994448724069,1.0664732752960195,N60_K25_finer_grid,60,25,controlled_d20_white_plus_distractor,1,2,0.1096069665318704
2.045674097536619,0.034094568292276986,0.6117348448970354,0.12909944487237132,1.0729942179118939,N60_K25_finer_grid,60,25,controlled_d20_white_plus_distractor,1,3,0.12829574239059252
2.323497335496234,0.0387249555916039,0.7245759136107642,0.12909944487232808,1.0800252921816633,N60_K25_finer_grid,60,25,controlled_d20_white_plus_distractor,1,4,0.15017108890398193
2.69945514125699,0.044990919020949836,0.8607364395557477,0.12909944487227437,1.0865501268109223,N60_K25_finer_grid,60,25,controlled_d20_white_plus_distractor,1,5,0.17577633927983924
3.223406189867264,0.053723436497787734,1.0264259181483184,0.12909944487220584,1.0911443632076052,N60_K25_finer_grid,60,25,controlled_d20_white_plus_distractor,1,6,0.20574746894441603
3.9713405358447162,0.06618900893074527,1.227293281967229,0.12909944487211622,1.0921324716263707,N60_K25_finer_grid,60,25,controlled_d20_white_plus_distractor,1,7,0.24082889170675045
5.05252358702007,0.08420872645033449,1.4664349290334784,0.12909944487199707,1.0878582068605498,N60_K25_finer_grid,60,25,controlled_d20_white_plus_distractor,1,8,0.28189194928259564
6.61166220893118,0.110194370148853,1.742203341347636,0.12909944487183747,1.077510668230611,N60_K25_finer_grid,60,25,controlled_d20_white_plus_distractor,1,9,0.3299565534151155
8.817899220096876,0.14696498700161462,2.046536989445486,0.1290994448716238,1.0629692344823451,N60_K25_finer_grid,60,25,controlled_d20_white_plus_distractor,1,10,0.38621651813276453
11.83026081413167,0.19717101356886116,2.364817279665004,0.12909944487134048,1.0502861502305865,N60_K25_finer_grid,60,25,controlled_d20_white_plus_distractor,1,11,0.45206921133927336
15.734319384545264,0.2622386564090877,2.67812218332216,0.12909944487097155,1.0445121570780649,N60_K25_finer_grid,60,25,controlled_d20_white_plus_distractor,1,12,0.529150262212918
20.467303922402476,0.34112173204004126,2.967618904001463,0.12909944487050712,1.0397435070673575,N60_K25_finer_grid,60,25,controlled_d20_white_plus_distractor,1,13,0.6193741864669097
25.78090227918269,0.42968170465304484,3.2192987636868815,0.12909944486995445,1.0526592688649838,N60_K25_finer_grid,60,25,controlled_d20_white_plus_distractor,1,14,0.7249819385087718
31.285790941846134,0.5214298490307689,3.426757859551452,0.12909944486934563,1.0561010816114862,N60_K25_finer_grid,60,25,controlled_d20_white_plus_distractor,1,15,0.848596571584788
36.56582005916121,0.6094303343193536,3.590796487999634,0.12909944486873054,1.1008226046624159,N60_K25_finer_grid,60,25,controlled_d20_white_plus_distractor,1,16,0.9932883883792685
41.298144904073986,0.6883024150678998,3.71675212315793,0.12909944486815747,1.1249252186735585,N60_K25_finer_grid,60,25,controlled_d20_white_plus_distractor,1,17,1.1626512002594223
45.312738734304,0.7552123122384,3.811628974539476,0.12909944486765823,1.1255815973176897,N60_K25_finer_grid,60,25,controlled_d20_white_plus_distractor,1,18,1.3608915892697748
48.57888442338144,0.8096480737230239,3.882244291652683,0.12909944486724495,1.1100260531956665,N60_K25_finer_grid,60,25,controlled_d20_white_plus_distractor,1,19,1.5929333899384184
51.155890553268236,0.852598175887804,3.934418177587207,0.12909944486691527,1.0858293897856839,N60_K25_finer_grid,60,25,controlled_d20_white_plus_distractor,1,20,1.864539985982451
53.144853069292374,0.8857475511548729,3.972794980634981,0.12909944486665909,1.0574214219225224,N60_K25_finer_grid,60,25,controlled_d20_white_plus_distractor,1,21,2.1824574594809887
54.6560142645841,0.9109335710764017,4.000946312067801,0.12909944486646366,1.0266659696689315,N60_K25_finer_grid,60,25,controlled_d20_white_plus_distractor,1,22,2.554582148011408
55.79136183185979,0.9298560305309965,4.021561948132488,0.12909944486631647,0.9942693176420605,N60_K25_finer_grid,60,25,controlled_d20_white_plus_distractor,1,23,2.9901567714820447
56.63755810400983,0.9439593017334971,4.036643135864876,0.12909944486620664,0.9896139314888238,N60_K25_finer_grid,60,25,controlled_d20_white_plus_distractor,1,24,3.5
1.5618590916166184,0.026030984860276975,0.36238250502152547,0.12909944487246766,1.1090582118316588,N60_K25_finer_grid,60,25,controlled_d20_white_plus_distractor,2,0,0.07999999999999999
1.7032242366406598,0.028387070610677665,0.43884923356957184,0.12909944487244196,1.1301221773485328,N60_K25_finer_grid,60,25,controlled_d20_white_plus_distractor,2,1,0.09364057519339374
1.8906570166141585,0.03151095027690264,0.5314125804819212,0.12909944487240965,1.1537412840776504,N60_K25_finer_grid,60,25,controlled_d20_white_plus_distractor,2,2,0.1096069665318704
2.141261561160255,0.035687692686004246,0.6423018393165162,0.12909944487236927,1.1801295726436438,N60_K25_finer_grid,60,25,controlled_d20_white_plus_distractor,2,3,0.12829574239059252
2.478553383980158,0.04130922306633597,0.7741450624614682,0.1290994448723187,1.2092531224241763,N60_K25_finer_grid,60,25,controlled_d20_white_plus_distractor,2,4,0.15017108890398193
2.9359686618074274,0.04893281103012379,0.9302466065894505,0.12909944487225508,1.2405007683654259,N60_K25_finer_grid,60,25,controlled_d20_white_plus_distractor,2,5,0.17577633927983924
3.563235512410933,0.05938725854018222,1.1143608349375194,0.12909944487217398,1.2734335981108347,N60_K25_finer_grid,60,25,controlled_d20_white_plus_distractor,2,6,0.20574746894441603
4.435555677660148,0.07392592796100247,1.329671275082838,0.1290994448720697,1.3070441613690744,N60_K25_finer_grid,60,25,controlled_d20_white_plus_distractor,2,7,0.24082889170675045
5.661951606392964,0.09436586010654939,1.5771938700634827,0.1290994448719347,1.339255265466958,N60_K25_finer_grid,60,25,controlled_d20_white_plus_distractor,2,8,0.28189194928259564
7.385280841435234,0.12308801402392057,1.8541536704842925,0.12909944487175942,1.3666581351854998,N60_K25_finer_grid,60,25,controlled_d20_white_plus_distractor,2,9,0.3299565534151155
9.765359135282308,0.16275598558803847,2.152841237391661,0.12909944487153116,1.3844727710892946,N60_K25_finer_grid,60,25,controlled_d20_white_plus_distractor,2,10,0.38621651813276453
12.939506271319567,0.21565843785532612,2.460449036437391,0.12909944487123362,1.3868277155014264,N60_K25_finer_grid,60,25,controlled_d20_white_plus_distractor,2,11,0.45206921133927336
16.963346508318256,0.28272244180530426,2.7604577073432535,0.12909944487084882,1.3678686037737178,N60_K25_finer_grid,60,25,controlled_d20_white_plus_distractor,2,12,0.529150262212918
21.751068397380052,0.36251780662300087,3.035888089256538,0.12909944487036606,1.323320364965097,N60_K25_finer_grid,60,25,controlled_d20_white_plus_distractor,2,13,0.6193741864669097
27.048341516161877,0.45080569193603126,3.2737876159580166,0.1290994448697969,1.2521083085140914,N60_K25_finer_grid,60,25,controlled_d20_white_plus_distractor,2,14,0.7249819385087718
32.46968875970526,0.541161479328421,3.4685646005060757,0.12909944486918204,1.1619977080365784,N60_K25_finer_grid,60,25,controlled_d20_white_plus_distractor,2,15,0.848596571584788
37.60911714234664,0.6268186190391106,3.621756085351467,0.1290994448685761,1.078668201558241,N60_K25_finer_grid,60,25,controlled_d20_white_plus_distractor,2,16,0.9932883883792685
42.16641769453267,0.7027736282422111,3.739076397954142,0.12909944486802435,1.0618961282924446,N60_K25_finer_grid,60,25,controlled_d20_white_plus_distractor,2,17,1.1626512002594223
46.000913388914945,0.7666818898152491,3.8274565536085365,0.12909944486755143,1.0680043895490037,N60_K25_finer_grid,60,25,controlled_d20_white_plus_distractor,2,18,1.3608915892697748
49.10461355479821,0.8184102259133036,3.893367312525197,0.12909944486716352,1.0749047357758368,N60_K25_finer_grid,60,25,controlled_d20_white_plus_distractor,2,19,1.5929333899384184
51.54749823683225,0.8591249706138708,3.942211305832707,0.12909944486685523,1.076745859857581,N60_K25_finer_grid,60,25,controlled_d20_white_plus_distractor,2,20,1.864539985982451
53.43189433744821,0.8905315722908036,3.978258740458899,0.1290994448666158,1.0690933604507613,N60_K25_finer_grid,60,25,controlled_d20_white_plus_distractor,2,21,2.1824574594809887
54.86441528475435,0.9144069214125725,4.00478772114786,0.12909944486643277,1.0564065232952575,N60_K25_finer_grid,60,25,controlled_d20_white_plus_distractor,2,22,2.554582148011408
55.94189874051987,0.9323649790086644,4.0242731658155195,0.12909944486629452,1.0417138347297301,N60_K25_finer_grid,60,25,controlled_d20_white_plus_distractor,2,23,2.9901567714820447
56.746052131567424,0.9457675355261237,4.038564730902164,0.12909944486619104,1.027465079327522,N60_K25_finer_grid,60,25,controlled_d20_white_plus_distractor,2,24,3.5
1.495424768191075,0.02492374613651792,0.3170703050638932,0.12909944487248282,1.0818463184700147,N60_K25_finer_grid,60,25,controlled_d20_white_plus_distractor,3,0,0.07999999999999999
1.6066902827810983,0.02677817137968497,0.3816891659086757,0.12909944487246233,1.0906705415889588,N60_K25_finer_grid,60,25,controlled_d20_white_plus_distractor,3,1,0.09364057519339374
1.7573963613947687,0.02928993935657948,0.4633940888235021,0.12909944487243544,1.1002443673937894,N60_K25_finer_grid,60,25,controlled_d20_white_plus_distractor,3,2,0.1096069665318704
1.9649485845182846,0.03274914307530474,0.5658613626025526,0.12909944487240033,1.1107418355219207,N60_K25_finer_grid,60,25,controlled_d20_white_plus_distractor,3,3,0.12829574239059252
2.256460334265053,0.03760767223775088,0.6932293757428082,0.12909944487235478,1.1221958418324665,N60_K25_finer_grid,60,25,controlled_d20_white_plus_distractor,3,4,0.15017108890398193
2.6740862017934957,0.04456810336322493,0.8496427641818005,0.12909944487229616,1.134279229363751,N60_K25_finer_grid,60,25,controlled_d20_white_plus_distractor,3,5,0.17577633927983924
3.280409826115863,0.05467349710193105,1.0385137176273476,0.1290994448722211,1.1512624130478626,N60_K25_finer_grid,60,25,controlled_d20_white_plus_distractor,3,6,0.20574746894441603
4.162134909620703,0.06936891516034506,1.2617998052711366,0.12909944487212474,1.1660011030372839,N60_K25_finer_grid,60,25,controlled_d20_white_plus_distractor,3,7,0.24082889170675045
5.4307041705476875,0.09051173617579479,1.5193388267828172,0.12909944487199956,1.1733883965856258,N60_K25_finer_grid,60,25,controlled_d20_white_plus_distractor,3,8,0.28189194928259564
7.217895993479547,0.12029826655799244,1.8078539614430413,0.12909944487183372,1.179050206418607,N60_K25_finer_grid,60,25,controlled_d20_white_plus_distractor,3,9,0.3299565534151155
9.66367434433358,0.16106123907222633,2.1193307214712163,0.12909944487161004,1.184037156317234,N60_K25_finer_grid,60,25,controlled_d20_white_plus_distractor,3,10,0.38621651813276453
12.89124302647455,0.2148540504412425,2.439742206005329,0.12909944487130778,1.179964571553364,N60_K25_finer_grid,60,25,controlled_d20_white_plus_distractor,3,11,0.45206921133927336
16.959123810127075,0.2826520635021179,2.7503959748686766,0.12909944487090846,1.1612419237443201,N60_K25_finer_grid,60,25,controlled_d20_white_plus_distractor,3,12,0.529150262212918
21.791436465272906,0.3631906077545484,3.0327846764539976,0.12909944487040684,1.1205626157376798,N60_K25_finer_grid,60,25,controlled_d20_white_plus_distractor,3,13,0.6193741864669097
27.13056525576166,0.4521760875960277,3.274234077784227,0.1290994448698216,1.0466042719003958,N60_K25_finer_grid,60,25,controlled_d20_white_plus_distractor,3,14,0.7249819385087718
32.57841884719395,0.5429736474532325,3.4704529437361495,0.1290994448691957,1.0103448202033936,N60_K25_finer_grid,60,25,controlled_d20_white_plus_distractor,3,15,0.848596571584788
37.725917245869205,0.6287652874311535,3.624064736573841,0.12909944486858213,0.9922458859548228,N60_K25_finer_grid,60,25,controlled_d20_white_plus_distractor,3,16,0.9932883883792685
42.27898110507494,0.7046496850845824,3.741346846568836,0.1290994448680248,1.0033089530173722,N60_K25_finer_grid,60,25,controlled_d20_white_plus_distractor,3,17,1.1626512002594223
46.10280868047847,0.7683801446746411,3.8294851559341767,0.1290994448675482,1.0581282985609193,N60_K25_finer_grid,60,25,controlled_d20_white_plus_distractor,3,18,1.3608915892697748
49.19277603118576,0.8198796005197626,3.8950780175594466,0.12909944486715833,1.0739894760107598,N60_K25_finer_grid,60,25,controlled_d20_white_plus_distractor,3,19,1.5929333899384184
51.62099241153987,0.8603498735256646,3.943598127598449,0.1290994448668495,1.0703420690043037,N60_K25_finer_grid,60,25,controlled_d20_white_plus_distractor,3,20,1.864539985982451
53.49130143269485,0.8915216905449141,3.9793519096285475,0.12909944486661026,1.0562226425874277,N60_K25_finer_grid,60,25,controlled_d20_white_plus_distractor,3,21,2.1824574594809887
54.91126507868671,0.9151877513114451,4.005632199705504,0.12909944486642796,1.062989454738567,N60_K25_finer_grid,60,25,controlled_d20_white_plus_distractor,3,22,2.554582148011408
55.9781453063208,0.93296908843868,4.024916076704765,0.12909944486629055,1.0631969223451052,N60_K25_finer_grid,60,25,controlled_d20_white_plus_distractor,3,23,2.9901567714820447
56.77369114216775,0.9462281857027958,4.039049027466531,0.1290994448661879,1.0595277670932828,N60_K25_finer_grid,60,25,controlled_d20_white_plus_distractor,3,24,3.5
1.3975362096856736,0.023292270161427892,0.27089698869271633,0.12909944487249722,1.0622866500571908,N60_K25_finer_grid,60,25,memory_d10,0,0,0.07999999999999999
1.496287528845636,0.0249381254807606,0.3301525663359068,0.12909944487247937,1.0675173014191868,N60_K25_finer_grid,60,25,memory_d10,0,1,0.09364057519339374
1.6310101048375858,0.027183501747293098,0.4057583884153706,0.12909944487245595,1.0724018896227159,N60_K25_finer_grid,60,25,memory_d10,0,2,0.1096069665318704
1.8169267355153844,0.03028211225858974,0.5013164042878404,0.12909944487242517,1.0766646953785721,N60_K25_finer_grid,60,25,memory_d10,0,3,0.12829574239059252
2.076375672652328,0.03460626121087214,0.6207515260000751,0.12909944487238492,1.0798562383004275,N60_K25_finer_grid,60,25,memory_d10,0,4,0.15017108890398193
2.4431243544718364,0.040718739241197274,0.7681114965211603,0.12909944487233227,1.0809836120672809,N60_K25_finer_grid,60,25,memory_d10,0,5,0.17577633927983924
2.9685994058910286,0.049476656764850475,0.9471545634014616,0.12909944487226369,1.078299804013386,N60_K25_finer_grid,60,25,memory_d10,0,6,0.20574746894441603
3.7287129573905213,0.06214521595650869,1.1608621096981973,0.12909944487217437,1.0696592237308067,N60_K25_finer_grid,60,25,memory_d10,0,7,0.24082889170675045
4.829122057658598,0.0804853676276433,1.4107857360941325,0.12909944487205754,1.0531693877238912,N60_K25_finer_grid,60,25,memory_d10,0,8,0.28189194928259564
6.4069682525014535,0.10678280420835756,1.6956807823683147,0.12909944487190267,1.0363063321770594,N60_K25_finer_grid,60,25,memory_d10,0,9,0.3299565534151155
8.62469732825951,0.14374495547099184,2.009237968332466,0.12909944487169459,1.0497920773838425,N60_K25_finer_grid,60,25,memory_d10,0,10,0.38621651813276453
11.644138926223139,0.19406898210371898,2.3381604772684836,0.1290994448714136,1.0612661529747556,N60_K25_finer_grid,60,25,memory_d10,0,11,0.45206921133927336
15.567797281046873,0.2594632880174479,2.6628946445035684,0.12909944487103892,1.0674286422769401,N60_K25_finer_grid,60,25,memory_d10,0,12,0.529150262212918
20.35508320907612,0.3392513868179353,2.962351738425625,0.12909944487055874,1.064057218277403,N60_K25_finer_grid,60,25,memory_d10,0,13,0.6193741864669097
25.760396847617855,0.4293399474602976,3.220662175096057,0.12909944486998404,1.0416660364505523,N60_K25_finer_grid,60,25,memory_d10,0,14,0.7249819385087718
31.364474912780214,0.5227412485463369,3.4312946776265014,0.12909944486935385,0.9600232452956309,N60_K25_finer_grid,60,25,memory_d10,0,15,0.848596571584788
36.714604333836164,0.6119100722306027,3.5961209969026826,0.12909944486872335,0.9907015921093995,N60_K25_finer_grid,60,25,memory_d10,0,16,0.9932883883792685
41.475006728928015,0.6912501121488003,3.7216600804138538,0.1290994448681422,1.0811620832877027,N60_K25_finer_grid,60,25,memory_d10,0,17,1.1626512002594223
45.485063803456,0.7580843967242666,3.8156993583742858,0.12909944486764052,1.1136604414964653,N60_K25_finer_grid,60,25,memory_d10,0,18,1.3608915892697748
48.729590425616564,0.8121598404269428,3.8854459039945364,0.12909944486722813,1.1117618428548395,N60_K25_finer_grid,60,25,memory_d10,0,19,1.5929333899384184
51.279692491057475,0.8546615415176245,3.936868578042164,0.12909944486690086,1.091573004566308,N60_K25_finer_grid,60,25,memory_d10,0,20,1.864539985982451
53.242856448233006,0.8873809408038834,3.974644518528033,0.1290994448666474,1.0796744215329275,N60_K25_finer_grid,60,25,memory_d10,0,21,2.1824574594809887
54.7318914067444,0.9121981901124067,4.002332711707756,0.12909944486645447,1.082109937972799,N60_K25_finer_grid,60,25,memory_d10,0,22,2.554582148011408
55.84931383314168,0.930821897219028,4.022597622257463,0.12909944486630945,1.0808198980834387,N60_K25_finer_grid,60,25,memory_d10,0,23,2.9901567714820447
56.68143624162621,0.9446906040271035,4.037415361716204,0.12909944486620126,1.0773321365585127,N60_K25_finer_grid,60,25,memory_d10,0,24,3.5
1.4181563454478057,0.02363593909079676,0.28599527180789186,0.12909944487249547,1.0689007127554409,N60_K25_finer_grid,60,25,memory_d10,1,0,0.07999999999999999
1.5449519636756528,0.025749199394594212,0.35628774377267847,0.1290994448724747,1.0771207448310354,N60_K25_finer_grid,60,25,memory_d10,1,1,0.09364057519339374
1.7169307744050546,0.02861551290675091,0.44489603220076773,0.1290994448724476,1.084596316027325,N60_K25_finer_grid,60,25,memory_d10,1,2,0.1096069665318704
1.9512836895213497,0.03252139482535583,0.5552194716886057,0.1290994448724119,1.0904313489407917,N60_K25_finer_grid,60,25,memory_d10,1,3,0.12829574239059252
2.273433847838361,0.037890564130639355,0.6903869434172826,0.12909944487236505,1.0931103289105983,N60_K25_finer_grid,60,25,memory_d10,1,4,0.15017108890398193
2.720880886857386,0.04534801478095643,0.8531683457750402,0.1290994448723039,1.0904617514254742,N60_K25_finer_grid,60,25,memory_d10,1,5,0.17577633927983924
3.3475399238164645,0.055792332063607744,1.0460434317583467,0.1290994448722244,1.0799793410269067,N60_K25_finer_grid,60,25,memory_d10,1,6,0.20574746894441603
4.228658247148958,0.07047763745248264,1.2710002062051433,0.12909944487212094,1.0594759964377967,N60_K25_finer_grid,60,25,memory_d10,1,7,0.24082889170675045
5.466166787659244,0.09110277979432073,1.5284496449355456,0.1290994448719851,1.0276411284999942,N60_K25_finer_grid,60,25,memory_d10,1,8,0.28189194928259564
7.1912334878137365,0.11985389146356228,1.81519447191222,0.12909944487180547,1.0278156983668454,N60_K25_finer_grid,60,25,memory_d10,1,9,0.3299565534151155
9.554531602709813,0.1592421933784969,2.1225166168838596,0.1290994448715676,1.0447278667265358,N60_K25_finer_grid,60,25,memory_d10,1,10,0.38621651813276453
12.691401687668474,0.21152336146114123,2.4360802430911184,0.12909944487125596,1.054011553752797,N60_K25_finer_grid,60,25,memory_d10,1,11,0.45206921133927336
16.659720109583255,0.27766200182638756,2.7385070705907344,0.12909944487085828,1.0548889471048253,N60_K25_finer_grid,60,25,memory_d10,1,12,0.529150262212918
21.3745695647188,0.35624282607864666,3.013754399542544,0.12909944487037314,1.0507466331919029,N60_K25_finer_grid,60,25,memory_d10,1,13,0.6193741864669097
26.584285391797653,0.44307142319662757,3.251100771296272,0.12909944486981695,1.050460894498032,N60_K25_finer_grid,60,25,memory_d10,1,14,0.7249819385087718
31.921642012912063,0.5320273668818677,3.4466561836651715,0.129099444869224,1.0446650750709823,N60_K25_finer_grid,60,25,memory_d10,1,15,0.848596571584788
37.012566300034045,0.6168761050005674,3.602179927650401,0.12909944486863684,1.0220064031254197,N60_K25_finer_grid,60,25,memory_d10,1,16,0.9932883883792685
41.57581260099367,0.6929302100165612,3.722701580413461,0.12909944486809347,1.0151034107871915,N60_K25_finer_grid,60,25,memory_d10,1,17,1.1626512002594223
45.46362951122383,0.7577271585203972,3.814402845197972,0.1290994448676188,1.056566839420771,N60_K25_finer_grid,60,25,memory_d10,1,18,1.3608915892697748
48.64700299100217,0.8107833831833695,3.8832961444643255,0.1290994448672229,1.0818754638174959,N60_K25_finer_grid,60,25,memory_d10,1,19,1.5929333899384184
51.17600416561449,0.8529334027602415,3.9346066196838425,0.12909944486690425,1.0943519866464635,N60_K25_finer_grid,60,25,memory_d10,1,20,1.864539985982451
53.14033880159836,0.8856723133599727,3.9725956724699625,0.12909944486665448,1.096540015467343,N60_K25_finer_grid,60,25,memory_d10,1,21,2.1824574594809887
54.640903881215785,0.9106817313535964,4.000607703912829,0.12909944486646246,1.089208693299465,N60_K25_finer_grid,60,25,memory_d10,1,22,2.554582148011408
55.77329793601486,0.9295549656002478,4.021204973696308,0.12909944486631697,1.0578879510148065,N60_K25_finer_grid,60,25,memory_d10,1,23,2.9901567714820447
56.620273933072056,0.9436712322178676,4.036320414006813,0.12909944486620775,1.065730880525989,N60_K25_finer_grid,60,25,memory_d10,1,24,3.5
1.8015393093992917,0.03002565515665486,0.5082150281154844,0.12909944487239916,1.0971345058267898,N60_K25_finer_grid,60,25,memory_d10,2,0,0.07999999999999999
1.9709001798678503,0.03284833633113084,0.5890925653055913,0.12909944487236757,1.0911746168834182,N60_K25_finer_grid,60,25,memory_d10,2,1,0.09364057519339374
2.189038009455142,0.03648396682425237,0.6836554658649344,0.12909944487232927,1.0815444453803824,N60_K25_finer_grid,60,25,memory_d10,2,2,0.1096069665318704
2.4737308369058915,0.04122884728176486,0.7935469626074992,0.12909944487228311,1.0722871404326433,N60_K25_finer_grid,60,25,memory_d10,2,3,0.12829574239059252
2.8509367160342065,0.04751561193390344,0.9207747961357878,0.12909944487222777,1.069907611208225,N60_K25_finer_grid,60,25,memory_d10,2,4,0.15017108890398193
3.3586728452944876,0.05597788075490813,1.0679391726513312,0.12909944487216143,1.0635158364498816,N60_K25_finer_grid,60,25,memory_d10,2,5,0.17577633927983924
4.051424986551162,0.0675237497758527,1.2381654528233144,0.12909944487208125,1.0526787206068067,N60_K25_finer_grid,60,25,memory_d10,2,6,0.20574746894441603
5.004147008194176,0.08340245013656959,1.434489237666497,0.1290994448719827,1.0362812512639024,N60_K25_finer_grid,60,25,memory_d10,2,7,0.24082889170675045
6.31460708999018,0.10524345149983634,1.6586642952727477,0.12909944487185912,1.0216962172320556,N60_K25_finer_grid,60,25,memory_d10,2,8,0.28189194928259564
8.101025817743956,0.13501709696239927,1.9096798601821052,0.12909944487170108,1.0585396700346072,N60_K25_finer_grid,60,25,memory_d10,2,9,0.3299565534151155
10.489719568798881,0.17482865947998136,2.1823802839616238,0.1290994448714963,1.1188814981591908,N60_K25_finer_grid,60,25,memory_d10,2,10,0.38621651813276453
13.588957234898297,0.2264826205816383,2.4667194039578044,0.1290994448712307,1.16425271315305,N60_K25_finer_grid,60,25,memory_d10,2,11,0.45206921133927336
17.447892913078977,0.29079821521798294,2.748617876589085,0.1290994448708911,1.1818176175125605,N60_K25_finer_grid,60,25,memory_d10,2,12,0.529150262212918
22.005357195460622,0.366755953257677,3.012926547407662,0.12909944487046804,1.1707569674605116,N60_K25_finer_grid,60,25,memory_d10,2,13,0.6193741864669097
27.055630878061763,0.4509271813010294,3.247244782622917,0.1290994448699595,1.1289213299639058,N60_K25_finer_grid,60,25,memory_d10,2,14,0.7249819385087718
32.27240281074109,0.5378733801790182,3.4444420213559312,0.12909944486937902,1.0373363630540078,N60_K25_finer_grid,60,25,memory_d10,2,15,0.848596571584788
37.296992836704995,0.6216165472784165,3.6030117235726653,0.12909944486876562,1.0009487967490824,N60_K25_finer_grid,60,25,memory_d10,2,16,0.9932883883792685
41.83619579569074,0.697269929928179,3.7259336846426687,0.12909944486817632,1.029282347404235,N60_K25_finer_grid,60,25,memory_d10,2,17,1.1626512002594223
45.71597836730273,0.7619329727883789,3.818785275205002,0.12909944486765873,1.0184187905450963,N60_K25_finer_grid,60,25,memory_d10,2,18,1.3608915892697748
48.886498455938735,0.8147749742656456,3.887816356449802,0.12909944486723368,0.9857799507458058,N60_K25_finer_grid,60,25,memory_d10,2,19,1.5929333899384184
51.391572787106576,0.8565262131184429,3.938692968771328,0.12909944486689934,1.0045739292942548,N60_K25_finer_grid,60,25,memory_d10,2,20,1.864539985982451
53.32433796852972,0.888738966142162,3.9760232147486154,0.129099444866643,1.0282136184631288,N60_K25_finer_grid,60,25,memory_d10,2,21,2.1824574594809887
54.79136556203577,0.9131894260339295,4.0033536156090594,0.1290994448664496,1.0458646464340544,N60_K25_finer_grid,60,25,memory_d10,2,22,2.554582148011408
55.892458564033994,0.9315409760672332,4.023340903427892,0.12909944486630495,1.0583094922065805,N60_K25_finer_grid,60,25,memory_d10,2,23,2.9901567714820447
56.71248134714132,0.9452080224523554,4.037949721548333,0.12909944486619765,1.0665560313992801,N60_K25_finer_grid,60,25,memory_d10,2,24,3.5
1.4487661651364447,0.02414610275227408,0.3075227695885349,0.12909944487248287,1.09573249442535,N60_K25_finer_grid,60,25,memory_d10,3,0,0.07999999999999999
1.565110569921283,0.026085176165354718,0.37063727144129366,0.12909944487246283,1.112840105201491,N60_K25_finer_grid,60,25,memory_d10,3,1,0.09364057519339374
1.7204215653096726,0.02867369275516121,0.4484505617239532,0.1290994448724378,1.131627470665372,N60_K25_finer_grid,60,25,memory_d10,3,2,0.1096069665318704
1.9307577980759463,0.032179296634599105,0.5444297887464636,0.12909944487240615,1.1507831307180432,N60_K25_finer_grid,60,25,memory_d10,3,3,0.12829574239059252
2.220022026840885,0.03700036711401475,0.6624534724353015,0.12909944487236577,1.1678254121153908,N60_K25_finer_grid,60,25,memory_d10,3,4,0.15017108890398193
2.623007515940089,0.04371679193233482,0.8067491880190404,0.12909944487231392,1.1789744218884834,N60_K25_finer_grid,60,25,memory_d10,3,5,0.17577633927983924
3.1896778342611856,0.05316129723768643,0.9817855416278662,0.12909944487224684,1.1795688043515855,N60_K25_finer_grid,60,25,memory_d10,3,6,0.20574746894441603
3.9917980744106343,0.0665299679068439,1.1917296120748067,0.12909944487215896,1.1649207056723143,N60_K25_finer_grid,60,25,memory_d10,3,7,0.24082889170675045
5.1315012807848355,0.08552502134641392,1.4391202177267794,0.12909944487204245,1.1345546511644151,N60_K25_finer_grid,60,25,memory_d10,3,8,0.28189194928259564
6.747382152476941,0.11245636920794902,1.722787578799546,0.12909944487188635,1.119079898774671,N60_K25_finer_grid,60,25,memory_d10,3,9,0.3299565534151155
9.00842727541643,0.15014045459027384,2.035559955900865,0.12909944487167613,1.0945879123177606,N60_K25_finer_grid,60,25,memory_d10,3,10,0.38621651813276453
12.082251484885573,0.2013708580814262,2.363014914521278,0.12909944487139385,1.0592338989981012,N60_K25_finer_grid,60,25,memory_d10,3,11,0.45206921133927336
16.06802818645131,0.26780046977418853,2.685106882765672,0.1290994448710213,1.0130229925733307,N60_K25_finer_grid,60,25,memory_d10,3,12,0.529150262212918
20.907628263282824,0.3484604710547137,2.9813081606021723,0.12909944487054764,0.9623164597120847,N60_K25_finer_grid,60,25,memory_d10,3,13,0.6193741864669097
26.33257514772665,0.43887625246211087,3.2366833663062753,0.1290994448699795,0.9705583205175622,N60_K25_finer_grid,60,25,memory_d10,3,14,0.7249819385087718
31.91708583573167,0.5319514305955279,3.445010577826698,0.1290994448693497,1.0085991276797148,N60_K25_finer_grid,60,25,memory_d10,3,15,0.848596571584788
37.22148773782405,0.6203581289637341,3.60787492138498,0.12909944486871247,1.0274964862959541,N60_K25_finer_grid,60,25,memory_d10,3,16,0.9932883883792685
41.92359225460845,0.6987265375768075,3.7315305312965217,0.12909944486812258,1.0547429254692051,N60_K25_finer_grid,60,25,memory_d10,3,17,1.1626512002594223
45.86935339391344,0.7644892232318907,3.823743575791879,0.12909944486761513,1.0709023653935803,N60_K25_finer_grid,60,25,memory_d10,3,18,1.3608915892697748
49.04813375122539,0.8174688958537566,3.8918145235267945,0.1290994448672012,1.07255992598952,N60_K25_finer_grid,60,25,memory_d10,3,19,1.5929333899384184
51.53576720573245,0.8589294534288742,3.941792083336332,0.1290994448668757,1.0603460558473892,N60_K25_finer_grid,60,25,memory_d10,3,20,1.864539985982451
53.44345386917775,0.8907242311529625,3.978382343214009,0.12909944486662572,1.061327863390651,N60_K25_finer_grid,60,25,memory_d10,3,21,2.1824574594809887
54.88584755029637,0.9147641258382728,4.0051326966955285,0.12909944486643676,1.0817754040542347,N60_K25_finer_grid,60,25,memory_d10,3,22,2.554582148011408
55.96565143104822,0.932760857184137,4.024674925980467,0.1290994448662954,1.0923425683871144,N60_K25_finer_grid,60,25,memory_d10,3,23,2.9901567714820447
56.7683423651484,0.94613903941914,4.038945972618318,0.1290994448661905,1.0967045614277866,N60_K25_finer_grid,60,25,memory_d10,3,24,3.5
1.65607660275165,0.0276012767125275,0.38806531725186943,0.12909944487245503,1.1255009944499887,N60_K25_finer_grid,60,25,narma10,0,0,0.07999999999999999
1.7832582929704044,0.02972097154950674,0.44743072282454466,0.129099444872436,1.1445574023625773,N60_K25_finer_grid,60,25,narma10,0,1,0.09364057519339374
1.943738088086556,0.0323956348014426,0.5193299692507615,0.12909944487241234,1.1681012484219502,N60_K25_finer_grid,60,25,narma10,0,2,0.1096069665318704
2.150321024872403,0.035838683747873384,0.6065827268416653,0.1290994448723826,1.1975113778240594,N60_K25_finer_grid,60,25,narma10,0,3,0.12829574239059252
2.4220118297794784,0.04036686382965797,0.7122952349389859,0.12909944487234484,1.2340765373005098,N60_K25_finer_grid,60,25,narma10,0,4,0.15017108890398193
2.786996677533351,0.04644994462555585,0.8400864229951179,0.12909944487229683,1.278689708951971,N60_K25_finer_grid,60,25,narma10,0,5,0.17577633927983924
3.2874133509830528,0.05479022251638421,0.994275188843464,0.1290994448722354,1.331376184026175,N60_K25_finer_grid,60,25,narma10,0,6,0.20574746894441603
3.98608297399352,0.06643471623322533,1.1797473989629002,0.12909944487215613,1.3905609659691796,N60_K25_finer_grid,60,25,narma10,0,7,0.24082889170675045
4.974915312616384,0.08291525521027306,1.4010301683660455,0.12909944487205222,1.451884054191786,N60_K25_finer_grid,60,25,narma10,0,8,0.28189194928259564
6.383413118335172,0.10639021863891954,1.6601275100540254,0.12909944487191372,1.506603589162366,N60_K25_finer_grid,60,25,narma10,0,9,0.3299565534151155
8.379594263163574,0.13965990438605955,1.9534810402485454,0.12909944487172678,1.5411392548134708,N60_K25_finer_grid,60,25,narma10,0,10,0.38621651813276453
11.146297723186873,0.1857716287197812,2.2696878452694804,0.12909944487147404,1.5411606568046883,N60_K25_finer_grid,60,25,narma10,0,11,0.45206921133927336
14.81837839434319,0.24697297323905318,2.5901257834672013,0.12909944487113678,1.5009117586847671,N60_K25_finer_grid,60,25,narma10,0,12,0.529150262212918
19.392866782054394,0.32321444636757324,2.8934111800407276,0.12909944487070094,1.4294493933934183,N60_K25_finer_grid,60,25,narma10,0,13,0.6193741864669097
24.66305071511402,0.41105084525190033,3.1617162851413183,0.12909944487016606,1.3432874279899052,N60_K25_finer_grid,60,25,narma10,0,14,0.7249819385087718
30.241829872175458,0.504030497869591,3.385181976014719,0.1290994448695553,1.2502095552357129,N60_K25_finer_grid,60,25,narma10,0,15,0.848596571584788
35.68026922161595,0.5946711536935992,3.562438658099436,0.1290994448689159,1.1399005324647558,N60_K25_finer_grid,60,25,narma10,0,16,0.9932883883792685
40.60622957298574,0.6767704928830957,3.698143598721224,0.12909944486830452,1.0088552114770557,N60_K25_finer_grid,60,25,narma10,0,17,1.1626512002594223
44.80551756530789,0.7467586260884648,3.7996731612599906,0.12909944486776523,1.0076378232923127,N60_K25_finer_grid,60,25,narma10,0,18,1.3608915892697748
48.22293537696657,0.8037155896161094,3.8746193519807717,0.12909944486731834,1.0194207595137317,N60_K25_finer_grid,60,25,narma10,0,19,1.5929333899384184
50.91252442536923,0.8485420737561538,3.929546847775147,0.12909944486696387,1.0111450866042266,N60_K25_finer_grid,60,25,narma10,0,20,1.864539985982451
52.980622362554875,0.8830103727092479,3.969660953437182,0.12909944486669073,0.9970368277205375,N60_K25_finer_grid,60,25,narma10,0,21,2.1824574594809887
54.54568547205029,0.9090947578675048,3.9989105557721425,0.12909944486648414,1.0000509557547836,N60_K25_finer_grid,60,25,narma10,0,22,2.554582148011408
55.71719243715405,0.9286198739525674,4.02022560874691,0.12909944486632974,1.0095690662237196,N60_K25_finer_grid,60,25,narma10,0,23,2.9901567714820447
56.58751491398574,0.9431252485664291,4.035756658750602,0.1290994448662153,1.0173290362076537,N60_K25_finer_grid,60,25,narma10,0,24,3.5
1.4875667205363032,0.024792778675605052,0.29363401707417686,0.12909944487249542,0.9808787118795705,N60_K25_finer_grid,60,25,narma10,1,0,0.07999999999999999
1.6103192940085451,0.02683865490014242,0.35586193489178164,0.1290994448724778,0.9771135979359036,N60_K25_finer_grid,60,25,narma10,1,1,0.09364057519339374
1.7780460857519709,0.029634101429199516,0.434782004375654,0.12909944487245484,0.9679122462589198,N60_K25_finer_grid,60,25,narma10,1,2,0.1096069665318704
2.00780671974667,0.03346344532911116,0.5338117309095177,0.12909944487242483,0.9504749858459074,N60_K25_finer_grid,60,25,narma10,1,3,0.12829574239059252
2.323053734286059,0.03871756223810098,0.6561149387890534,0.1290994448723856,0.9311699789270554,N60_K25_finer_grid,60,25,narma10,1,4,0.15017108890398193
2.7565092803528093,0.04594182133921349,0.8043665824054954,0.12909944487233463,0.9213782227820798,N60_K25_finer_grid,60,25,narma10,1,5,0.17577633927983924
3.3539385867796647,0.05589897644632775,0.9809416396711899,0.1290994448722688,0.9143532509575634,N60_K25_finer_grid,60,25,narma10,1,6,0.20574746894441603
4.178889148747083,0.06964815247911806,1.188249236772162,0.12909944487218386,0.9110453311372348,N60_K25_finer_grid,60,25,narma10,1,7,0.24082889170675045
5.318845671106472,0.08864742785177454,1.4284590534284443,0.12909944487207314,0.9078668588888682,N60_K25_finer_grid,60,25,narma10,1,8,0.28189194928259564
6.891339636176787,0.11485566060294645,1.702009953582391,0.12909944487192632,0.8999187362422256,N60_K25_finer_grid,60,25,narma10,1,9,0.3299565534151155
9.043610780244911,0.1507268463374152,2.004938829575489,0.12909944487172795,0.8892758576864686,N60_K25_finer_grid,60,25,narma10,1,10,0.38621651813276453
11.934710331468656,0.19891183885781094,2.326142417289682,0.12909944487145755,0.8931864375276957,N60_K25_finer_grid,60,25,narma10,1,11,0.45206921133927336
15.686697432008735,0.2614449572001456,2.6471059104342065,0.12909944487109296,0.898168911160988,N60_K25_finer_grid,60,25,narma10,1,12,0.529150262212918
20.300102407839923,0.3383350401306654,2.9463086203470095,0.12909944487062033,0.893182235015052,N60_K25_finer_grid,60,25,narma10,1,13,0.6193741864669097
25.571859321459424,0.4261976553576571,3.2065531699094176,0.12909944487004785,0.9206817222591168,N60_K25_finer_grid,60,25,narma10,1,14,0.7249819385087718
31.10418963297802,0.5184031605496336,3.4199209635222236,0.1290994448694133,0.9416329807022836,N60_K25_finer_grid,60,25,narma10,1,15,0.848596571584788
36.43926607023331,0.6073211011705552,3.5873793421081546,0.12909944486877373,0.9715949626038322,N60_K25_finer_grid,60,25,narma10,1,16,0.9932883883792685
41.22096980240683,0.6870161633734472,3.715086084906875,0.12909944486818223,1.0173482613127707,N60_K25_finer_grid,60,25,narma10,1,17,1.1626512002594223
45.268322257681945,0.7544720376280324,3.81079268765065,0.12909944486767128,1.0173000405698254,N60_K25_finer_grid,60,25,narma10,1,18,1.3608915892697748
48.5530206686319,0.809217011143865,3.8817886083236903,0.12909944486725153,1.0199381220067434,N60_K25_finer_grid,60,25,narma10,1,19,1.5929333899384184
51.13985966272337,0.8523309943787228,3.9341409738003548,0.12909944486691866,1.0268505525374834,N60_K25_finer_grid,60,25,narma10,1,20,1.864539985982451
53.134117845073575,0.8855686307512263,3.9726089858848983,0.12909944486666092,1.0284765015697577,N60_K25_finer_grid,60,25,narma10,1,21,2.1824574594809887
54.64838266476303,0.9108063777460504,4.000813535416792,0.12909944486646477,1.0245714007803177,N60_K25_finer_grid,60,25,narma10,1,22,2.554582148011408
55.78576110531182,0.9297626850885303,4.021464457178218,0.1290994448663172,1.01748087781514,N60_K25_finer_grid,60,25,narma10,1,23,2.9901567714820447
56.633405595786535,0.9438900932631089,4.036571045405241,0.12909944486620717,1.0089897166567674,N60_K25_finer_grid,60,25,narma10,1,24,3.5
1.590615374521547,0.026510256242025784,0.3789333065523461,0.12909944487246347,1.0147221448081156,N60_K25_finer_grid,60,25,narma10,2,0,0.07999999999999999
1.7556938540067064,0.029261564233445107,0.46114537566740693,0.1290994448724368,1.0065453657659735,N60_K25_finer_grid,60,25,narma10,2,1,0.09364057519339374
1.9737474191385842,0.0328957903189764,0.5589664243034898,0.12909944487240366,0.9935076197865301,N60_K25_finer_grid,60,25,narma10,2,2,0.1096069665318704
2.2621116300521886,0.03770186050086981,0.6737546874486522,0.1290994448723629,0.9785233719586972,N60_K25_finer_grid,60,25,narma10,2,3,0.12829574239059252
2.6445175912662973,0.04407529318777162,0.80753241403794,0.1290994448723131,0.9954173603744297,N60_K25_finer_grid,60,25,narma10,2,4,0.15017108890398193
3.1544767672715657,0.05257461278785943,0.9633534706032082,0.12909944487225164,1.0083462845433204,N60_K25_finer_grid,60,25,narma10,2,5,0.17577633927983924
3.840549440675788,0.06400915734459647,1.1451677549140757,0.12909944487217465,1.0149906894374734,N60_K25_finer_grid,60,25,narma10,2,6,0.20574746894441603
4.773505141259299,0.07955841902098831,1.3570068177198527,0.12909944487207578,1.01304323987392,N60_K25_finer_grid,60,25,narma10,2,7,0.24082889170675045
6.053558225998049,0.10089263709996749,1.6013948664033342,0.12909944487194586,1.0001907991896895,N60_K25_finer_grid,60,25,narma10,2,8,0.28189194928259564
7.813191475900523,0.1302198579316754,1.8769670388936064,0.1290994448717717,0.97402734975834,N60_K25_finer_grid,60,25,narma10,2,9,0.3299565534151155
10.207590746825959,0.1701265124470993,2.1759886400164516,0.1290994448715363,0.9382703428408607,N60_K25_finer_grid,60,25,narma10,2,10,0.38621651813276453
13.380372800886185,0.22300621334810308,2.483738706852181,0.12909944487122177,0.9450286872063124,N60_K25_finer_grid,60,25,narma10,2,11,0.45206921133927336
17.39604499440953,0.2899340832401588,2.7815091925317286,0.12909944487081504,0.94903495368887,N60_K25_finer_grid,60,25,narma10,2,12,0.529150262212918
22.163065480030816,0.3693844246671803,3.0521071454003788,0.12909944487031633,0.952708296734638,N60_K25_finer_grid,60,25,narma10,2,13,0.6193741864669097
27.409600279555537,0.45682667132592564,3.28441067747914,0.12909944486974576,0.9513068602526676,N60_K25_finer_grid,60,25,narma10,2,14,0.7249819385087718
32.749169711748614,0.5458194951958102,3.474680518765908,0.12909944486914182,0.9951907918675966,N60_K25_finer_grid,60,25,narma10,2,15,0.848596571584788
37.80032235760206,0.6300053726267011,3.625031887886245,0.12909944486855038,1.0245321363141455,N60_K25_finer_grid,60,25,narma10,2,16,0.9932883883792685
42.28729458211864,0.7047882430353106,3.740833022257626,0.12909944486801017,1.0246975347415368,N60_K25_finer_grid,60,25,narma10,2,17,1.1626512002594223
46.076174355332505,0.7679362392555418,3.828476480606924,0.12909944486754427,1.036454678485204,N60_K25_finer_grid,60,25,narma10,2,18,1.3608915892697748
49.15356688994602,0.8192261148324337,3.8940404441792746,0.12909944486715988,1.0485343577805055,N60_K25_finer_grid,60,25,narma10,2,19,1.5929333899384184
51.58178038081282,0.8596963396802138,3.9427106841500597,0.12909944486685312,1.0530800410594758,N60_K25_finer_grid,60,25,narma10,2,20,1.864539985982451
53.45758186804806,0.890959697800801,3.978655590296607,0.12909944486661423,1.052766704721956,N60_K25_finer_grid,60,25,narma10,2,21,2.1824574594809887
54.88448599216348,0.9147414332027246,4.005111115904443,0.1290994448664314,1.0475964218697775,N60_K25_finer_grid,60,25,narma10,2,22,2.554582148011408
55.95785134299032,0.9326308557165053,4.024536805084105,0.12909944486629338,1.0376801735582486,N60_K25_finer_grid,60,25,narma10,2,23,2.9901567714820447
56.758748667702406,0.9459791444617067,4.038777496929957,0.12909944486619002,1.0236016974593547,N60_K25_finer_grid,60,25,narma10,2,24,3.5
1.6091493761758204,0.026819156269597008,0.36359275459015655,0.12909944487246816,0.9772715649272957,N60_K25_finer_grid,60,25,narma10,3,0,0.07999999999999999
1.7433381059846025,0.029055635099743373,0.427071904467445,0.129099444872447,0.9746276930978682,N60_K25_finer_grid,60,25,narma10,3,1,0.09364057519339374
1.9147551429935958,0.03191258571655993,0.5019789257659545,0.12909944487242173,0.9768670571322415,N60_K25_finer_grid,60,25,narma10,3,2,0.1096069665318704
2.1371467268426563,0.03561911211404427,0.5909802435527125,0.1290994448723913,0.981390603845796,N60_K25_finer_grid,60,25,narma10,3,3,0.12829574239059252
2.4306917399598884,0.04051152899933148,0.6978394869918289,0.1290994448723542,0.985373236516639,N60_K25_finer_grid,60,25,narma10,3,4,0.15017108890398193
2.825580721915908,0.0470930120319318,0.8276247002187865,0.1290994448723079,0.9867102575826888,N60_K25_finer_grid,60,25,narma10,3,5,0.17577633927983924
3.3672221627688814,0.05612036937948136,0.9864979286620321,0.1290994448722482,0.983477506522627,N60_K25_finer_grid,60,25,narma10,3,6,0.20574746894441603
4.123345524725647,0.06872242541209413,1.180707273122062,0.12909944487216887,0.972400558838814,N60_K25_finer_grid,60,25,narma10,3,7,0.24082889170675045
5.1926096808697455,0.08654349468116243,1.4145597461520834,0.12909944487206107,0.9434696547085993,N60_K25_finer_grid,60,25,narma10,3,8,0.28189194928259564
6.711262677467271,0.11185437795778785,1.6877660636169294,0.12909944487191338,0.923790375326242,N60_K25_finer_grid,60,25,narma10,3,9,0.3299565534151155
8.847922122368193,0.14746536870613655,1.9932785005463962,0.12909944487171185,0.969149095287279,N60_K25_finer_grid,60,25,narma10,3,10,0.38621651813276453
11.771982323728926,0.1961997053954821,2.316860415883724,0.12909944487143998,0.9996147739647975,N60_K25_finer_grid,60,25,narma10,3,11,0.45206921133927336
15.58984192419087,0.2598306987365145,2.639032215770528,0.12909944487108038,1.0361156444495532,N60_K25_finer_grid,60,25,narma10,3,12,0.529150262212918
20.26683240633962,0.33778054010566033,2.9392730306351575,0.12909944487062044,1.0770968270050856,N60_K25_finer_grid,60,25,narma10,3,13,0.6193741864669097
25.577509444322448,0.4262918240720408,3.2013018629798493,0.1290994448700633,1.1178636026914257,N60_K25_finer_grid,60,25,narma10,3,14,0.7249819385087718
31.131526087536546,0.518858768125609,3.416961554252433,0.12909944486943895,1.143323854774787,N60_K25_finer_grid,60,25,narma10,3,15,0.848596571584788
36.48616733822694,0.608102788970449,3.586481159863099,0.12909944486880023,1.134554967444236,N60_K25_finer_grid,60,25,narma10,3,16,0.9932883883792685
41.28727395388486,0.6881212325647478,3.7155867273122496,0.1290994448682024,1.0914777237027415,N60_K25_finer_grid,60,25,narma10,3,17,1.1626512002594223
45.34794616199942,0.7557991026999903,3.8120200140996965,0.12909944486768285,1.0476033055379999,N60_K25_finer_grid,60,25,narma10,3,18,1.3608915892697748
48.6365531233826,0.8106092187230433,3.883258394365371,0.12909944486725572,1.0403912939647104,N60_K25_finer_grid,60,25,narma10,3,19,1.5929333899384184
51.21909875382396,0.853651645897066,3.935571938486872,0.129099444866918,1.0463562040247867,N60_K25_finer_grid,60,25,narma10,3,20,1.864539985982451
53.20406170853904,0.8867343618089839,3.973868676142212,0.12909944486665773,1.0396392838399793,N60_K25_finer_grid,60,25,narma10,3,21,2.1824574594809887
54.70704966203086,0.9117841610338477,4.001859574529334,0.1290994448664606,1.0249606763456933,N60_K25_finer_grid,60,25,narma10,3,22,2.554582148011408
55.83321487714702,0.9305535812857837,4.022301574917841,0.12909944486631308,1.0068345988253367,N60_K25_finer_grid,60,25,narma10,3,23,2.9901567714820447
56.6708026668537,0.9445133777808951,4.0372246481199054,0.12909944486620345,0.9895295094836302,N60_K25_finer_grid,60,25,narma10,3,24,3.5
1.4738317899117988,0.024563863165196646,0.3084441100764712,0.1290994448724852,1.0833479946075792,N60_K25_finer_grid,60,25,lorenz_x,0,0,0.07999999999999999
1.5936021654206662,0.02656003609034444,0.37154821279775674,0.129099444872466,1.0944838223358142,N60_K25_finer_grid,60,25,lorenz_x,0,1,0.09364057519339374
1.7528038911086257,0.02921339818514376,0.44959601085847073,0.12909944487244157,1.107567370473295,N60_K25_finer_grid,60,25,lorenz_x,0,2,0.1096069665318704
1.9668839553396142,0.03278139925566024,0.5452849991795687,0.1290994448724105,1.122146581266484,N60_K25_finer_grid,60,25,lorenz_x,0,3,0.12829574239059252
2.25741018250958,0.03762350304182634,0.6615579068537355,0.12909944487237113,1.1371900723817172,N60_K25_finer_grid,60,25,lorenz_x,0,4,0.15017108890398193
2.6552998234163736,0.04425499705693956,0.8018412655664976,0.12909944487232114,1.1510447700768995,N60_K25_finer_grid,60,25,lorenz_x,0,5,0.17577633927983924
3.2058904973735936,0.05343150828955989,0.9701480614867073,0.1290994448722575,1.161088493123827,N60_K25_finer_grid,60,25,lorenz_x,0,6,0.20574746894441603
3.975782094758686,0.06626303491264476,1.170721525512134,0.12909944487217556,1.163744718630821,N60_K25_finer_grid,60,25,lorenz_x,0,7,0.24082889170675045
5.0605206347828595,0.08434201057971433,1.4068445190040182,0.12909944487206845,1.154935883817795,N60_K25_finer_grid,60,25,lorenz_x,0,8,0.28189194928259564
6.58970864757338,0.10982847745955633,1.6787056650438588,0.12909944487192582,1.1308803152852875,N60_K25_finer_grid,60,25,lorenz_x,0,9,0.3299565534151155
8.721266721020845,0.14535444535034742,1.9809031761189333,0.1290994448717336,1.0885253076425347,N60_K25_finer_grid,60,25,lorenz_x,0,10,0.38621651813276453
11.613794027783646,0.1935632337963941,2.3010181670852807,0.12909944487147454,1.0234084239902486,N60_K25_finer_grid,60,25,lorenz_x,0,11,0.45206921133927336
15.370755707335585,0.2561792617889264,2.6208771699948743,0.12909944487112968,0.9346309236746193,N60_K25_finer_grid,60,25,lorenz_x,0,12,0.529150262212918
19.9672129651841,0.33278688275306834,2.9206481909240796,0.129099444870683,0.9318920398301838,N60_K25_finer_grid,60,25,lorenz_x,0,13,0.6193741864669097
25.199416639587334,0.41999027732645555,3.1840020266483653,0.12909944487013264,1.0113712121697178,N60_K25_finer_grid,60,25,lorenz_x,0,14,0.7249819385087718
30.703843341743628,0.5117307223623938,3.402074905916484,0.12909944486950575,1.064193926655717,N60_K25_finer_grid,60,25,lorenz_x,0,15,0.848596571584788
36.05318119475239,0.6008863532458731,3.574299964784529,0.1290994448688582,1.0982872692638224,N60_K25_finer_grid,60,25,lorenz_x,0,16,0.9932883883792685
40.88770061183649,0.6814616768639415,3.7059300551806844,0.12909944486825015,1.1167175297985572,N60_K25_finer_grid,60,25,lorenz_x,0,17,1.1626512002594223
45.00373341180508,0.7500622235300847,3.8045291872799463,0.12909944486772168,1.1210847407419857,N60_K25_finer_grid,60,25,lorenz_x,0,18,1.3608915892697748
48.3542348867449,0.8059039147790816,3.8775430606969024,0.12909944486728725,1.116594191118694,N60_K25_finer_grid,60,25,lorenz_x,0,19,1.5929333899384184
50.99551160386065,0.8499251933976775,3.931268202996701,0.12909944486694333,1.1116376548857774,N60_K25_finer_grid,60,25,lorenz_x,0,20,1.864539985982451
53.0313901743738,0.88385650290623,3.970661265742143,0.12909944486667788,1.109109323212896,N60_K25_finer_grid,60,25,lorenz_x,0,21,2.1824574594809887
54.576100487322655,0.9096016747887109,3.9994881297822427,0.12909944486647634,1.106354951536396,N60_K25_finer_grid,60,25,lorenz_x,0,22,2.554582148011408
55.73519766671314,0.9289199611118857,4.020558563108787,0.12909944486632513,1.1019857298626075,N60_K25_finer_grid,60,25,lorenz_x,0,23,2.9901567714820447
56.59811847370621,0.9433019745617701,4.035948999411296,0.12909944486621258,1.0962972146505239,N60_K25_finer_grid,60,25,lorenz_x,0,24,3.5
1.5591475225292915,0.025985792042154857,0.3710589947347524,0.1290994448724605,1.0359794827761875,N60_K25_finer_grid,60,25,lorenz_x,1,0,0.07999999999999999
1.6986901400580814,0.028311502334301356,0.44013218657176495,0.12909944487243652,1.032386147805332,N60_K25_finer_grid,60,25,lorenz_x,1,1,0.09364057519339374
1.8771587524700488,0.031285979207834144,0.5222621089313206,0.129099444872408,1.027348097249661,N60_K25_finer_grid,60,25,lorenz_x,1,2,0.1096069665318704
2.1103190812231087,0.035171984687051815,0.6219847197034412,0.1290994448723729,1.021254873330914,N60_K25_finer_grid,60,25,lorenz_x,1,3,0.12829574239059252
2.4227688328138153,0.04037948054689692,0.7445615288151949,0.12909944487232836,1.0265976644737467,N60_K25_finer_grid,60,25,lorenz_x,1,4,0.15017108890398193
2.8518191875826178,0.04753031979304363,0.8952619106226004,0.12909944487227026,1.029064506117775,N60_K25_finer_grid,60,25,lorenz_x,1,5,0.17577633927983924
3.452764161665405,0.05754606936109008,1.0785791306081636,0.12909944487219344,1.0276206963087287,N60_K25_finer_grid,60,25,lorenz_x,1,6,0.20574746894441603
4.305568107855582,0.0717594684642597,1.2973482423511398,0.1290994448720911,1.0197031289327607,N60_K25_finer_grid,60,25,lorenz_x,1,7,0.24082889170675045
5.521010694637534,0.09201684491062556,1.5516545283381895,0.1290994448719546,1.0249165002041272,N60_K25_finer_grid,60,25,lorenz_x,1,8,0.28189194928259564
7.241072762031849,0.12068454603386415,1.8375014478371576,0.12909944487177238,1.0251143826807014,N60_K25_finer_grid,60,25,lorenz_x,1,9,0.3299565534151155
9.625828907536693,0.16043048179227823,2.14552312748438,0.12909944487152997,1.0217787195696284,N60_K25_finer_grid,60,25,lorenz_x,1,10,0.38621651813276453
12.817841294025754,0.21363068823376258,2.4607414229476827,0.12909944487121125,1.0366414629706595,N60_K25_finer_grid,60,25,lorenz_x,1,11,0.45206921133927336
16.878678255709872,0.2813113042618312,2.764751309170051,0.12909944487080346,1.0207014545751802,N60_K25_finer_grid,60,25,lorenz_x,1,12,0.529150262212918
21.715106491421675,0.36191844152369457,3.040384055844079,0.12909944487030633,1.0125508210681307,N60_K25_finer_grid,60,25,lorenz_x,1,13,0.6193741864669097
27.047990874120696,0.4507998479020116,3.2763884160732553,0.12909944486973948,1.0139122711443609,N60_K25_finer_grid,60,25,lorenz_x,1,14,0.7249819385087718
32.47402951615586,0.5412338252692643,3.4691460292689453,0.12909944486914043,1.0209835100839086,N60_K25_finer_grid,60,25,lorenz_x,1,15,0.848596571584788
37.5966658402496,0.6266110973374933,3.621106136203826,0.12909944486855351,1.053148782232444,N60_K25_finer_grid,60,25,lorenz_x,1,16,0.9932883883792685
42.135985614375855,0.7022664269062643,3.7379622346715022,0.12909944486801622,1.064147174462674,N60_K25_finer_grid,60,25,lorenz_x,1,17,1.1626512002594223
45.9616908093832,0.7660281801563866,3.8263274297554086,0.12909944486755145,1.0827870709542202,N60_K25_finer_grid,60,25,lorenz_x,1,18,1.3608915892697748
49.06547548371724,0.8177579247286207,3.8924083072021016,0.12909944486716693,1.0843299495362528,N60_K25_finer_grid,60,25,lorenz_x,1,19,1.5929333899384184
51.513381267109075,0.8585563544518179,3.9414624098403213,0.12909944486685943,1.0737846560071156,N60_K25_finer_grid,60,25,lorenz_x,1,20,1.864539985982451
53.40438375157045,0.8900730625261741,3.9776991357031077,0.12909944486661953,1.0583987299076036,N60_K25_finer_grid,60,25,lorenz_x,1,21,2.1824574594809887
54.84323810990062,0.9140539684983436,4.004379274493288,0.1290994448664358,1.0431452740561615,N60_K25_finer_grid,60,25,lorenz_x,1,22,2.554582148011408
55.92604437676597,0.9321007396127662,4.02397861728001,0.12909944486629682,1.0358861147963885,N60_K25_finer_grid,60,25,lorenz_x,1,23,2.9901567714820447
56.73437680786663,0.9455729467977771,4.038353483500562,0.12909944486619274,1.040593339041783,N60_K25_finer_grid,60,25,lorenz_x,1,24,3.5
1.3523343062167326,0.02253890510361221,0.23634086536389096,0.12909944487251115,1.0191385580785322,N60_K25_finer_grid,60,25,lorenz_x,2,0,0.07999999999999999
1.4505516817097543,0.02417586136182924,0.294785848362719,0.12909944487249433,1.02364104184793,N60_K25_finer_grid,60,25,lorenz_x,2,1,0.09364057519339374
1.5850973969667344,0.026418289949445572,0.3703647998410722,0.12909944487247182,1.0269103378075215,N60_K25_finer_grid,60,25,lorenz_x,2,2,0.1096069665318704
1.770415676741591,0.029506927945693186,0.466576147292397,0.1290994448724417,1.027580579258708,N60_K25_finer_grid,60,25,lorenz_x,2,3,0.12829574239059252
2.0273356570924292,0.033788927618207155,0.5870606081225429,0.12909944487240183,1.024188411798227,N60_K25_finer_grid,60,25,lorenz_x,2,4,0.15017108890398193
2.386488398527909,0.039774806642131816,0.7356249238796708,0.12909944487234926,1.015176909653579,N60_K25_finer_grid,60,25,lorenz_x,2,5,0.17577633927983924
2.893625671205713,0.048227094520095215,0.9162113173773143,0.12909944487228014,0.9984329621659814,N60_K25_finer_grid,60,25,lorenz_x,2,6,0.20574746894441603
3.6173997706611276,0.06028999617768546,1.1325161514592497,0.1290994448721888,0.9701712172768042,N60_K25_finer_grid,60,25,lorenz_x,2,7,0.24082889170675045
4.658955713607764,0.07764926189346273,1.3868768212928009,0.1290994448720671,0.9398194385839773,N60_K25_finer_grid,60,25,lorenz_x,2,8,0.28189194928259564
6.159781260349813,0.10266302100583022,1.6781494964524615,0.1290994448719032,0.9413691349846695,N60_K25_finer_grid,60,25,lorenz_x,2,9,0.3299565534151155
8.29929919134849,0.1383216531891415,1.9989149405825775,0.12909944487168126,0.9501848695777667,N60_K25_finer_grid,60,25,lorenz_x,2,10,0.38621651813276453
11.266103764840055,0.1877683960806676,2.333789174839299,0.12909944487138245,0.9653509543958977,N60_K25_finer_grid,60,25,lorenz_x,2,11,0.45206921133927336
15.184966837925014,0.25308278063208356,2.661499404048309,0.12909944487099034,0.9803516119741547,N60_K25_finer_grid,60,25,lorenz_x,2,12,0.529150262212918
20.011876397783105,0.3335312732963851,2.961069433616046,0.1290994448705004,0.9837164156241758,N60_K25_finer_grid,60,25,lorenz_x,2,13,0.6193741864669097
25.472485693121783,0.4245414282186964,3.2182639351071463,0.12909944486992872,0.9673076073805674,N60_K25_finer_grid,60,25,lorenz_x,2,14,0.7249819385087718
31.124324915826627,0.5187387485971104,3.4280419773970596,0.12909944486931257,1.0088241290681006,N60_K25_finer_grid,60,25,lorenz_x,2,15,0.848596571584788
36.51350320268934,0.6085583867114891,3.59275494752368,0.12909944486869976,1.0355147197877699,N60_K25_finer_grid,60,25,lorenz_x,2,16,0.9932883883792685
41.31082843845717,0.6885138073076196,3.718723349056364,0.1290994448681333,1.0451274022232655,N60_K25_finer_grid,60,25,lorenz_x,2,17,1.1626512002594223
45.35726170943114,0.7559543618238523,3.813401173010482,0.1290994448676407,1.0638072489160297,N60_K25_finer_grid,60,25,lorenz_x,2,18,1.3608915892697748
48.63504708137819,0.8105841180229698,3.883770852810874,0.1290994448672325,1.0672390128198375,N60_K25_finer_grid,60,25,lorenz_x,2,19,1.5929333899384184
51.21277306468314,0.8535462177447191,3.935704384415478,0.12909944486690622,1.0622097322011446,N60_K25_finer_grid,60,25,lorenz_x,2,20,1.864539985982451
53.19710890890019,0.8866184818150031,3.973861114858175,0.12909944486665223,1.0538920100064704,N60_K25_finer_grid,60,25,lorenz_x,2,21,2.1824574594809887
54.70142422349395,0.9116904037248992,4.001817134441227,0.12909944486645833,1.0445462058552537,N60_K25_finer_grid,60,25,lorenz_x,2,22,2.554582148011408
55.82940727892428,0.9304901213154047,4.0222634874847225,0.12909944486631222,1.0344777184123346,N60_K25_finer_grid,60,25,lorenz_x,2,23,2.9901567714820447
56.66860689226215,0.9444767815377024,4.037201112744105,0.1290994448662032,1.031104730137095,N60_K25_finer_grid,60,25,lorenz_x,2,24,3.5
1.4467545232048535,0.024112575386747558,0.31259675777935336,0.12909944487248234,1.08724536006737,N60_K25_finer_grid,60,25,lorenz_x,3,0,0.07999999999999999
1.5697676234442879,0.026162793724071466,0.38125269827403085,0.1290994448724601,1.1004817274545222,N60_K25_finer_grid,60,25,lorenz_x,3,1,0.09364057519339374
1.7347809280229889,0.028913015467049816,0.46514621367795034,0.1290994448724324,1.1141029164097644,N60_K25_finer_grid,60,25,lorenz_x,3,2,0.1096069665318704
1.9579224641293735,0.03263204106882289,0.5670932226967561,0.12909944487239786,1.1277284394101386,N60_K25_finer_grid,60,25,lorenz_x,3,3,0.12829574239059252
2.262354122051479,0.037705902034191316,0.690401828211114,0.12909944487235459,1.1408243632673136,N60_K25_finer_grid,60,25,lorenz_x,3,4,0.15017108890398193
2.6820827876732785,0.044701379794554644,0.8388900533694278,0.12909944487230005,1.1525238812713257,N60_K25_finer_grid,60,25,lorenz_x,3,5,0.17577633927983924
3.2669887481441604,0.05444981246906934,1.0166979830556926,0.12909944487223066,1.1614442300774137,N60_K25_finer_grid,60,25,lorenz_x,3,6,0.20574746894441603
4.089266499473163,0.06815444165788605,1.2277696418737796,0.12909944487214123,1.165740055193512,N60_K25_finer_grid,60,25,lorenz_x,3,7,0.24082889170675045
5.250818156722568,0.08751363594537613,1.4746753234452241,0.1290994448720237,1.1636089030263868,N60_K25_finer_grid,60,25,lorenz_x,3,8,0.28189194928259564
6.887977520101207,0.11479962533502011,1.7564867622543747,0.12909944487186636,1.1541714986939238,N60_K25_finer_grid,60,25,lorenz_x,3,9,0.3299565534151155
9.164511322126707,0.15274185536877843,2.0661692248762695,0.1290994448716526,1.1379648421250081,N60_K25_finer_grid,60,25,lorenz_x,3,10,0.38621651813276453
12.23927890030866,0.203987981671811,2.389221738939949,0.12909944487136174,1.1166043789396494,N60_K25_finer_grid,60,25,lorenz_x,3,11,0.45206921133927336
16.200369566105405,0.2700061594350901,2.7056074849061145,0.12909944487097408,1.0992318346408005,N60_K25_finer_grid,60,25,lorenz_x,3,12,0.529150262212918
20.984606069760023,0.34974343449600037,2.995197462565904,0.12909944487048172,1.107294949831663,N60_K25_finer_grid,60,25,lorenz_x,3,13,0.6193741864669097
26.333375060125856,0.43888958433543096,3.2439507796923674,0.12909944486990152,1.1099602113411489,N60_K25_finer_grid,60,25,lorenz_x,3,14,0.7249819385087718
31.838411085225324,0.5306401847537554,3.4467869466975936,0.129099444869276,1.0973751514850683,N60_K25_finer_grid,60,25,lorenz_x,3,15,0.848596571584788
37.075126255529696,0.617918770925495,3.6060229963963244,0.12909944486865826,1.108031550402921,N60_K25_finer_grid,60,25,lorenz_x,3,16,0.9932883883792685
41.73314387878702,0.6955523979797836,3.7278805657170095,0.12909944486809294,1.124245671719377,N60_K25_finer_grid,60,25,lorenz_x,3,17,1.1626512002594223
45.663435864822354,0.7610572644137059,3.8196087385638537,0.12909944486760586,1.1303492387732876,N60_K25_finer_grid,60,25,lorenz_x,3,18,1.3608915892697748
48.851006979328,0.8141834496554666,3.8879326850043534,0.1290994448672048,1.1238568612904205,N60_K25_finer_grid,60,25,lorenz_x,3,19,1.5929333899384184
51.36225168061546,0.8560375280102577,3.938479475511879,0.12909944486688552,1.107816502560278,N60_K25_finer_grid,60,25,lorenz_x,3,20,1.864539985982451
53.299372640360396,0.8883228773393399,3.9757091380044485,0.12909944486663733,1.0876271405873614,N60_K25_finer_grid,60,25,lorenz_x,3,21,2.1824574594809887
54.77096456790037,0.9128494094650061,4.0030498571967765,0.12909944486644787,1.0693309108939657,N60_K25_finer_grid,60,25,lorenz_x,3,22,2.554582148011408
55.87660497948552,0.931276749658092,4.023088839698157,0.129099444866305,1.0569207811466086,N60_K25_finer_grid,60,25,lorenz_x,3,23,2.9901567714820447
56.700672818456304,0.9450112136409384,4.0377565200861465,0.1290994448661983,1.0493835468687032,N60_K25_finer_grid,60,25,lorenz_x,3,24,3.5
1.7760276425550452,0.011840184283700301,0.4484106296773812,0.08164965809162901,0.9795234631720809,N150_K13_larger_reservoir,150,13,controlled_d20_white_plus_distractor,0,0,0.07999999999999999
2.1934987578074168,0.014623325052049446,0.6186425760301437,0.08164965809157292,0.9810559778160588,N150_K13_larger_reservoir,150,13,controlled_d20_white_plus_distractor,0,1,0.1096069665318704
2.955543785843837,0.019703625238958914,0.876133295793037,0.08164965809148414,0.978614970138185,N150_K13_larger_reservoir,150,13,controlled_d20_white_plus_distractor,0,2,0.15017108890398193
4.5319867458427385,0.030213244972284923,1.279531881836835,0.08164965809132801,0.970771511279224,N150_K13_larger_reservoir,150,13,controlled_d20_white_plus_distractor,0,3,0.20574746894441603
8.176160834439289,0.054507738896261926,1.8888312776098815,0.08164965809102599,0.9437820887695303,N150_K13_larger_reservoir,150,13,controlled_d20_white_plus_distractor,0,4,0.28189194928259564
16.903318011039183,0.11268878674026121,2.6815191858507843,0.08164965809042359,0.9801641155122396,N150_K13_larger_reservoir,150,13,controlled_d20_white_plus_distractor,0,5,0.38621651813276453
35.0905482470314,0.23393698831354268,3.4886029078460727,0.08164965808927367,1.0158079027935154,N150_K13_larger_reservoir,150,13,controlled_d20_white_plus_distractor,0,6,0.529150262212918
62.69445492586138,0.4179630328390759,4.117332833625721,0.08164965808738824,1.0417452948485852,N150_K13_larger_reservoir,150,13,controlled_d20_white_plus_distractor,0,7,0.7249819385087718
91.74908171561616,0.6116605447707744,4.514461825057546,0.08164965808518475,1.0290960466000716,N150_K13_larger_reservoir,150,13,controlled_d20_white_plus_distractor,0,8,0.9932883883792685
114.49936275115829,0.7633290850077219,4.739615064477146,0.08164965808337271,1.0538632518003261,N150_K13_larger_reservoir,150,13,controlled_d20_white_plus_distractor,0,9,1.3608915892697748
129.35043612255166,0.862336240817011,4.86231262896548,0.08164965808217012,1.0756123262010493,N150_K13_larger_reservoir,150,13,controlled_d20_white_plus_distractor,0,10,1.864539985982451
138.14963556478995,0.920997570431933,4.92828595120666,0.08164965808145325,1.0858457057908981,N150_K13_larger_reservoir,150,13,controlled_d20_white_plus_distractor,0,11,2.554582148011408
143.10741164178333,0.9540494109452222,4.963582242094239,0.08164965808104825,1.094647235100703,N150_K13_larger_reservoir,150,13,controlled_d20_white_plus_distractor,0,12,3.5
1.6565440351147993,0.01104362690076533,0.39002509854966805,0.08164965809165411,1.0475334973026174,N150_K13_larger_reservoir,150,13,controlled_d20_white_plus_distractor,1,0,0.07999999999999999
2.0525714850580723,0.013683809900387148,0.5725224615831213,0.08164965809159573,1.0415247664612717,N150_K13_larger_reservoir,150,13,controlled_d20_white_plus_distractor,1,1,0.1096069665318704
2.8150715081159516,0.018767143387439678,0.8548110267217479,0.08164965809149749,1.024250439588775,N150_K13_larger_reservoir,150,13,controlled_d20_white_plus_distractor,1,2,0.15017108890398193
4.4309603137446505,0.029539735424964336,1.2790795422521963,0.08164965809132842,1.003171611728599,N150_K13_larger_reservoir,150,13,controlled_d20_white_plus_distractor,1,3,0.20574746894441603
8.11815820014133,0.054121054667608866,1.882809735490287,0.08164965809102476,0.9701290816668358,N150_K13_larger_reservoir,150,13,controlled_d20_white_plus_distractor,1,4,0.28189194928259564
16.635717401833055,0.11090478267888704,2.649836920694273,0.08164965809045102,0.9603415345325726,N150_K13_larger_reservoir,150,13,controlled_d20_white_plus_distractor,1,5,0.38621651813276453
34.07542405095722,0.22716949367304812,3.4460996307281637,0.0816496580893625,0.9532936054855157,N150_K13_larger_reservoir,150,13,controlled_d20_white_plus_distractor,1,6,0.529150262212918
61.04943431966047,0.40699622879773645,4.0864828307651955,0.08164965808752861,1.0818282040044596,N150_K13_larger_reservoir,150,13,controlled_d20_white_plus_distractor,1,7,0.7249819385087718
90.31184157656456,0.6020789438437637,4.497963159364992,0.0816496580853149,1.1660337399284326,N150_K13_larger_reservoir,150,13,controlled_d20_white_plus_distractor,1,8,0.9932883883792685
113.60889094256149,0.7573926062837433,4.731721678293538,0.08164965808345793,1.1495939830430897,N150_K13_larger_reservoir,150,13,controlled_d20_white_plus_distractor,1,9,1.3608915892697748
128.8765926037231,0.8591772840248207,4.85863555108044,0.08164965808221632,1.0708919485141768,N150_K13_larger_reservoir,150,13,controlled_d20_white_plus_distractor,1,10,1.864539985982451
137.91165375305744,0.9194110250203829,4.926562225096434,0.08164965808147624,1.059696365174597,N150_K13_larger_reservoir,150,13,controlled_d20_white_plus_distractor,1,11,2.554582148011408
142.98968261626558,0.9532645507751039,4.962759695073753,0.0816496580810594,1.0538193675994436,N150_K13_larger_reservoir,150,13,controlled_d20_white_plus_distractor,1,12,3.5
1.6669691446640331,0.011113127631093555,0.4117245761920606,0.08164965809164253,1.0868032735170787,N150_K13_larger_reservoir,150,13,controlled_d20_white_plus_distractor,2,0,0.07999999999999999
2.071907910183414,0.01381271940122276,0.587962886161852,0.08164965809158356,1.0737799847317873,N150_K13_larger_reservoir,150,13,controlled_d20_white_plus_distractor,2,1,0.1096069665318704
2.8332151119149303,0.018888100746099534,0.8520651986894908,0.08164965809149227,1.034643240402,N150_K13_larger_reservoir,150,13,controlled_d20_white_plus_distractor,2,2,0.15017108890398193
4.428940657124098,0.029526271047493988,1.2588717095662922,0.0816496580913363,1.001881385845427,N150_K13_larger_reservoir,150,13,controlled_d20_white_plus_distractor,2,3,0.20574746894441603
8.099003592323285,0.053993357282155235,1.8630372245706486,0.08164965809104359,0.9819190305478552,N150_K13_larger_reservoir,150,13,controlled_d20_white_plus_distractor,2,4,0.28189194928259564
16.699857208060035,0.1113323813870669,2.6508758709707068,0.08164965809046021,0.9827749102286009,N150_K13_larger_reservoir,150,13,controlled_d20_white_plus_distractor,2,5,0.38621651813276453
34.471303479343554,0.22980868986229036,3.4674811378849086,0.08164965808930648,1.0341588547358098,N150_K13_larger_reservoir,150,13,controlled_d20_white_plus_distractor,2,6,0.529150262212918
61.94395955934536,0.4129597303956357,4.106733618345398,0.08164965808740679,1.0296568706170832,N150_K13_larger_reservoir,150,13,controlled_d20_white_plus_distractor,2,7,0.7249819385087718
91.21242053689008,0.6080828035792671,4.509195464910566,0.08164965808520784,1.0878826436344828,N150_K13_larger_reservoir,150,13,controlled_d20_white_plus_distractor,2,8,0.9932883883792685
114.17914635220431,0.7611943090146954,4.736953310202011,0.0816496580833941,1.110316639528692,N150_K13_larger_reservoir,150,13,controlled_d20_white_plus_distractor,2,9,1.3608915892697748
129.17254926496958,0.8611503284331306,4.860964434850963,0.08164965808218423,1.1053259565644147,N150_K13_larger_reservoir,150,13,controlled_d20_white_plus_distractor,2,10,1.864539985982451
138.0544035089661,0.9203626900597739,4.9276017368078735,0.08164965808146125,1.0634954821921498,N150_K13_larger_reservoir,150,13,controlled_d20_white_plus_distractor,2,11,2.554582148011408
143.0573585432284,0.9537157236215226,4.963233410262787,0.08164965808105254,1.0499276903097328,N150_K13_larger_reservoir,150,13,controlled_d20_white_plus_distractor,2,12,3.5
1.6759882995259854,0.011173255330173236,0.40979288997231866,0.08164965809164444,0.9984269355762803,N150_K13_larger_reservoir,150,13,controlled_d20_white_plus_distractor,3,0,0.07999999999999999
2.0817366624123306,0.013878244416082203,0.5942674683958682,0.08164965809158409,1.0137202624914372,N150_K13_larger_reservoir,150,13,controlled_d20_white_plus_distractor,3,1,0.1096069665318704
2.8842540172386912,0.019228360114924608,0.882285322862304,0.08164965809148243,1.0376954160919802,N150_K13_larger_reservoir,150,13,controlled_d20_white_plus_distractor,3,2,0.15017108890398193
4.610861831774216,0.03073907887849477,1.3170519728253138,0.08164965809130435,1.031729155868274,N150_K13_larger_reservoir,150,13,controlled_d20_white_plus_distractor,3,3,0.20574746894441603
8.53111506724028,0.05687410044826854,1.929214747540829,0.08164965809098423,1.0141977324836167,N150_K13_larger_reservoir,150,13,controlled_d20_white_plus_distractor,3,4,0.28189194928259564
17.405646473837333,0.11603764315891556,2.6986712000715642,0.08164965809038412,1.0066260445556756,N150_K13_larger_reservoir,150,13,controlled_d20_white_plus_distractor,3,5,0.38621651813276453
35.236603803462394,0.23491069202308262,3.490410457684665,0.0816496580892374,0.9542483883559388,N150_K13_larger_reservoir,150,13,controlled_d20_white_plus_distractor,3,6,0.529150262212918
62.449399710693775,0.4163293314046252,4.115186793424161,0.08164965808735312,1.0243957675413495,N150_K13_larger_reservoir,150,13,controlled_d20_white_plus_distractor,3,7,0.7249819385087718
91.42145721280772,0.6094763814187182,4.511679207615688,0.0816496580851719,1.0354087060431982,N150_K13_larger_reservoir,150,13,controlled_d20_white_plus_distractor,3,8,0.9932883883792685
114.21876757503473,0.7614584505002315,4.737359673738689,0.08164965808337836,1.0490104148702342,N150_K13_larger_reservoir,150,13,controlled_d20_white_plus_distractor,3,9,1.3608915892697748
129.15047444821084,0.8610031629880723,4.860808784073919,0.08164965808218025,1.0523825032365783,N150_K13_larger_reservoir,150,13,controlled_d20_white_plus_distractor,3,10,1.864539985982451
138.02263166457908,0.9201508777638605,4.927375500368041,0.0816496580814615,1.0410529359427885,N150_K13_larger_reservoir,150,13,controlled_d20_white_plus_distractor,3,11,2.554582148011408
143.03218532492866,0.9535479021661911,4.96305846953586,0.0816496580810537,1.014968093554235,N150_K13_larger_reservoir,150,13,controlled_d20_white_plus_distractor,3,12,3.5
1.578500436545894,0.010523336243639292,0.3573683037507482,0.08164965809166173,1.0114172029035688,N150_K13_larger_reservoir,150,13,memory_d10,0,0,0.07999999999999999
1.9246795385614108,0.012831196923742738,0.5184454663037873,0.08164965809161233,0.9903371913100139,N150_K13_larger_reservoir,150,13,memory_d10,0,1,0.1096069665318704
2.6056579730363567,0.017371053153575712,0.7795099060435616,0.08164965809152747,0.9692836191312139,N150_K13_larger_reservoir,150,13,memory_d10,0,2,0.15017108890398193
4.111199344446104,0.02740799562964069,1.1987037382226264,0.0816496580913725,0.9678809127696418,N150_K13_larger_reservoir,150,13,memory_d10,0,3,0.20574746894441603
7.7572505560277705,0.0517150037068518,1.8255237633985932,0.08164965809107899,0.9989974357416432,N150_K13_larger_reservoir,150,13,memory_d10,0,4,0.28189194928259564
16.52544846075856,0.11016965640505708,2.6362884655335743,0.08164965809050033,1.0471799195972729,N150_K13_larger_reservoir,150,13,memory_d10,0,5,0.38621651813276453
34.65567919865251,0.23103786132435006,3.4688154284665917,0.08164965808935679,1.0907468657242152,N150_K13_larger_reservoir,150,13,memory_d10,0,6,0.529150262212918
62.47700736988264,0.41651338246588426,4.1145028194900135,0.08164965808743539,1.062462744064461,N150_K13_larger_reservoir,150,13,memory_d10,0,7,0.7249819385087718
91.85454548613247,0.6123636365742164,4.516197757650159,0.08164965808519002,1.0057464318894453,N150_K13_larger_reservoir,150,13,memory_d10,0,8,0.9932883883792685
114.69034083877986,0.7646022722585324,4.741423598913371,0.0816496580833632,1.0301416815218094,N150_K13_larger_reservoir,150,13,memory_d10,0,9,1.3608915892697748
129.50263169432233,0.8633508779621489,4.863518308022084,0.08164965808216014,1.04835454305741,N150_K13_larger_reservoir,150,13,memory_d10,0,10,1.864539985982451
138.24798963438923,0.9216532642292615,4.929004271791114,0.08164965808144613,1.0366027959456148,N150_K13_larger_reservoir,150,13,memory_d10,0,11,2.554582148011408
143.1657671594013,0.9544384477293419,4.963991530471845,0.08164965808104385,1.035310531725674,N150_K13_larger_reservoir,150,13,memory_d10,0,12,3.5
1.6715460863134726,0.01114364057542315,0.4212388644009813,0.08164965809163688,0.9725213891387232,N150_K13_larger_reservoir,150,13,memory_d10,1,0,0.07999999999999999
2.0814773245523694,0.013876515497015796,0.6054324605989148,0.0816496580915751,0.9911910928373127,N150_K13_larger_reservoir,150,13,memory_d10,1,1,0.1096069665318704
2.8702102250852395,0.019134734833901598,0.8816978026747283,0.0816496580914777,1.0018009395582723,N150_K13_larger_reservoir,150,13,memory_d10,1,2,0.15017108890398193
4.5169159393261165,0.030112772928840778,1.295294272517979,0.08164965809131382,0.9962697662122435,N150_K13_larger_reservoir,150,13,memory_d10,1,3,0.20574746894441603
8.274181131879638,0.05516120754586425,1.895317811270674,0.08164965809101501,0.9889109866539765,N150_K13_larger_reservoir,150,13,memory_d10,1,4,0.28189194928259564
17.024654510347,0.11349769673564665,2.6740372087521553,0.08164965809043032,0.9817352470762858,N150_K13_larger_reservoir,150,13,memory_d10,1,5,0.38621651813276453
35.01308610616763,0.23342057404111752,3.4850175939363908,0.08164965808927131,0.9694890927643798,N150_K13_larger_reservoir,150,13,memory_d10,1,6,0.529150262212918
62.682635755701,0.41788423837134,4.119653263921775,0.08164965808735568,1.0299949325060807,N150_K13_larger_reservoir,150,13,memory_d10,1,7,0.7249819385087718
91.90892976169341,0.6127261984112894,4.517040329071549,0.08164965808515566,1.096961779240437,N150_K13_larger_reservoir,150,13,memory_d10,1,8,0.9932883883792685
114.65530228915974,0.7643686819277316,4.741154977309402,0.08164965808335527,1.0837568360299825,N150_K13_larger_reservoir,150,13,memory_d10,1,9,1.3608915892697748
129.4463169271994,0.8629754461813294,4.863089205851972,0.08164965808216045,1.044792373055591,N150_K13_larger_reservoir,150,13,memory_d10,1,10,1.864539985982451
138.19966040494523,0.9213310693663016,4.928655132866326,0.08164965808144828,1.05046331233179,N150_K13_larger_reservoir,150,13,memory_d10,1,11,2.554582148011408
143.1319912839694,0.9542132752264627,4.963755454570596,0.08164965808104584,1.0504720432412509,N150_K13_larger_reservoir,150,13,memory_d10,1,12,3.5
1.6866245330207623,0.011244163553471749,0.4259970724894866,0.08164965809163716,1.0110226905851938,N150_K13_larger_reservoir,150,13,memory_d10,2,0,0.07999999999999999
2.1242338135813643,0.014161558757209095,0.6167663726355685,0.0816496580915737,1.0033041498002409,N150_K13_larger_reservoir,150,13,memory_d10,2,1,0.1096069665318704
2.962371574901137,0.019749143832674246,0.899408476185064,0.08164965809147307,0.9846245696253233,N150_K13_larger_reservoir,150,13,memory_d10,2,2,0.15017108890398193
4.696111806882013,0.031307412045880084,1.317959501921342,0.0816496580913063,0.9718732359871808,N150_K13_larger_reservoir,150,13,memory_d10,2,3,0.20574746894441603
8.598373756517397,0.057322491710115976,1.9237016238068365,0.0816496580910044,0.9702024730906078,N150_K13_larger_reservoir,150,13,memory_d10,2,4,0.28189194928259564
17.603993197177207,0.11735995464784804,2.706731100370743,0.08164965809041343,1.0159206655911808,N150_K13_larger_reservoir,150,13,memory_d10,2,5,0.38621651813276453
35.96185879310851,0.23974572528739008,3.512666248392179,0.08164965808924952,1.0153635582280507,N150_K13_larger_reservoir,150,13,memory_d10,2,6,0.529150262212918
63.768968961158315,0.42512645974105545,4.137562705664996,0.08164965808731231,1.002352412159427,N150_K13_larger_reservoir,150,13,memory_d10,2,7,0.7249819385087718
92.78489784092065,0.6185659856061376,4.526947228946759,0.08164965808509106,0.9880288616540238,N150_K13_larger_reservoir,150,13,memory_d10,2,8,0.9932883883792685
115.22182077124009,0.7681454718082673,4.746208528786068,0.08164965808330449,0.9955371950006633,N150_K13_larger_reservoir,150,13,memory_d10,2,9,1.3608915892697748
129.7708308524082,0.865138872349388,4.86562186337997,0.08164965808213079,1.0377543372496254,N150_K13_larger_reservoir,150,13,memory_d10,2,10,1.864539985982451
138.37558000181124,0.9225038666787416,4.929933575856806,0.08164965808143254,1.055078562360412,N150_K13_larger_reservoir,150,13,memory_d10,2,11,2.554582148011408
143.2252409937169,0.9548349399581127,4.964408120293297,0.08164965808103769,1.0445611908032428,N150_K13_larger_reservoir,150,13,memory_d10,2,12,3.5
1.6402436340258164,0.010934957560172109,0.40187130756378914,0.08164965809164919,1.0006179426571793,N150_K13_larger_reservoir,150,13,memory_d10,3,0,0.07999999999999999
2.060955506057167,0.013739703373714447,0.5934769423632266,0.0816496580915847,1.0225997861749436,N150_K13_larger_reservoir,150,13,memory_d10,3,1,0.1096069665318704
2.8542410186948843,0.019028273457965896,0.8768817448782603,0.08164965809148303,1.0456307535825773,N150_K13_larger_reservoir,150,13,memory_d10,3,2,0.15017108890398193
4.5084457945182566,0.030056305296788377,1.3009901141489986,0.08164965809131224,1.0488534099717328,N150_K13_larger_reservoir,150,13,memory_d10,3,3,0.20574746894441603
8.307047588511844,0.05538031725674563,1.91622092344937,0.08164965809100141,1.0298456408692864,N150_K13_larger_reservoir,150,13,memory_d10,3,4,0.28189194928259564
17.20702653280894,0.11471351021872626,2.705616251734033,0.08164965809039243,1.047293113554289,N150_K13_larger_reservoir,150,13,memory_d10,3,5,0.38621651813276453
35.45461894542382,0.23636412630282544,3.510171796274244,0.08164965808919405,1.121194728601273,N150_K13_larger_reservoir,150,13,memory_d10,3,6,0.529150262212918
63.141117083249846,0.42094078055499895,4.130582435809893,0.08164965808725898,1.06405992261328,N150_K13_larger_reservoir,150,13,memory_d10,3,7,0.7249819385087718
92.09874110718447,0.6139916073812298,4.519730149123648,0.08164965808509204,1.0280928321906038,N150_K13_larger_reservoir,150,13,memory_d10,3,8,0.9932883883792685
114.65941654348072,0.7643961102898714,4.741263602605929,0.08164965808333319,1.0392390352373249,N150_K13_larger_reservoir,150,13,memory_d10,3,9,1.3608915892697748
129.40278542064408,0.8626852361376272,4.862757786692762,0.08164965808215709,1.043325558360308,N150_K13_larger_reservoir,150,13,memory_d10,3,10,1.864539985982451
138.16213843593684,0.9210809229062455,4.9283831595693215,0.08164965808144954,1.0261154852241878,N150_K13_larger_reservoir,150,13,memory_d10,3,11,2.554582148011408
143.1083752788508,0.9540558351923386,4.96359014738006,0.08164965808104735,1.0186368059066566,N150_K13_larger_reservoir,150,13,memory_d10,3,12,3.5
1.6773418092477452,0.011182278728318302,0.40527859524424203,0.08164965809164436,1.0623506941868408,N150_K13_larger_reservoir,150,13,narma10,0,0,0.07999999999999999
2.0537979200871805,0.013691986133914537,0.5709950373363419,0.08164965809159042,1.085322114083582,N150_K13_larger_reservoir,150,13,narma10,0,1,0.1096069665318704
2.778458077632854,0.018523053850885693,0.8304876544157606,0.08164965809150306,1.0944424684934653,N150_K13_larger_reservoir,150,13,narma10,0,2,0.15017108890398193
4.355233098590776,0.029034887323938503,1.2412267130762857,0.08164965809135025,1.0695229406613842,N150_K13_larger_reservoir,150,13,narma10,0,3,0.20574746894441603
8.111520421000181,0.05407680280666787,1.852770181627276,0.08164965809106865,0.9830786555208819,N150_K13_larger_reservoir,150,13,narma10,0,4,0.28189194928259564
17.022298554482667,0.11348199036321778,2.641874208123798,0.08164965809053033,0.9769744411789476,N150_K13_larger_reservoir,150,13,narma10,0,5,0.38621651813276453
35.14401777721136,0.23429345184807573,3.4589162332330092,0.08164965808947913,0.9684204064862545,N150_K13_larger_reservoir,150,13,narma10,0,6,0.529150262212918
62.61958335266075,0.4174638890177383,4.106302413880927,0.08164965808762269,1.0303247583360653,N150_K13_larger_reservoir,150,13,narma10,0,7,0.7249819385087718
91.80147629863447,0.6120098419908965,4.513559144824358,0.08164965808530011,1.022175703414305,N150_K13_larger_reservoir,150,13,narma10,0,8,0.9932883883792685
114.64894362283502,0.7643262908189001,4.740780447936405,0.08164965808339632,1.026157164528623,N150_K13_larger_reservoir,150,13,narma10,0,9,1.3608915892697748
129.4736452520209,0.8631576350134726,4.863257305590569,0.08164965808216765,1.033066424446345,N150_K13_larger_reservoir,150,13,narma10,0,10,1.864539985982451
138.22211863435015,0.9214807908956677,4.928811868315491,0.08164965808144828,1.0217849971202053,N150_K13_larger_reservoir,150,13,narma10,0,11,2.554582148011408
143.14459503316436,0.9542973002210957,4.96384281218362,0.08164965808104505,1.0279523120966203,N150_K13_larger_reservoir,150,13,narma10,0,12,3.5
1.5351553893596042,0.010234369262397361,0.336684104959483,0.08164965809167332,1.0798597286793996,N150_K13_larger_reservoir,150,13,narma10,1,0,0.07999999999999999
1.8942907145001322,0.012628604763334215,0.5026479613922902,0.08164965809162229,1.0923822591584618,N150_K13_larger_reservoir,150,13,narma10,1,1,0.1096069665318704
2.5795310295413203,0.017196873530275467,0.757959803080736,0.08164965809154122,1.0938576301698837,N150_K13_larger_reservoir,150,13,narma10,1,2,0.15017108890398193
4.054526727983225,0.027030178186554833,1.1583126558083703,0.08164965809140175,1.08556049567535,N150_K13_larger_reservoir,150,13,narma10,1,3,0.20574746894441603
7.532309677152844,0.050215397847685625,1.7617228885225238,0.0816496580911408,1.0690992969017938,N150_K13_larger_reservoir,150,13,narma10,1,4,0.28189194928259564
15.853121121493738,0.10568747414329159,2.5631918274784904,0.08164965809061839,1.0491358241653765,N150_K13_larger_reservoir,150,13,narma10,1,5,0.38621651813276453
33.42131944917321,0.2228087963278214,3.405861146996819,0.0816496580895843,1.005848255181232,N150_K13_larger_reservoir,150,13,narma10,1,6,0.529150262212918
60.90819155872586,0.40605461039150575,4.075962303028988,0.08164965808777964,0.9866026105462664,N150_K13_larger_reservoir,150,13,narma10,1,7,0.7249819385087718
90.56278200208389,0.6037518800138926,4.499183221266517,0.0816496580854501,1.048642469270679,N150_K13_larger_reservoir,150,13,narma10,1,8,0.9932883883792685
113.96410298240002,0.7597606865493335,4.734713189964604,0.08164965808347821,1.0913831287229658,N150_K13_larger_reservoir,150,13,narma10,1,9,1.3608915892697748
129.15114494741158,0.8610076329827439,4.860760322930058,0.08164965808220498,1.1141795836568988,N150_K13_larger_reservoir,150,13,narma10,1,10,1.864539985982451
138.08077588397703,0.9205385058931802,4.927788866082564,0.08164965808146449,1.086610917672336,N150_K13_larger_reservoir,150,13,narma10,1,11,2.554582148011408
143.08481646734435,0.9538987764489624,4.963425063674495,0.08164965808105193,1.0456874768797622,N150_K13_larger_reservoir,150,13,narma10,1,12,3.5
1.6153955933865445,0.010769303955910296,0.40188263054724077,0.08164965809164591,1.0052980991218496,N150_K13_larger_reservoir,150,13,narma10,2,0,0.07999999999999999
2.0270103363902523,0.013513402242601683,0.5941593321643596,0.08164965809158034,1.0250975140726193,N150_K13_larger_reservoir,150,13,narma10,2,1,0.1096069665318704
2.8328010502618057,0.018885340335078705,0.8800160660354679,0.08164965809147745,1.0538510343020688,N150_K13_larger_reservoir,150,13,narma10,2,2,0.15017108890398193
4.532180318375794,0.030214535455838624,1.3007636233682975,0.08164965809130884,1.0655557761022842,N150_K13_larger_reservoir,150,13,narma10,2,3,0.20574746894441603
8.339712791215403,0.05559808527476935,1.8977375902694147,0.0816496580910106,1.0464737896488066,N150_K13_larger_reservoir,150,13,narma10,2,4,0.28189194928259564
16.97371520792801,0.11315810138618673,2.662274701842522,0.081649658090439,1.0402443605074985,N150_K13_larger_reservoir,150,13,narma10,2,5,0.38621651813276453
34.50619822518232,0.23004132150121545,3.4617212492386065,0.0816496580893199,1.0355832766391875,N150_K13_larger_reservoir,150,13,narma10,2,6,0.529150262212918
61.63980488550648,0.4109320325700432,4.099067412874163,0.08164965808744928,1.0336062378550888,N150_K13_larger_reservoir,150,13,narma10,2,7,0.7249819385087718
90.85137473943088,0.6056758315962059,4.504628195002708,0.08164965808524956,1.0487109580153535,N150_K13_larger_reservoir,150,13,narma10,2,8,0.9932883883792685
113.93853352246447,0.7595902234830965,4.7347523744133335,0.08164965808342023,1.0510058261312443,N150_K13_larger_reservoir,150,13,narma10,2,9,1.3608915892697748
129.04529665760904,0.8603019777173936,4.859969692392929,0.08164965808219764,1.0378405790139478,N150_K13_larger_reservoir,150,13,narma10,2,10,1.864539985982451
137.99334941964742,0.9199556627976494,4.927159897126379,0.0816496580814676,1.0529988952589906,N150_K13_larger_reservoir,150,13,narma10,2,11,2.554582148011408
143.02920685783954,0.9535280457189302,4.963037329866399,0.08164965808105544,1.0516933990880861,N150_K13_larger_reservoir,150,13,narma10,2,12,3.5
1.6237162958118943,0.010824775305412628,0.3792386301139923,0.08164965809165405,1.0611672264131864,N150_K13_larger_reservoir,150,13,narma10,3,0,0.07999999999999999
1.9993039306148777,0.013328692870765851,0.5431709579551777,0.08164965809160318,1.0589872089237493,N150_K13_larger_reservoir,150,13,narma10,3,1,0.1096069665318704
2.71018609759083,0.0180679073172722,0.7988910763400804,0.08164965809151935,1.0443837039884039,N150_K13_larger_reservoir,150,13,narma10,3,2,0.15017108890398193
4.214442710185178,0.028096284734567854,1.1964706175631203,0.0816496580913725,1.0239270702263672,N150_K13_larger_reservoir,150,13,narma10,3,3,0.20574746894441603
7.706512755367142,0.05137675170244761,1.7877339284501186,0.08164965809110308,1.024691058080388,N150_K13_larger_reservoir,150,13,narma10,3,4,0.28189194928259564
15.964499818041423,0.10642999878694281,2.5743992539895006,0.08164965809057566,1.029885577224729,N150_K13_larger_reservoir,150,13,narma10,3,5,0.38621651813276453
33.33811308344116,0.22225408722294104,3.41749055649059,0.08164965808949291,1.036476272622619,N150_K13_larger_reservoir,150,13,narma10,3,6,0.529150262212918
60.93086372136227,0.40620575814241516,4.087335225664974,0.08164965808758529,1.0689502147075411,N150_K13_larger_reservoir,150,13,narma10,3,7,0.7249819385087718
90.7480405621166,0.6049869370807773,4.5038606635790135,0.0816496580853049,1.0267097393018365,N150_K13_larger_reservoir,150,13,narma10,3,8,0.9932883883792685
114.04902122276151,0.7603268081517434,4.735796023538711,0.08164965808342894,1.0484450845380562,N150_K13_larger_reservoir,150,13,narma10,3,9,1.3608915892697748
129.15339373433423,0.8610226248955616,4.8608139570844715,0.08164965808219353,1.0242327861897298,N150_K13_larger_reservoir,150,13,narma10,3,10,1.864539985982451
138.06003764207324,0.9204002509471549,4.927642182995023,0.08164965808146298,1.0234434334128955,N150_K13_larger_reservoir,150,13,narma10,3,11,2.554582148011408
143.06475139443782,0.9537650092962522,4.963285045939634,0.0816496580810525,1.0278913057256611,N150_K13_larger_reservoir,150,13,narma10,3,12,3.5
1.5599353657214632,0.010399569104809754,0.36596380142784957,0.08164965809165878,1.096508605632783,N150_K13_larger_reservoir,150,13,lorenz_x,0,0,0.07999999999999999
1.9290618985644001,0.012860412657096,0.5411074016838903,0.08164965809160155,1.1223219882006465,N150_K13_larger_reservoir,150,13,lorenz_x,0,1,0.1096069665318704
2.658099261348314,0.017720661742322095,0.8110662959335315,0.08164965809150979,1.1433741256946441,N150_K13_larger_reservoir,150,13,lorenz_x,0,2,0.15017108890398193
4.2254475335569035,0.02816965022371269,1.2268941463938627,0.08164965809135108,1.1427987840834335,N150_K13_larger_reservoir,150,13,lorenz_x,0,3,0.20574746894441603
7.852391960450887,0.052349279736339245,1.842092107279885,0.08164965809105221,1.1066224923153065,N150_K13_larger_reservoir,150,13,lorenz_x,0,4,0.28189194928259564
16.461752189884084,0.10974501459922723,2.6427638169901,0.08164965809045774,1.035042928125535,N150_K13_larger_reservoir,150,13,lorenz_x,0,5,0.38621651813276453
34.43203186945404,0.22954687912969363,3.46730470514918,0.0816496580892984,1.0008113173551858,N150_K13_larger_reservoir,150,13,lorenz_x,0,6,0.529150262212918
62.11648866521912,0.41410992443479416,4.109015251470254,0.08164965808740382,1.0436521876740483,N150_K13_larger_reservoir,150,13,lorenz_x,0,7,0.7249819385087718
91.43670595674371,0.6095780397116247,4.51144780983788,0.08164965808520296,1.0108099105898762,N150_K13_larger_reservoir,150,13,lorenz_x,0,8,0.9932883883792685
114.35750394156841,0.7623833596104561,4.738469316604023,0.08164965808338545,1.032410957726699,N150_K13_larger_reservoir,150,13,lorenz_x,0,9,1.3608915892697748
129.28684566246326,0.8619123044164217,4.861840949454952,0.0816496580821765,1.016563015577365,N150_K13_larger_reservoir,150,13,lorenz_x,0,10,1.864539985982451
138.1203159911978,0.9208021066079853,4.928077997799733,0.08164965808145616,1.0122470525171878,N150_K13_larger_reservoir,150,13,lorenz_x,0,11,2.554582148011408
143.09352782352317,0.9539568521568211,4.963486168233824,0.0816496580810496,1.02089715823806,N150_K13_larger_reservoir,150,13,lorenz_x,0,12,3.5
1.6375570701321134,0.010917047134214089,0.389903249843698,0.08164965809165031,1.1151043353204546,N150_K13_larger_reservoir,150,13,lorenz_x,1,0,0.07999999999999999
2.0167641501216673,0.01344509433414445,0.5624440024046411,0.08164965809159438,1.1515983639121647,N150_K13_larger_reservoir,150,13,lorenz_x,1,1,0.1096069665318704
2.7489046125233463,0.018326030750155643,0.8342322327015294,0.08164965809150077,1.1982386415945312,N150_K13_larger_reservoir,150,13,lorenz_x,1,2,0.15017108890398193
4.336943859511173,0.02891295906340782,1.26311411672759,0.08164965809133225,1.2660488179099474,N150_K13_larger_reservoir,150,13,lorenz_x,1,3,0.20574746894441603
8.135433331970386,0.054236222213135905,1.894952197606098,0.08164965809101733,1.3378134770244614,N150_K13_larger_reservoir,150,13,lorenz_x,1,4,0.28189194928259564
17.20499589750601,0.11469997265004006,2.6986670447168826,0.08164965809041025,1.2986603064370696,N150_K13_larger_reservoir,150,13,lorenz_x,1,5,0.38621651813276453
35.72744222030745,0.23818294813538302,3.508722305030818,0.08164965808924664,1.14179748531774,N150_K13_larger_reservoir,150,13,lorenz_x,1,6,0.529150262212918
63.50095777919882,0.4233397185279921,4.130826547148105,0.08164965808736324,1.1029988524561518,N150_K13_larger_reservoir,150,13,lorenz_x,1,7,0.7249819385087718
92.36342419729348,0.6157561613152899,4.521399069212013,0.08164965808514785,1.0893860613291415,N150_K13_larger_reservoir,150,13,lorenz_x,1,8,0.9932883883792685
114.84652537854417,0.7656435025236278,4.742753624951578,0.08164965808333857,1.0951741952520995,N150_K13_larger_reservoir,150,13,lorenz_x,1,9,1.3608915892697748
129.51891770010917,0.8634594513340611,4.863642528200223,0.08164965808215108,1.1054435853819038,N150_K13_larger_reservoir,150,13,lorenz_x,1,10,1.864539985982451
138.22624218433407,0.9215082812288938,4.92884667080978,0.08164965808144452,1.086309092910185,N150_K13_larger_reservoir,150,13,lorenz_x,1,11,2.554582148011408
143.14199983277547,0.9542799988851698,4.963825353764037,0.08164965808104448,1.0516423679917724,N150_K13_larger_reservoir,150,13,lorenz_x,1,12,3.5
1.6805048720094824,0.01120336581339655,0.4200160652012025,0.0816496580916409,1.0302209268492617,N150_K13_larger_reservoir,150,13,lorenz_x,2,0,0.07999999999999999
2.133128884687462,0.014220859231249747,0.617356254173447,0.08164965809157447,1.0282122109485434,N150_K13_larger_reservoir,150,13,lorenz_x,2,1,0.1096069665318704
2.9919539541159232,0.019946359694106155,0.9096539829054596,0.0816496580914672,1.0474957875724322,N150_K13_larger_reservoir,150,13,lorenz_x,2,2,0.15017108890398193
4.748899083411327,0.03165932722274218,1.337062870381802,0.08164965809128703,1.0760366037474773,N150_K13_larger_reservoir,150,13,lorenz_x,2,3,0.20574746894441603
8.647228844114986,0.057648192294099905,1.9357564883190648,0.08164965809096966,1.0914384197207612,N150_K13_larger_reservoir,150,13,lorenz_x,2,4,0.28189194928259564
17.454408476740287,0.11636272317826858,2.6875126173663517,0.08164965809039473,1.0942259031089216,N150_K13_larger_reservoir,150,13,lorenz_x,2,5,0.38621651813276453
35.09503456059782,0.2339668970706521,3.4665539981885174,0.08164965808934668,1.0958073919593185,N150_K13_larger_reservoir,150,13,lorenz_x,2,6,0.529150262212918
61.97930997232002,0.41319539981546677,4.097144343576354,0.0816496580875654,1.0565411697865632,N150_K13_larger_reservoir,150,13,lorenz_x,2,7,0.7249819385087718
90.95540073794096,0.6063693382529397,4.504065120225288,0.0816496580853234,1.0922197524373702,N150_K13_larger_reservoir,150,13,lorenz_x,2,8,0.9932883883792685
113.98200952598113,0.7598800635065408,4.734840494901846,0.08164965808343881,1.0412285609106668,N150_K13_larger_reservoir,150,13,lorenz_x,2,9,1.3608915892697748
129.06291292871586,0.8604194195247724,4.860044381120048,0.08164965808220018,1.04291685944024,N150_K13_larger_reservoir,150,13,lorenz_x,2,10,1.864539985982451
137.99614841223476,0.9199743227482318,4.927164459004723,0.08164965808146768,1.0714020360505925,N150_K13_larger_reservoir,150,13,lorenz_x,2,11,2.554582148011408
143.0264384952085,0.9535095899680567,4.96301366109611,0.08164965808105548,1.0602820199108,N150_K13_larger_reservoir,150,13,lorenz_x,2,12,3.5
1.624976023267847,0.010833173488452313,0.3918438020082822,0.08164965809165169,1.117980936166564,N150_K13_larger_reservoir,150,13,lorenz_x,3,0,0.07999999999999999
2.010457861612659,0.01340305241075106,0.5748275807237817,0.08164965809159029,1.1659756197187399,N150_K13_larger_reservoir,150,13,lorenz_x,3,1,0.1096069665318704
2.749937654630402,0.018332917697536012,0.8479520880907873,0.08164965809149213,1.2186188325404383,N150_K13_larger_reservoir,150,13,lorenz_x,3,2,0.15017108890398193
4.313378984542528,0.028755859896950186,1.257022310054208,0.08164965809132861,1.2660849794041378,N150_K13_larger_reservoir,150,13,lorenz_x,3,3,0.20574746894441603
7.937156182419864,0.05291437454946576,1.8568454370732592,0.08164965809103397,1.303287046035904,N150_K13_larger_reservoir,150,13,lorenz_x,3,4,0.28189194928259564
16.528312631074282,0.11018875087382855,2.6404482988528053,0.08164965809046537,1.3167096549187005,N150_K13_larger_reservoir,150,13,lorenz_x,3,5,0.38621651813276453
34.380831565155354,0.22920554376770236,3.458903412070055,0.08164965808935122,1.2822555879775295,N150_K13_larger_reservoir,150,13,lorenz_x,3,6,0.529150262212918
61.96631013252411,0.41310873421682737,4.105101128146122,0.08164965808746129,1.148916093186804,N150_K13_larger_reservoir,150,13,lorenz_x,3,7,0.7249819385087718
91.37373090962673,0.6091582060641781,4.51067676042079,0.08164965808522967,1.072694704367252,N150_K13_larger_reservoir,150,13,lorenz_x,3,8,0.9932883883792685
114.35941816414498,0.7623961210942999,4.7384944577953245,0.0816496580833923,1.0505967596229704,N150_K13_larger_reservoir,150,13,lorenz_x,3,9,1.3608915892697748
129.2985150876421,0.8619901005842807,4.861933290176275,0.08164965808217714,1.0063834316254476,N150_K13_larger_reservoir,150,13,lorenz_x,3,10,1.864539985982451
138.12665444826828,0.9208443629884552,4.928123643539546,0.08164965808145577,1.0045513677630644,N150_K13_larger_reservoir,150,13,lorenz_x,3,11,2.554582148011408
143.09531920348718,0.9539687946899146,4.963498361622414,0.08164965808104932,1.0049308930289684,N150_K13_larger_reservoir,150,13,lorenz_x,3,12,3.5
