config,N,K,task,trial,case_id,window_id,window_start,window_end,safe_width,dashboard_defined,safe_gain,full_gain,positive_safe_gain,safe_dispersion,anchor_spread,local_log_sensitivity
N60_K13_baseline,60,13,controlled_d20_white_plus_distractor,0,controlled_d20_white_plus_distractor__trial0,0,0,50,2,True,0.0,0.06652290950144701,0,0.07298352305891234,0.18103979601095904,0.574958945196531
N60_K13_baseline,60,13,controlled_d20_white_plus_distractor,0,controlled_d20_white_plus_distractor__trial0,1,25,75,2,True,0.0,0.047628459020810365,0,0.09786073909628915,0.244858907957581,0.7776401793600289
N60_K13_baseline,60,13,controlled_d20_white_plus_distractor,0,controlled_d20_white_plus_distractor__trial0,2,50,100,2,True,0.0,0.18692352478231478,0,0.07859546607170637,0.21145561807524732,0.6715556568405827
N60_K13_baseline,60,13,controlled_d20_white_plus_distractor,0,controlled_d20_white_plus_distractor__trial0,3,75,125,2,True,0.0,0.11161547186051668,0,0.04194457276343252,0.10437411725317676,0.33147867863302755
N60_K13_baseline,60,13,controlled_d20_white_plus_distractor,0,controlled_d20_white_plus_distractor__trial0,4,100,150,2,True,0.0,0.0636119661628548,0,0.04389707119200612,0.11091424572492052,0.3522492796302578
N60_K13_baseline,60,13,controlled_d20_white_plus_distractor,0,controlled_d20_white_plus_distractor__trial0,5,125,175,2,True,0.014738787298484768,0.03950949975481055,1,0.048281640111831656,0.1199691964616253,0.3810066304398399
N60_K13_baseline,60,13,controlled_d20_white_plus_distractor,0,controlled_d20_white_plus_distractor__trial0,6,150,200,2,True,0.0,0.003182711135832239,0,0.037548259984837046,0.09785928924536866,0.3107884286325281
N60_K13_baseline,60,13,controlled_d20_white_plus_distractor,0,controlled_d20_white_plus_distractor__trial0,7,175,225,2,True,0.0,0.07391529006909692,0,0.031529573453613305,0.09182200361008253,0.29161479135940527
N60_K13_baseline,60,13,controlled_d20_white_plus_distractor,0,controlled_d20_white_plus_distractor__trial0,8,200,250,2,True,0.010705288667685275,0.010705288667685275,1,0.0411725233112913,0.11457396855870922,0.3638720853701595
N60_K13_baseline,60,13,controlled_d20_white_plus_distractor,0,controlled_d20_white_plus_distractor__trial0,9,225,275,2,True,0.05525985625296326,0.07648624660223813,1,0.05276540333006632,0.13093690457034304,0.4158386509367591
N60_K13_baseline,60,13,controlled_d20_white_plus_distractor,0,controlled_d20_white_plus_distractor__trial0,10,250,300,2,True,0.03114131998755909,0.049126019147620326,1,0.056182238706373004,0.13417531753524525,0.4261234310980129
N60_K13_baseline,60,13,controlled_d20_white_plus_distractor,0,controlled_d20_white_plus_distractor__trial0,11,275,325,2,True,0.07626890598667802,0.10261918824157967,1,0.0616550520097675,0.15598999739112793,0.49540402904443936
N60_K13_baseline,60,13,controlled_d20_white_plus_distractor,0,controlled_d20_white_plus_distractor__trial0,12,300,350,2,True,0.07928804084444552,0.10349219340516447,1,0.05967603052149593,0.15932863633978195,0.5060071139495614
N60_K13_baseline,60,13,controlled_d20_white_plus_distractor,0,controlled_d20_white_plus_distractor__trial0,13,325,375,2,True,0.03038504088162175,0.035787388228199046,1,0.04237319440324543,0.11401366173593391,0.3620926234678173
N60_K13_baseline,60,13,controlled_d20_white_plus_distractor,0,controlled_d20_white_plus_distractor__trial0,14,350,400,2,True,0.021041836838729955,0.03962166024385094,1,0.040914964179137425,0.10712535005627717,0.34021623769636716
N60_K13_baseline,60,13,controlled_d20_white_plus_distractor,0,controlled_d20_white_plus_distractor__trial0,15,375,425,2,True,0.04169549074466916,0.08674775890664566,1,0.0481028482469976,0.12347845284494526,0.3921515742203538
N60_K13_baseline,60,13,controlled_d20_white_plus_distractor,0,controlled_d20_white_plus_distractor__trial0,16,400,450,2,True,0.02509378759413572,0.04110106674408687,1,0.043652684261298424,0.11380749801051504,0.3614378741766866
N60_K13_baseline,60,13,controlled_d20_white_plus_distractor,0,controlled_d20_white_plus_distractor__trial0,17,425,475,2,True,0.026071002866727366,0.026071002866727366,1,0.049722169850360355,0.1390734410331621,0.4416792369586986
N60_K13_baseline,60,13,controlled_d20_white_plus_distractor,0,controlled_d20_white_plus_distractor__trial0,18,450,500,2,True,0.02387897354786228,0.07578591937191814,1,0.04540076074131073,0.12820544072057682,0.4071638755088804
N60_K13_baseline,60,13,controlled_d20_white_plus_distractor,1,controlled_d20_white_plus_distractor__trial1,0,0,50,3,True,0.011673533018794369,0.016045154993131305,1,0.03619622315028295,0.10469505213201233,0.17621192567695815
N60_K13_baseline,60,13,controlled_d20_white_plus_distractor,1,controlled_d20_white_plus_distractor__trial1,1,25,75,3,True,0.03557976089769177,0.05283428292464243,1,0.03541559768505651,0.1002100111552225,0.17109438571046792
N60_K13_baseline,60,13,controlled_d20_white_plus_distractor,1,controlled_d20_white_plus_distractor__trial1,2,50,100,3,True,0.020853910224002847,0.08879657025505983,1,0.03600842405511461,0.09943310910302339,0.1689007786061783
N60_K13_baseline,60,13,controlled_d20_white_plus_distractor,1,controlled_d20_white_plus_distractor__trial1,3,75,125,3,True,0.0,0.0982138904215537,0,0.03901341658390029,0.11040157919194776,0.1856321245355541
N60_K13_baseline,60,13,controlled_d20_white_plus_distractor,1,controlled_d20_white_plus_distractor__trial1,4,100,150,3,True,0.0050651242066726,0.0270766313343187,1,0.039409709040297045,0.10998315215611387,0.1858146955965304
N60_K13_baseline,60,13,controlled_d20_white_plus_distractor,1,controlled_d20_white_plus_distractor__trial1,5,125,175,3,True,0.004847791753451625,0.013138486464087329,1,0.033093731851198065,0.09283243277411454,0.1569626109795458
N60_K13_baseline,60,13,controlled_d20_white_plus_distractor,1,controlled_d20_white_plus_distractor__trial1,6,150,200,3,True,0.0,0.04177018934405585,0,0.030700442065095816,0.09101146320606522,0.1512269631861023
N60_K13_baseline,60,13,controlled_d20_white_plus_distractor,1,controlled_d20_white_plus_distractor__trial1,7,175,225,3,True,0.0,0.051180908149891846,0,0.03690920521077468,0.10561077265658068,0.1765880244205287
N60_K13_baseline,60,13,controlled_d20_white_plus_distractor,1,controlled_d20_white_plus_distractor__trial1,8,200,250,3,True,0.0,0.03357938891992318,0,0.045910862445254566,0.1363074734763611,0.22486594274440913
N60_K13_baseline,60,13,controlled_d20_white_plus_distractor,1,controlled_d20_white_plus_distractor__trial1,9,225,275,3,True,0.0058394916692587895,0.0058394916692587895,1,0.04923910261841639,0.14337292283025152,0.23686829541360685
N60_K13_baseline,60,13,controlled_d20_white_plus_distractor,1,controlled_d20_white_plus_distractor__trial1,10,250,300,3,True,0.022679902356060433,0.022679902356060433,1,0.04434230726083968,0.1261810055835286,0.21434537381656907
N60_K13_baseline,60,13,controlled_d20_white_plus_distractor,1,controlled_d20_white_plus_distractor__trial1,11,275,325,3,True,0.0448115813006007,0.08992587003804597,1,0.04544784370817152,0.13774933460468422,0.23032767448521893
N60_K13_baseline,60,13,controlled_d20_white_plus_distractor,1,controlled_d20_white_plus_distractor__trial1,12,300,350,3,True,0.045933919214328656,0.055808235935832506,1,0.04569495788623946,0.1359516259243913,0.22724324918788075
N60_K13_baseline,60,13,controlled_d20_white_plus_distractor,1,controlled_d20_white_plus_distractor__trial1,13,325,375,3,True,0.018101623543643752,0.018101623543643752,1,0.045134420680810805,0.12883749855870122,0.21772744900760438
N60_K13_baseline,60,13,controlled_d20_white_plus_distractor,1,controlled_d20_white_plus_distractor__trial1,14,350,400,3,True,0.0,0.0,0,0.038090617433359716,0.11382610152352413,0.19057488831829883
N60_K13_baseline,60,13,controlled_d20_white_plus_distractor,1,controlled_d20_white_plus_distractor__trial1,15,375,425,3,True,0.0016225902973447948,0.0016225902973447948,1,0.035566724717249594,0.10660580820720483,0.17980871813981902
N60_K13_baseline,60,13,controlled_d20_white_plus_distractor,1,controlled_d20_white_plus_distractor__trial1,16,400,450,3,True,0.02774362139695752,0.03287643052353828,1,0.03646437552421965,0.10635223414219275,0.18312163128981734
N60_K13_baseline,60,13,controlled_d20_white_plus_distractor,1,controlled_d20_white_plus_distractor__trial1,17,425,475,3,True,0.031153887654010837,0.03150387172638236,1,0.038247729202630996,0.11010439315600296,0.1866394589140968
N60_K13_baseline,60,13,controlled_d20_white_plus_distractor,1,controlled_d20_white_plus_distractor__trial1,18,450,500,3,True,0.0,0.13775484258541493,0,0.03844100364330475,0.11005453062107753,0.1835098447786263
N60_K13_baseline,60,13,controlled_d20_white_plus_distractor,2,controlled_d20_white_plus_distractor__trial2,0,0,50,3,True,0.010110645143247776,0.010110645143247776,1,0.1063590566841422,0.24077697127010414,0.6010774565750207
N60_K13_baseline,60,13,controlled_d20_white_plus_distractor,2,controlled_d20_white_plus_distractor__trial2,1,25,75,3,True,0.05577974314913414,0.05577974314913414,1,0.11932905123503304,0.28261464893990396,0.7003351204315134
N60_K13_baseline,60,13,controlled_d20_white_plus_distractor,2,controlled_d20_white_plus_distractor__trial2,2,50,100,3,True,0.1277424950915429,0.18443577153820756,1,0.15138598534634284,0.37621456482586174,0.8699004594656063
N60_K13_baseline,60,13,controlled_d20_white_plus_distractor,2,controlled_d20_white_plus_distractor__trial2,3,75,125,3,True,0.0856767104312759,0.15317927324689773,1,0.15224190477103852,0.37442749460769814,0.8547856574775134
N60_K13_baseline,60,13,controlled_d20_white_plus_distractor,2,controlled_d20_white_plus_distractor__trial2,4,100,150,3,True,0.02988830393287989,0.059833118602499624,1,0.17253878226148503,0.4300328291174611,0.9473248364709388
N60_K13_baseline,60,13,controlled_d20_white_plus_distractor,2,controlled_d20_white_plus_distractor__trial2,5,125,175,3,True,0.11587445164381482,0.1501188579516325,1,0.23915851074514086,0.5891826876332039,1.3729969166226677
N60_K13_baseline,60,13,controlled_d20_white_plus_distractor,2,controlled_d20_white_plus_distractor__trial2,6,150,200,3,True,0.1905147746076632,0.1905147746076632,1,0.22608861014338674,0.5514041966040467,1.2323504435871362
N60_K13_baseline,60,13,controlled_d20_white_plus_distractor,2,controlled_d20_white_plus_distractor__trial2,7,175,225,3,True,0.04953431312869161,0.04953431312869161,1,0.1333372072512255,0.3354135559846699,0.7343619885059691
N60_K13_baseline,60,13,controlled_d20_white_plus_distractor,2,controlled_d20_white_plus_distractor__trial2,8,200,250,3,True,0.033063130294806675,0.033063130294806675,1,0.11155633385569423,0.28412945345125307,0.6102960831701003
N60_K13_baseline,60,13,controlled_d20_white_plus_distractor,2,controlled_d20_white_plus_distractor__trial2,9,225,275,3,True,0.037550210068712175,0.037550210068712175,1,0.1519841922953428,0.36726413420084636,0.79421318704389
N60_K13_baseline,60,13,controlled_d20_white_plus_distractor,2,controlled_d20_white_plus_distractor__trial2,10,250,300,3,True,0.041852206771277545,0.09659539459458677,1,0.15997590191297462,0.3936846433844093,0.8104627736257153
N60_K13_baseline,60,13,controlled_d20_white_plus_distractor,2,controlled_d20_white_plus_distractor__trial2,11,275,325,3,True,0.04260127223364496,0.1767423062314707,1,0.13641664730534253,0.35030889459499776,0.6889032192955471
N60_K13_baseline,60,13,controlled_d20_white_plus_distractor,2,controlled_d20_white_plus_distractor__trial2,12,300,350,3,True,0.003588418942967575,0.08547169806111365,1,0.11757192097434634,0.31261820605762497,0.6299118670584496
N60_K13_baseline,60,13,controlled_d20_white_plus_distractor,2,controlled_d20_white_plus_distractor__trial2,13,325,375,3,True,0.0183220195416669,0.0794366269843152,1,0.12330077074097677,0.29206014935401486,0.7161420620358248
N60_K13_baseline,60,13,controlled_d20_white_plus_distractor,2,controlled_d20_white_plus_distractor__trial2,14,350,400,3,True,0.0629713509449723,0.13416014435126788,1,0.12143551268614529,0.2541475333477326,0.7196801812821052
N60_K13_baseline,60,13,controlled_d20_white_plus_distractor,2,controlled_d20_white_plus_distractor__trial2,15,375,425,3,True,0.022549069104724206,0.0568531260460452,1,0.13278670292976044,0.3188395343894615,0.7437389413206432
N60_K13_baseline,60,13,controlled_d20_white_plus_distractor,2,controlled_d20_white_plus_distractor__trial2,16,400,450,3,True,0.0,0.0027083497800878265,0,0.15262432365301257,0.39848964283691596,0.8108624837530147
N60_K13_baseline,60,13,controlled_d20_white_plus_distractor,2,controlled_d20_white_plus_distractor__trial2,17,425,475,3,True,0.028829544193952117,0.028829544193952117,1,0.14188564319437355,0.3806549251722711,0.7439845144213343
N60_K13_baseline,60,13,controlled_d20_white_plus_distractor,2,controlled_d20_white_plus_distractor__trial2,18,450,500,3,True,0.01589589538896874,0.01589589538896874,1,0.11974725444743238,0.2965809103606961,0.645424722661375
N60_K13_baseline,60,13,controlled_d20_white_plus_distractor,3,controlled_d20_white_plus_distractor__trial3,0,0,50,1,False,0.0,0.1100683421646711,0,,,
N60_K13_baseline,60,13,controlled_d20_white_plus_distractor,3,controlled_d20_white_plus_distractor__trial3,1,25,75,1,False,0.0,0.09694720360908904,0,,,
N60_K13_baseline,60,13,controlled_d20_white_plus_distractor,3,controlled_d20_white_plus_distractor__trial3,2,50,100,1,False,0.0,0.017439280329441975,0,,,
N60_K13_baseline,60,13,controlled_d20_white_plus_distractor,3,controlled_d20_white_plus_distractor__trial3,3,75,125,1,False,0.0,0.0,0,,,
N60_K13_baseline,60,13,controlled_d20_white_plus_distractor,3,controlled_d20_white_plus_distractor__trial3,4,100,150,1,False,0.0,0.014148848069821085,0,,,
N60_K13_baseline,60,13,controlled_d20_white_plus_distractor,3,controlled_d20_white_plus_distractor__trial3,5,125,175,1,False,0.0,0.09798628647542396,0,,,
N60_K13_baseline,60,13,controlled_d20_white_plus_distractor,3,controlled_d20_white_plus_distractor__trial3,6,150,200,1,False,0.0,0.10515938766304417,0,,,
N60_K13_baseline,60,13,controlled_d20_white_plus_distractor,3,controlled_d20_white_plus_distractor__trial3,7,175,225,1,False,0.0,0.1137692968185614,0,,,
N60_K13_baseline,60,13,controlled_d20_white_plus_distractor,3,controlled_d20_white_plus_distractor__trial3,8,200,250,1,False,0.0,0.1189331392210986,0,,,
N60_K13_baseline,60,13,controlled_d20_white_plus_distractor,3,controlled_d20_white_plus_distractor__trial3,9,225,275,1,False,0.0,0.10187288856448284,0,,,
N60_K13_baseline,60,13,controlled_d20_white_plus_distractor,3,controlled_d20_white_plus_distractor__trial3,10,250,300,1,False,0.0,0.0752159204769457,0,,,
N60_K13_baseline,60,13,controlled_d20_white_plus_distractor,3,controlled_d20_white_plus_distractor__trial3,11,275,325,1,False,0.0,0.050721991686241474,0,,,
N60_K13_baseline,60,13,controlled_d20_white_plus_distractor,3,controlled_d20_white_plus_distractor__trial3,12,300,350,1,False,0.0,0.09424521562089017,0,,,
N60_K13_baseline,60,13,controlled_d20_white_plus_distractor,3,controlled_d20_white_plus_distractor__trial3,13,325,375,1,False,0.0,0.06867267616366735,0,,,
N60_K13_baseline,60,13,controlled_d20_white_plus_distractor,3,controlled_d20_white_plus_distractor__trial3,14,350,400,1,False,0.0,0.016508153929375657,0,,,
N60_K13_baseline,60,13,controlled_d20_white_plus_distractor,3,controlled_d20_white_plus_distractor__trial3,15,375,425,1,False,0.0,0.0,0,,,
N60_K13_baseline,60,13,controlled_d20_white_plus_distractor,3,controlled_d20_white_plus_distractor__trial3,16,400,450,1,False,0.0,0.019739943949320105,0,,,
N60_K13_baseline,60,13,controlled_d20_white_plus_distractor,3,controlled_d20_white_plus_distractor__trial3,17,425,475,1,False,0.0,0.05855462662530608,0,,,
N60_K13_baseline,60,13,controlled_d20_white_plus_distractor,3,controlled_d20_white_plus_distractor__trial3,18,450,500,1,False,0.0,0.0,0,,,
N60_K13_baseline,60,13,memory_d10,0,memory_d10__trial0,0,0,50,1,False,0.0,0.0,0,,,
N60_K13_baseline,60,13,memory_d10,0,memory_d10__trial0,1,25,75,1,False,0.0,0.0,0,,,
N60_K13_baseline,60,13,memory_d10,0,memory_d10__trial0,2,50,100,1,False,0.0,0.0,0,,,
N60_K13_baseline,60,13,memory_d10,0,memory_d10__trial0,3,75,125,1,False,0.0,0.11518966882140069,0,,,
N60_K13_baseline,60,13,memory_d10,0,memory_d10__trial0,4,100,150,1,False,0.0,0.10477983084843179,0,,,
N60_K13_baseline,60,13,memory_d10,0,memory_d10__trial0,5,125,175,1,False,0.0,0.029275828784867897,0,,,
N60_K13_baseline,60,13,memory_d10,0,memory_d10__trial0,6,150,200,1,False,0.0,0.02600192787350819,0,,,
N60_K13_baseline,60,13,memory_d10,0,memory_d10__trial0,7,175,225,1,False,0.0,0.08060156110851158,0,,,
N60_K13_baseline,60,13,memory_d10,0,memory_d10__trial0,8,200,250,1,False,0.0,0.04736266819654267,0,,,
N60_K13_baseline,60,13,memory_d10,0,memory_d10__trial0,9,225,275,1,False,0.0,0.09517564001118106,0,,,
N60_K13_baseline,60,13,memory_d10,0,memory_d10__trial0,10,250,300,1,False,0.0,0.07973533044814662,0,,,
N60_K13_baseline,60,13,memory_d10,0,memory_d10__trial0,11,275,325,1,False,0.0,0.013152451593343994,0,,,
N60_K13_baseline,60,13,memory_d10,0,memory_d10__trial0,12,300,350,1,False,0.0,0.012266715096929781,0,,,
N60_K13_baseline,60,13,memory_d10,0,memory_d10__trial0,13,325,375,1,False,0.0,0.0,0,,,
N60_K13_baseline,60,13,memory_d10,0,memory_d10__trial0,14,350,400,1,False,0.0,0.0,0,,,
N60_K13_baseline,60,13,memory_d10,0,memory_d10__trial0,15,375,425,1,False,0.0,0.06521452737971534,0,,,
N60_K13_baseline,60,13,memory_d10,0,memory_d10__trial0,16,400,450,1,False,0.0,0.005648060463075977,0,,,
N60_K13_baseline,60,13,memory_d10,0,memory_d10__trial0,17,425,475,1,False,0.0,0.0,0,,,
N60_K13_baseline,60,13,memory_d10,0,memory_d10__trial0,18,450,500,1,False,0.0,0.09631172864657711,0,,,
N60_K13_baseline,60,13,memory_d10,1,memory_d10__trial1,0,0,50,3,True,0.0,0.046610809503803585,0,0.1053702797309945,0.28605609426441153,0.5081376170002415
N60_K13_baseline,60,13,memory_d10,1,memory_d10__trial1,1,25,75,3,True,0.0,0.0,0,0.11952106297257267,0.3246824998823474,0.5686305940704756
N60_K13_baseline,60,13,memory_d10,1,memory_d10__trial1,2,50,100,3,True,0.013342361351674659,0.013342361351674659,1,0.12275437848982815,0.3394961284250866,0.5905517455580911
N60_K13_baseline,60,13,memory_d10,1,memory_d10__trial1,3,75,125,3,True,0.002831248722578561,0.002831248722578561,1,0.10948397418832805,0.3057917970779662,0.5456031166131459
N60_K13_baseline,60,13,memory_d10,1,memory_d10__trial1,4,100,150,3,True,0.0,0.0,0,0.09788635991898724,0.2822379737596257,0.5029187309655054
N60_K13_baseline,60,13,memory_d10,1,memory_d10__trial1,5,125,175,3,True,0.015570947487357434,0.11265501550860957,1,0.12005229909649653,0.3381118331316737,0.5906189900502916
N60_K13_baseline,60,13,memory_d10,1,memory_d10__trial1,6,150,200,3,True,0.0,0.033928645114409295,0,0.12889651337711483,0.3463513341389222,0.6032247544260217
N60_K13_baseline,60,13,memory_d10,1,memory_d10__trial1,7,175,225,3,True,0.005908779039336509,0.005908779039336509,1,0.11419538435419117,0.34811536240002927,0.5981327627578172
N60_K13_baseline,60,13,memory_d10,1,memory_d10__trial1,8,200,250,3,True,0.0,0.0,0,0.10909496350788303,0.3475238353360923,0.5962099820285095
N60_K13_baseline,60,13,memory_d10,1,memory_d10__trial1,9,225,275,3,True,0.018114591684475045,0.018114591684475045,1,0.10286184419818262,0.30108975797086446,0.5378429163794373
N60_K13_baseline,60,13,memory_d10,1,memory_d10__trial1,10,250,300,3,True,0.008348798747758401,0.014366015522197517,1,0.12322954362951415,0.3558748774236499,0.629951298660756
N60_K13_baseline,60,13,memory_d10,1,memory_d10__trial1,11,275,325,3,True,0.029940991917667636,0.05787972678704023,1,0.1434983885180821,0.40127257554103385,0.6846896818369808
N60_K13_baseline,60,13,memory_d10,1,memory_d10__trial1,12,300,350,3,True,0.017629278341188215,0.04029275923445719,1,0.1457143208231465,0.3915192178318692,0.6735396098404333
N60_K13_baseline,60,13,memory_d10,1,memory_d10__trial1,13,325,375,3,True,0.05830519992811212,0.05830519992811212,1,0.13672887872783318,0.37714277900184473,0.6528092072145131
N60_K13_baseline,60,13,memory_d10,1,memory_d10__trial1,14,350,400,3,True,0.0216871146381854,0.037504217212537605,1,0.11016490720322131,0.30550298505192813,0.5515896030834162
N60_K13_baseline,60,13,memory_d10,1,memory_d10__trial1,15,375,425,3,True,0.03510399566482447,0.05607940733277739,1,0.10957703089930011,0.2826366233515239,0.5272486090764115
N60_K13_baseline,60,13,memory_d10,1,memory_d10__trial1,16,400,450,3,True,0.004120038181498198,0.004120038181498198,1,0.14973755258986585,0.4343945596971662,0.7338599723838306
N60_K13_baseline,60,13,memory_d10,1,memory_d10__trial1,17,425,475,3,True,0.0,0.0,0,0.14910169276494872,0.4389211441599329,0.7469092539324871
N60_K13_baseline,60,13,memory_d10,1,memory_d10__trial1,18,450,500,3,True,0.0014969609421006114,0.12540748886191355,1,0.111689828045211,0.3039177831423543,0.5418206156764641
N60_K13_baseline,60,13,memory_d10,2,memory_d10__trial2,0,0,50,3,True,0.0,0.0,0,0.154319206693559,0.4272234427504548,0.7644137622743052
N60_K13_baseline,60,13,memory_d10,2,memory_d10__trial2,1,25,75,3,True,0.0,0.0,0,0.16728387884797635,0.44573753204649447,0.8161495334477284
N60_K13_baseline,60,13,memory_d10,2,memory_d10__trial2,2,50,100,3,True,0.004232118309054234,0.004232118309054234,1,0.15410104119314752,0.42148781735526963,0.753216965843555
N60_K13_baseline,60,13,memory_d10,2,memory_d10__trial2,3,75,125,3,True,0.011323397789393841,0.011323397789393841,1,0.14196523555251392,0.38646176387445175,0.7327400448180699
N60_K13_baseline,60,13,memory_d10,2,memory_d10__trial2,4,100,150,3,True,0.024742609642644964,0.042010726924477604,1,0.17261433920709698,0.46646822852024755,0.8401297362619788
N60_K13_baseline,60,13,memory_d10,2,memory_d10__trial2,5,125,175,3,True,0.061146384756185,0.061146384756185,1,0.18519918051649206,0.4936263581172654,0.8873932153565466
N60_K13_baseline,60,13,memory_d10,2,memory_d10__trial2,6,150,200,3,True,0.02805190541708824,0.02805190541708824,1,0.14376119156210374,0.3962194972159298,0.7491839706020498
N60_K13_baseline,60,13,memory_d10,2,memory_d10__trial2,7,175,225,3,True,0.010403073241374461,0.02593445223702817,1,0.1295424394336838,0.3798788909936537,0.6603999739048814
N60_K13_baseline,60,13,memory_d10,2,memory_d10__trial2,8,200,250,3,True,0.0032487001113410408,0.01435435662699669,1,0.15992495357373188,0.45585317182767815,0.8024032942163263
N60_K13_baseline,60,13,memory_d10,2,memory_d10__trial2,9,225,275,3,True,0.0,0.0,0,0.1627869093443221,0.46089983475747587,0.8382270282775699
N60_K13_baseline,60,13,memory_d10,2,memory_d10__trial2,10,250,300,3,True,0.04091852694273834,0.10810491920553611,1,0.14849330129154378,0.42629788254190115,0.74851910558081
N60_K13_baseline,60,13,memory_d10,2,memory_d10__trial2,11,275,325,3,True,0.05991826522131449,0.08154573388297282,1,0.15385396189511893,0.4314718825144058,0.7509044722454987
N60_K13_baseline,60,13,memory_d10,2,memory_d10__trial2,12,300,350,3,True,0.0,0.0,0,0.1553379192026323,0.41837637889658313,0.7815301129556032
N60_K13_baseline,60,13,memory_d10,2,memory_d10__trial2,13,325,375,3,True,0.0,0.0,0,0.13923085818404213,0.35931301096696117,0.6984802986781191
N60_K13_baseline,60,13,memory_d10,2,memory_d10__trial2,14,350,400,3,True,0.029363963004211735,0.05533113384334354,1,0.13812594431243497,0.36848060317452747,0.6847076124302736
N60_K13_baseline,60,13,memory_d10,2,memory_d10__trial2,15,375,425,3,True,0.01079530940982143,0.06921484150340806,1,0.14942242581113072,0.41526733981208624,0.740740197072262
N60_K13_baseline,60,13,memory_d10,2,memory_d10__trial2,16,400,450,3,True,0.0,0.0,0,0.14205060667697675,0.38860670909676753,0.6947080748795559
N60_K13_baseline,60,13,memory_d10,2,memory_d10__trial2,17,425,475,3,True,0.0,0.019998758391078564,0,0.14413898259067828,0.36587389563817935,0.7080928485335096
N60_K13_baseline,60,13,memory_d10,2,memory_d10__trial2,18,450,500,3,True,0.003373718219600863,0.003373718219600863,1,0.1458225184077685,0.38163801567718914,0.7162549701434937
N60_K13_baseline,60,13,memory_d10,3,memory_d10__trial3,0,0,50,1,False,0.0,0.013442699267820712,0,,,
N60_K13_baseline,60,13,memory_d10,3,memory_d10__trial3,1,25,75,1,False,0.0,0.0,0,,,
N60_K13_baseline,60,13,memory_d10,3,memory_d10__trial3,2,50,100,1,False,0.0,0.0,0,,,
N60_K13_baseline,60,13,memory_d10,3,memory_d10__trial3,3,75,125,1,False,0.0,0.0,0,,,
N60_K13_baseline,60,13,memory_d10,3,memory_d10__trial3,4,100,150,1,False,0.0,0.03016786013072903,0,,,
N60_K13_baseline,60,13,memory_d10,3,memory_d10__trial3,5,125,175,1,False,0.0,0.08755889412936002,0,,,
N60_K13_baseline,60,13,memory_d10,3,memory_d10__trial3,6,150,200,1,False,0.0,0.03943689304219278,0,,,
N60_K13_baseline,60,13,memory_d10,3,memory_d10__trial3,7,175,225,1,False,0.0,0.023499178737619753,0,,,
N60_K13_baseline,60,13,memory_d10,3,memory_d10__trial3,8,200,250,1,False,0.0,0.24174961988861277,0,,,
N60_K13_baseline,60,13,memory_d10,3,memory_d10__trial3,9,225,275,1,False,0.0,0.13055275754007845,0,,,
N60_K13_baseline,60,13,memory_d10,3,memory_d10__trial3,10,250,300,1,False,0.0,0.06442353000720724,0,,,
N60_K13_baseline,60,13,memory_d10,3,memory_d10__trial3,11,275,325,1,False,0.0,0.09407942161763827,0,,,
N60_K13_baseline,60,13,memory_d10,3,memory_d10__trial3,12,300,350,1,False,0.0,0.0601340968480063,0,,,
N60_K13_baseline,60,13,memory_d10,3,memory_d10__trial3,13,325,375,1,False,0.0,0.022748986716812802,0,,,
N60_K13_baseline,60,13,memory_d10,3,memory_d10__trial3,14,350,400,1,False,0.0,0.024399362943189784,0,,,
N60_K13_baseline,60,13,memory_d10,3,memory_d10__trial3,15,375,425,1,False,0.0,0.10561479486676228,0,,,
N60_K13_baseline,60,13,memory_d10,3,memory_d10__trial3,16,400,450,1,False,0.0,0.12276191715261375,0,,,
N60_K13_baseline,60,13,memory_d10,3,memory_d10__trial3,17,425,475,1,False,0.0,0.05195162085795213,0,,,
N60_K13_baseline,60,13,memory_d10,3,memory_d10__trial3,18,450,500,1,False,0.0,0.007439861372538603,0,,,
N60_K13_baseline,60,13,narma10,0,narma10__trial0,0,0,50,1,False,0.0,0.11465654359892075,0,,,
N60_K13_baseline,60,13,narma10,0,narma10__trial0,1,25,75,1,False,0.0,0.22421452712191603,0,,,
N60_K13_baseline,60,13,narma10,0,narma10__trial0,2,50,100,1,False,0.0,0.1879544920543217,0,,,
N60_K13_baseline,60,13,narma10,0,narma10__trial0,3,75,125,1,False,0.0,0.0,0,,,
N60_K13_baseline,60,13,narma10,0,narma10__trial0,4,100,150,1,False,0.0,0.0,0,,,
N60_K13_baseline,60,13,narma10,0,narma10__trial0,5,125,175,1,False,0.0,0.08281352114658991,0,,,
N60_K13_baseline,60,13,narma10,0,narma10__trial0,6,150,200,1,False,0.0,0.05797358576392686,0,,,
N60_K13_baseline,60,13,narma10,0,narma10__trial0,7,175,225,1,False,0.0,0.012654991589468922,0,,,
N60_K13_baseline,60,13,narma10,0,narma10__trial0,8,200,250,1,False,0.0,0.11304807928970251,0,,,
N60_K13_baseline,60,13,narma10,0,narma10__trial0,9,225,275,1,False,0.0,0.1162096946654182,0,,,
N60_K13_baseline,60,13,narma10,0,narma10__trial0,10,250,300,1,False,0.0,0.03113479080340331,0,,,
N60_K13_baseline,60,13,narma10,0,narma10__trial0,11,275,325,1,False,0.0,0.042770763822330915,0,,,
N60_K13_baseline,60,13,narma10,0,narma10__trial0,12,300,350,1,False,0.0,0.037321871656007755,0,,,
N60_K13_baseline,60,13,narma10,0,narma10__trial0,13,325,375,1,False,0.0,0.0,0,,,
N60_K13_baseline,60,13,narma10,0,narma10__trial0,14,350,400,1,False,0.0,0.0,0,,,
N60_K13_baseline,60,13,narma10,0,narma10__trial0,15,375,425,1,False,0.0,0.0,0,,,
N60_K13_baseline,60,13,narma10,0,narma10__trial0,16,400,450,1,False,0.0,0.04305464839882722,0,,,
N60_K13_baseline,60,13,narma10,0,narma10__trial0,17,425,475,1,False,0.0,0.012608451238591223,0,,,
N60_K13_baseline,60,13,narma10,0,narma10__trial0,18,450,500,1,False,0.0,0.0,0,,,
N60_K13_baseline,60,13,narma10,1,narma10__trial1,0,0,50,2,True,0.0,0.03154887379641824,0,0.09915498421114893,0.2515358299813446,0.7988452189619859
N60_K13_baseline,60,13,narma10,1,narma10__trial1,1,25,75,2,True,0.0,0.045883438581828084,0,0.10528281413880285,0.2515605834764308,0.7989238328564902
N60_K13_baseline,60,13,narma10,1,narma10__trial1,2,50,100,2,True,0.0,0.04571589673551024,0,0.08848558253758089,0.20727037403539197,0.6582638638118299
N60_K13_baseline,60,13,narma10,1,narma10__trial1,3,75,125,2,True,0.0,0.0,0,0.11199676822698938,0.274444749533273,0.871600980465228
N60_K13_baseline,60,13,narma10,1,narma10__trial1,4,100,150,2,True,0.0,0.0,0,0.13490358464282745,0.3453314334582169,1.0967279078922698
N60_K13_baseline,60,13,narma10,1,narma10__trial1,5,125,175,2,True,0.014355294476982916,0.014355294476982916,1,0.12213903614061734,0.31496307853405886,1.000281945737679
N60_K13_baseline,60,13,narma10,1,narma10__trial1,6,150,200,2,True,0.027045500719191096,0.027045500719191096,1,0.11206665171780468,0.27121466238896763,0.8613426420318911
N60_K13_baseline,60,13,narma10,1,narma10__trial1,7,175,225,2,True,0.019345332392199155,0.0600776069857899,1,0.11373854056103579,0.29297026687438715,0.9304356242527313
N60_K13_baseline,60,13,narma10,1,narma10__trial1,8,200,250,2,True,0.06370617382977695,0.06370617382977695,1,0.11646374165434206,0.30455582636625744,0.9672298607230053
N60_K13_baseline,60,13,narma10,1,narma10__trial1,9,225,275,2,True,0.061180137308379345,0.14284710729547057,1,0.12247561701889143,0.30018019210347396,0.9533334130041651
N60_K13_baseline,60,13,narma10,1,narma10__trial1,10,250,300,2,True,0.04210340412878377,0.09535829452659317,1,0.12053286002052464,0.2843436947982593,0.9030387485887085
N60_K13_baseline,60,13,narma10,1,narma10__trial1,11,275,325,2,True,0.0499746246444126,0.0499746246444126,1,0.10587652513089942,0.2580238844051892,0.8194504395273337
N60_K13_baseline,60,13,narma10,1,narma10__trial1,12,300,350,2,True,0.058491704559166524,0.058491704559166524,1,0.10025077978381453,0.24652247661139515,0.7829234579514448
N60_K13_baseline,60,13,narma10,1,narma10__trial1,13,325,375,2,True,0.0,0.019305288423085543,0,0.11745563106427603,0.2854357927331788,0.9065071101895722
N60_K13_baseline,60,13,narma10,1,narma10__trial1,14,350,400,2,True,0.0,0.0,0,0.12767260718758297,0.3214976849214613,1.0210350093102207
N60_K13_baseline,60,13,narma10,1,narma10__trial1,15,375,425,2,True,0.0,0.0,0,0.10775647880204046,0.2800852009275196,0.8895143235838427
N60_K13_baseline,60,13,narma10,1,narma10__trial1,16,400,450,2,True,0.016414493230455074,0.016414493230455074,1,0.09072418851771724,0.22771471637049276,0.7231924472682252
N60_K13_baseline,60,13,narma10,1,narma10__trial1,17,425,475,2,True,0.032528271757309546,0.032528271757309546,1,0.09211638751620953,0.22986606734538426,0.7300248593374271
N60_K13_baseline,60,13,narma10,1,narma10__trial1,18,450,500,2,True,0.10701889997667224,0.10701889997667224,1,0.11131060968398378,0.2792337057278909,0.8868100851091772
N60_K13_baseline,60,13,narma10,2,narma10__trial2,0,0,50,3,True,0.0,0.0,0,0.09809695790737019,0.3080221852033548,0.5428110751144206
N60_K13_baseline,60,13,narma10,2,narma10__trial2,1,25,75,3,True,0.0,0.0,0,0.09752173325217335,0.29126871871154325,0.5116644974129383
N60_K13_baseline,60,13,narma10,2,narma10__trial2,2,50,100,3,True,0.0,0.0,0,0.08978781536244708,0.2585860729164846,0.46158510555771864
N60_K13_baseline,60,13,narma10,2,narma10__trial2,3,75,125,3,True,0.0,0.02701637295726822,0,0.10620921801711408,0.3045082665601777,0.5387368601320935
N60_K13_baseline,60,13,narma10,2,narma10__trial2,4,100,150,3,True,0.021555256627573183,0.046621148395573964,1,0.10810741598895746,0.31379178599869917,0.5387792173875399
N60_K13_baseline,60,13,narma10,2,narma10__trial2,5,125,175,3,True,0.0,0.04980911096011076,0,0.10183404878085502,0.29024943276461707,0.5002359943806609
N60_K13_baseline,60,13,narma10,2,narma10__trial2,6,150,200,3,True,0.005864759585404333,0.014643768857252604,1,0.11302436157024519,0.30184857019261613,0.5509079019933045
N60_K13_baseline,60,13,narma10,2,narma10__trial2,7,175,225,3,True,0.007719250906745689,0.007719250906745689,1,0.11132293914075474,0.29693295187468494,0.5482518368581168
N60_K13_baseline,60,13,narma10,2,narma10__trial2,8,200,250,3,True,0.0021708131604957215,0.08346585699700265,1,0.09136651988719448,0.24735570065528004,0.4551658235279762
N60_K13_baseline,60,13,narma10,2,narma10__trial2,9,225,275,3,True,0.020560459737502867,0.16950807327699013,1,0.08433999776962561,0.23129406998499363,0.4300592330442586
N60_K13_baseline,60,13,narma10,2,narma10__trial2,10,250,300,3,True,0.010661246426667659,0.12183670441206246,1,0.10725117274736767,0.3014670702925637,0.5395336943365089
N60_K13_baseline,60,13,narma10,2,narma10__trial2,11,275,325,3,True,0.004351846535810833,0.06284821747124347,1,0.10009714421768626,0.2818770771757938,0.5073560569905855
N60_K13_baseline,60,13,narma10,2,narma10__trial2,12,300,350,3,True,0.01857614651572914,0.07034853920479395,1,0.07452037504712689,0.1917190722368607,0.3798780229216805
N60_K13_baseline,60,13,narma10,2,narma10__trial2,13,325,375,3,True,0.0284879932578454,0.0284879932578454,1,0.08793330070888365,0.22897357132216176,0.4376521498274417
N60_K13_baseline,60,13,narma10,2,narma10__trial2,14,350,400,3,True,0.029371615806632778,0.029371615806632778,1,0.10385122210597793,0.279473183241976,0.5078106136590916
N60_K13_baseline,60,13,narma10,2,narma10__trial2,15,375,425,3,True,0.0031827012589464854,0.0031827012589464854,1,0.1005421603508021,0.26909750896601176,0.5037644605465584
N60_K13_baseline,60,13,narma10,2,narma10__trial2,16,400,450,3,True,0.013907442647610901,0.023869212596190015,1,0.08814726256518444,0.22852339573934405,0.45785076153630894
N60_K13_baseline,60,13,narma10,2,narma10__trial2,17,425,475,3,True,0.007600065168829939,0.018630025423456154,1,0.08804207708243263,0.23323109688033816,0.4504709753590386
N60_K13_baseline,60,13,narma10,2,narma10__trial2,18,450,500,3,True,0.019105428268494817,0.019105428268494817,1,0.09213164082104637,0.2490209862637374,0.4580247277111096
N60_K13_baseline,60,13,narma10,3,narma10__trial3,0,0,50,1,False,0.0,0.016673550052558772,0,,,
N60_K13_baseline,60,13,narma10,3,narma10__trial3,1,25,75,1,False,0.0,0.12443346673690348,0,,,
N60_K13_baseline,60,13,narma10,3,narma10__trial3,2,50,100,1,False,0.0,0.0631780787142977,0,,,
N60_K13_baseline,60,13,narma10,3,narma10__trial3,3,75,125,1,False,0.0,0.0,0,,,
N60_K13_baseline,60,13,narma10,3,narma10__trial3,4,100,150,1,False,0.0,0.0544182930699757,0,,,
N60_K13_baseline,60,13,narma10,3,narma10__trial3,5,125,175,1,False,0.0,0.061632846872263114,0,,,
N60_K13_baseline,60,13,narma10,3,narma10__trial3,6,150,200,1,False,0.0,0.04519234461752886,0,,,
N60_K13_baseline,60,13,narma10,3,narma10__trial3,7,175,225,1,False,0.0,0.0030056540198375448,0,,,
N60_K13_baseline,60,13,narma10,3,narma10__trial3,8,200,250,1,False,0.0,0.0,0,,,
N60_K13_baseline,60,13,narma10,3,narma10__trial3,9,225,275,1,False,0.0,0.0,0,,,
N60_K13_baseline,60,13,narma10,3,narma10__trial3,10,250,300,1,False,0.0,0.026613460882153106,0,,,
N60_K13_baseline,60,13,narma10,3,narma10__trial3,11,275,325,1,False,0.0,0.013141405987211918,0,,,
N60_K13_baseline,60,13,narma10,3,narma10__trial3,12,300,350,1,False,0.0,0.0,0,,,
N60_K13_baseline,60,13,narma10,3,narma10__trial3,13,325,375,1,False,0.0,0.017593744910320508,0,,,
N60_K13_baseline,60,13,narma10,3,narma10__trial3,14,350,400,1,False,0.0,0.00975872573606773,0,,,
N60_K13_baseline,60,13,narma10,3,narma10__trial3,15,375,425,1,False,0.0,0.0,0,,,
N60_K13_baseline,60,13,narma10,3,narma10__trial3,16,400,450,1,False,0.0,0.0,0,,,
N60_K13_baseline,60,13,narma10,3,narma10__trial3,17,425,475,1,False,0.0,0.0,0,,,
N60_K13_baseline,60,13,narma10,3,narma10__trial3,18,450,500,1,False,0.0,0.005828563618117788,0,,,
N60_K13_baseline,60,13,lorenz_x,0,lorenz_x__trial0,0,0,50,3,True,0.0,0.0,0,0.013897987053171471,0.04389884673232492,0.16318444214151123
N60_K13_baseline,60,13,lorenz_x,0,lorenz_x__trial0,1,25,75,3,True,0.0001968924418313204,0.0004536999251185175,1,0.0009770208593539872,0.002029286065599598,0.005542730035882633
N60_K13_baseline,60,13,lorenz_x,0,lorenz_x__trial0,2,50,100,3,True,0.0,0.000379381985969437,0,0.0007793654224490375,0.0018966441610542906,0.004505219446011356
N60_K13_baseline,60,13,lorenz_x,0,lorenz_x__trial0,3,75,125,3,True,0.0007505969435318751,0.0019434105563320074,1,0.0007640094561969261,0.0020240466217754894,0.004275655846902346
N60_K13_baseline,60,13,lorenz_x,0,lorenz_x__trial0,4,100,150,3,True,0.0009648550879679252,0.00223869112814587,1,0.001101485881979746,0.0023259610315237737,0.006347242039097294
N60_K13_baseline,60,13,lorenz_x,0,lorenz_x__trial0,5,125,175,3,True,0.00012951520115985198,0.0020001265024752503,1,0.0010732393879874771,0.0022222243704807325,0.006652833553416767
N60_K13_baseline,60,13,lorenz_x,0,lorenz_x__trial0,6,150,200,3,True,0.0,0.0,0,0.0007440084436662217,0.0017509785281999558,0.005364268869825155
N60_K13_baseline,60,13,lorenz_x,0,lorenz_x__trial0,7,175,225,3,True,0.0005826975539711173,0.0014518753115088634,1,0.0004938566053397317,0.0007306199525227546,0.0038765857470262864
N60_K13_baseline,60,13,lorenz_x,0,lorenz_x__trial0,8,200,250,3,True,4.014446910147185e-05,0.0010442017986938574,1,0.0006610454112913908,0.0014317315436763668,0.003838054260588264
N60_K13_baseline,60,13,lorenz_x,0,lorenz_x__trial0,9,225,275,3,True,0.0,0.0007435951902708838,0,0.000811213890468156,0.0015786189687033406,0.004860889386438794
N60_K13_baseline,60,13,lorenz_x,0,lorenz_x__trial0,10,250,300,3,True,0.00026118583365049297,0.0016995249617560546,1,0.0007695361077908364,0.0017327874366586686,0.004607752420731394
N60_K13_baseline,60,13,lorenz_x,0,lorenz_x__trial0,11,275,325,3,True,9.892129926550135e-05,0.0013509303311779416,1,0.0008938073454334922,0.0023938894603922605,0.004780930061826033
N60_K13_baseline,60,13,lorenz_x,0,lorenz_x__trial0,12,300,350,3,True,6.441873775202105e-05,0.00043136553567274874,1,0.0009977937536764167,0.002239625460586434,0.005610196821587704
N60_K13_baseline,60,13,lorenz_x,0,lorenz_x__trial0,13,325,375,3,True,0.000412892692950341,0.000412892692950341,1,0.0009916248283519424,0.0023335091175866315,0.005941361561785595
N60_K13_baseline,60,13,lorenz_x,0,lorenz_x__trial0,14,350,400,3,True,0.0008647201642081595,0.0017782941020506714,1,0.0009304145518131499,0.0022659033692180963,0.005627023232063202
N60_K13_baseline,60,13,lorenz_x,0,lorenz_x__trial0,15,375,425,3,True,0.00023151135065441197,0.0013640536229647259,1,0.001079084769184533,0.002519682752485934,0.006113093927997409
N60_K13_baseline,60,13,lorenz_x,0,lorenz_x__trial0,16,400,450,3,True,0.0027963368078664152,0.005021924203570192,1,0.0017920021208523006,0.004468195026047972,0.008664652780828725
N60_K13_baseline,60,13,lorenz_x,0,lorenz_x__trial0,17,425,475,3,True,0.0032779340082135632,0.006048647909871571,1,0.0016899755923504638,0.004349063472510415,0.007765984693921371
N60_K13_baseline,60,13,lorenz_x,0,lorenz_x__trial0,18,450,500,3,True,0.0002319712124239084,0.0002319712124239084,1,0.0012585937144638203,0.002643330105027585,0.006949026873596401
N60_K13_baseline,60,13,lorenz_x,1,lorenz_x__trial1,0,0,50,13,True,0.00800565434152048,0.00800565434152048,1,0.022145894979941103,0.043614126078013044,0.10169863069585346
N60_K13_baseline,60,13,lorenz_x,1,lorenz_x__trial1,1,25,75,13,True,0.0024363050470437206,0.0024363050470437206,1,0.003948693471412467,0.005537097283375403,0.017799731810457773
N60_K13_baseline,60,13,lorenz_x,1,lorenz_x__trial1,2,50,100,13,True,0.0022560964022855824,0.0022560964022855824,1,0.0030300258792351873,0.005847660561719629,0.013565384765387172
N60_K13_baseline,60,13,lorenz_x,1,lorenz_x__trial1,3,75,125,13,True,0.0024189678054872786,0.0024189678054872786,1,0.0022645117038447788,0.004335856930899819,0.009407156112359134
N60_K13_baseline,60,13,lorenz_x,1,lorenz_x__trial1,4,100,150,13,True,0.0029867483526858163,0.0029867483526858163,1,0.0034352169884718153,0.0059633019317528405,0.01245847896879554
N60_K13_baseline,60,13,lorenz_x,1,lorenz_x__trial1,5,125,175,13,True,0.003525071397742343,0.003525071397742343,1,0.005115824165110058,0.008856077582899365,0.020698609918839723
N60_K13_baseline,60,13,lorenz_x,1,lorenz_x__trial1,6,150,200,13,True,0.0014944468973046069,0.0014944468973046069,1,0.003601165176081869,0.006805088001793652,0.01717885224480242
N60_K13_baseline,60,13,lorenz_x,1,lorenz_x__trial1,7,175,225,13,True,0.0019391058812770836,0.0019391058812770836,1,0.0017814223697106264,0.0014874146013635304,0.0056093954400129676
N60_K13_baseline,60,13,lorenz_x,1,lorenz_x__trial1,8,200,250,13,True,0.001942620120417938,0.001942620120417938,1,0.0017311988370748378,0.002175516488649122,0.005812130906879352
N60_K13_baseline,60,13,lorenz_x,1,lorenz_x__trial1,9,225,275,13,True,0.001978938591785811,0.001978938591785811,1,0.0018874060649996635,0.002701329497705914,0.006203607180943598
N60_K13_baseline,60,13,lorenz_x,1,lorenz_x__trial1,10,250,300,13,True,0.00234334196398521,0.00234334196398521,1,0.0024688976266399637,0.004786125094153111,0.008333961415554387
N60_K13_baseline,60,13,lorenz_x,1,lorenz_x__trial1,11,275,325,13,True,0.0013744482428077734,0.0013744482428077734,1,0.0025040237877425884,0.005201852713708478,0.008448472141171339
N60_K13_baseline,60,13,lorenz_x,1,lorenz_x__trial1,12,300,350,13,True,0.0017987794205742338,0.0017987794205742338,1,0.0026548525905536547,0.0054108227467182845,0.009706782943721607
N60_K13_baseline,60,13,lorenz_x,1,lorenz_x__trial1,13,325,375,13,True,0.0016809278603430425,0.0016809278603430425,1,0.0038554606858566794,0.009637977990449072,0.015103971172176425
N60_K13_baseline,60,13,lorenz_x,1,lorenz_x__trial1,14,350,400,13,True,0.0012840131020425485,0.0012840131020425485,1,0.0035991460660504716,0.008994512994532057,0.013812858812558977
N60_K13_baseline,60,13,lorenz_x,1,lorenz_x__trial1,15,375,425,13,True,0.0006565860984616995,0.0006565860984616995,1,0.003556889903758787,0.006599915863647006,0.01430064876370577
N60_K13_baseline,60,13,lorenz_x,1,lorenz_x__trial1,16,400,450,13,True,0.0010650001315594144,0.0010650001315594144,1,0.002968816790660601,0.005925251589694938,0.013483065882604435
N60_K13_baseline,60,13,lorenz_x,1,lorenz_x__trial1,17,425,475,13,True,0.001901597373850119,0.001901597373850119,1,0.0019682598353922484,0.0028233735474034218,0.006528888188377765
N60_K13_baseline,60,13,lorenz_x,1,lorenz_x__trial1,18,450,500,13,True,0.0028131122497765384,0.0028131122497765384,1,0.003390840385640089,0.005906990582602689,0.012777265289720167
N60_K13_baseline,60,13,lorenz_x,2,lorenz_x__trial2,0,0,50,1,False,0.0,0.11385879860168854,0,,,
N60_K13_baseline,60,13,lorenz_x,2,lorenz_x__trial2,1,25,75,1,False,0.0,0.0,0,,,
N60_K13_baseline,60,13,lorenz_x,2,lorenz_x__trial2,2,50,100,1,False,0.0,0.001183164097016826,0,,,
N60_K13_baseline,60,13,lorenz_x,2,lorenz_x__trial2,3,75,125,1,False,0.0,0.0010571071805788425,0,,,
N60_K13_baseline,60,13,lorenz_x,2,lorenz_x__trial2,4,100,150,1,False,0.0,0.0009474483871450747,0,,,
N60_K13_baseline,60,13,lorenz_x,2,lorenz_x__trial2,5,125,175,1,False,0.0,0.000727439956097605,0,,,
N60_K13_baseline,60,13,lorenz_x,2,lorenz_x__trial2,6,150,200,1,False,0.0,0.00044526940833786166,0,,,
N60_K13_baseline,60,13,lorenz_x,2,lorenz_x__trial2,7,175,225,1,False,0.0,0.0003482296889179004,0,,,
N60_K13_baseline,60,13,lorenz_x,2,lorenz_x__trial2,8,200,250,1,False,0.0,0.0003167550252660429,0,,,
N60_K13_baseline,60,13,lorenz_x,2,lorenz_x__trial2,9,225,275,1,False,0.0,0.0008422517463938144,0,,,
N60_K13_baseline,60,13,lorenz_x,2,lorenz_x__trial2,10,250,300,1,False,0.0,0.0007822145699753727,0,,,
N60_K13_baseline,60,13,lorenz_x,2,lorenz_x__trial2,11,275,325,1,False,0.0,0.0010292685667146178,0,,,
N60_K13_baseline,60,13,lorenz_x,2,lorenz_x__trial2,12,300,350,1,False,0.0,0.0019350370012494117,0,,,
N60_K13_baseline,60,13,lorenz_x,2,lorenz_x__trial2,13,325,375,1,False,0.0,0.0007552593398890825,0,,,
N60_K13_baseline,60,13,lorenz_x,2,lorenz_x__trial2,14,350,400,1,False,0.0,0.0021678597695032453,0,,,
N60_K13_baseline,60,13,lorenz_x,2,lorenz_x__trial2,15,375,425,1,False,0.0,0.003995690838435748,0,,,
N60_K13_baseline,60,13,lorenz_x,2,lorenz_x__trial2,16,400,450,1,False,0.0,0.0013264179758708102,0,,,
N60_K13_baseline,60,13,lorenz_x,2,lorenz_x__trial2,17,425,475,1,False,0.0,0.0,0,,,
N60_K13_baseline,60,13,lorenz_x,2,lorenz_x__trial2,18,450,500,1,False,0.0,0.0007929325351735917,0,,,
N60_K13_baseline,60,13,lorenz_x,3,lorenz_x__trial3,0,0,50,2,True,0.0,0.0,0,0.01249941294010615,0.04533251553619491,0.143970198211106
N60_K13_baseline,60,13,lorenz_x,3,lorenz_x__trial3,1,25,75,2,True,0.00018450557374766435,0.00018450557374766435,1,0.0009422399626431534,0.0026389187555465464,0.008380864194392584
N60_K13_baseline,60,13,lorenz_x,3,lorenz_x__trial3,2,50,100,2,True,0.0,0.0,0,0.000992798987048415,0.002553626175795784,0.008109986007567734
N60_K13_baseline,60,13,lorenz_x,3,lorenz_x__trial3,3,75,125,2,True,0.0,0.0002216313707599888,0,0.0013667122418702957,0.003170371651227825,0.01006868976123123
N60_K13_baseline,60,13,lorenz_x,3,lorenz_x__trial3,4,100,150,2,True,0.0,0.0003439834174365974,0,0.0010122654504552005,0.002452448185659667,0.007788657814719763
N60_K13_baseline,60,13,lorenz_x,3,lorenz_x__trial3,5,125,175,2,True,0.0,0.002142915297393936,0,0.0009444442679321787,0.002511187428852519,0.007975206043628285
N60_K13_baseline,60,13,lorenz_x,3,lorenz_x__trial3,6,150,200,2,True,0.0003910629361009218,0.005072832596993968,1,0.0015906623567455787,0.004186654052992854,0.013296271047863075
N60_K13_baseline,60,13,lorenz_x,3,lorenz_x__trial3,7,175,225,2,True,0.0017072119005127765,0.003846922090009655,1,0.002124011164332549,0.00548528627900687,0.017420558808450493
N60_K13_baseline,60,13,lorenz_x,3,lorenz_x__trial3,8,200,250,2,True,0.000403442356961649,0.0005114108255689764,1,0.0016885853739267611,0.004705371561696427,0.01494365067505358
N60_K13_baseline,60,13,lorenz_x,3,lorenz_x__trial3,9,225,275,2,True,0.0,0.0,0,0.0008673984407044848,0.0024602151861383243,0.00781332480231557
N60_K13_baseline,60,13,lorenz_x,3,lorenz_x__trial3,10,250,300,2,True,0.0,0.0,0,0.0006228916441313201,0.0017730506874519556,0.005630979350946959
N60_K13_baseline,60,13,lorenz_x,3,lorenz_x__trial3,11,275,325,2,True,0.000574321512814782,0.000574321512814782,1,0.0008967072829464986,0.0023531126707499275,0.007473181084567013
N60_K13_baseline,60,13,lorenz_x,3,lorenz_x__trial3,12,300,350,2,True,0.00015895566034423124,0.00015895566034423124,1,0.0009532820189805053,0.00238158793995439,0.0075636148516543
N60_K13_baseline,60,13,lorenz_x,3,lorenz_x__trial3,13,325,375,2,True,0.0,0.0002639548951468202,0,0.0011945159255421845,0.0031023630507656906,0.009852703254134005
N60_K13_baseline,60,13,lorenz_x,3,lorenz_x__trial3,14,350,400,2,True,3.742169628485285e-05,0.0014409362664484747,1,0.0021918817960134567,0.005448845454612123,0.01730482746971861
N60_K13_baseline,60,13,lorenz_x,3,lorenz_x__trial3,15,375,425,2,True,0.0018733946141190339,0.0035164390328796665,1,0.0024177976932284505,0.005843657702707952,0.018558700036511094
N60_K13_baseline,60,13,lorenz_x,3,lorenz_x__trial3,16,400,450,2,True,0.0009511602007644471,0.0037864397072925595,1,0.002266101183842025,0.005944257476367204,0.018878191888714858
N60_K13_baseline,60,13,lorenz_x,3,lorenz_x__trial3,17,425,475,2,True,0.0,0.0019073980459688683,0,0.001447421817951885,0.004909030593870445,0.01559044538482795
N60_K13_baseline,60,13,lorenz_x,3,lorenz_x__trial3,18,450,500,2,True,9.18130302405317e-05,9.18130302405317e-05,1,0.0003695239741877337,0.0009211854286882598,0.0029255656163960464
N60_K25_finer_grid,60,25,controlled_d20_white_plus_distractor,0,controlled_d20_white_plus_distractor__trial0,0,0,50,5,True,0.055624156967078564,0.09996031978262643,1,0.10352940172057849,0.32802367056113685,0.5907149680386204
N60_K25_finer_grid,60,25,controlled_d20_white_plus_distractor,0,controlled_d20_white_plus_distractor__trial0,1,25,75,5,True,0.049878949379565274,0.08151765483941875,1,0.13498530652077045,0.44203780856534475,0.7470589890442529
N60_K25_finer_grid,60,25,controlled_d20_white_plus_distractor,0,controlled_d20_white_plus_distractor__trial0,2,50,100,5,True,0.012903994302615018,0.1912743425486526,1,0.10725110037444797,0.3780100130550071,0.6387685022334937
N60_K25_finer_grid,60,25,controlled_d20_white_plus_distractor,0,controlled_d20_white_plus_distractor__trial0,3,75,125,5,True,0.0009379752690865661,0.14464256251681662,1,0.05955503229373374,0.18226483966985768,0.3535834322850917
N60_K25_finer_grid,60,25,controlled_d20_white_plus_distractor,0,controlled_d20_white_plus_distractor__trial0,4,100,150,5,True,0.0,0.07397094418428896,0,0.06139857117157134,0.19074705069620213,0.3607771853513383
N60_K25_finer_grid,60,25,controlled_d20_white_plus_distractor,0,controlled_d20_white_plus_distractor__trial0,5,125,175,5,True,0.021642395891444788,0.03398251240046757,1,0.06591693725949456,0.21097645599898301,0.37698556813456385
N60_K25_finer_grid,60,25,controlled_d20_white_plus_distractor,0,controlled_d20_white_plus_distractor__trial0,6,150,200,5,True,0.012971580878225364,0.012971580878225364,1,0.05359491494620782,0.179335793185711,0.318978479440518
N60_K25_finer_grid,60,25,controlled_d20_white_plus_distractor,0,controlled_d20_white_plus_distractor__trial0,7,175,225,5,True,0.033131394186244556,0.11798197621024809,1,0.04740220071766807,0.1697079635430717,0.3022013717444383
N60_K25_finer_grid,60,25,controlled_d20_white_plus_distractor,0,controlled_d20_white_plus_distractor__trial0,8,200,250,5,True,0.0,0.0,0,0.05972691584343721,0.2095225841967603,0.363546605218264
N60_K25_finer_grid,60,25,controlled_d20_white_plus_distractor,0,controlled_d20_white_plus_distractor__trial0,9,225,275,5,True,0.03682802028419385,0.04417124240089454,1,0.07428610233690214,0.23921861016731766,0.4108966639340035
N60_K25_finer_grid,60,25,controlled_d20_white_plus_distractor,0,controlled_d20_white_plus_distractor__trial0,10,250,300,5,True,0.02367912100619618,0.031084859021662747,1,0.07607888048823415,0.2400889303337912,0.4052045305855744
N60_K25_finer_grid,60,25,controlled_d20_white_plus_distractor,0,controlled_d20_white_plus_distractor__trial0,11,275,325,5,True,0.047655729876626474,0.05655325204366268,1,0.0823045725515776,0.2712347107510218,0.45694489613035383
N60_K25_finer_grid,60,25,controlled_d20_white_plus_distractor,0,controlled_d20_white_plus_distractor__trial0,12,300,350,5,True,0.054259797438640844,0.05981878657627904,1,0.08148274567031687,0.2783906927351149,0.47731847751848966
N60_K25_finer_grid,60,25,controlled_d20_white_plus_distractor,0,controlled_d20_white_plus_distractor__trial0,13,325,375,5,True,0.02129321733795031,0.02129321733795031,1,0.058055040213730605,0.20056280183124459,0.3477146693305616
N60_K25_finer_grid,60,25,controlled_d20_white_plus_distractor,0,controlled_d20_white_plus_distractor__trial0,14,350,400,5,True,0.02365816916688379,0.030972256005856846,1,0.05715515082661961,0.1892027168929239,0.3433926190971524
N60_K25_finer_grid,60,25,controlled_d20_white_plus_distractor,0,controlled_d20_white_plus_distractor__trial0,15,375,425,5,True,0.050231574050679684,0.0700435856944055,1,0.06740108029483209,0.2176148552073848,0.3911497473956618
N60_K25_finer_grid,60,25,controlled_d20_white_plus_distractor,0,controlled_d20_white_plus_distractor__trial0,16,400,450,5,True,0.024731595118348992,0.02995705629276635,1,0.06241764535468659,0.2045802246136658,0.36711136965639385
N60_K25_finer_grid,60,25,controlled_d20_white_plus_distractor,0,controlled_d20_white_plus_distractor__trial0,17,425,475,5,True,0.008211817988893366,0.008211817988893366,1,0.06933892141144803,0.24763200580503597,0.4306711618887608
N60_K25_finer_grid,60,25,controlled_d20_white_plus_distractor,0,controlled_d20_white_plus_distractor__trial0,18,450,500,5,True,0.0070141147079018085,0.05892106053195767,1,0.06056681044287766,0.22448377775076161,0.38508562246943906
N60_K25_finer_grid,60,25,controlled_d20_white_plus_distractor,1,controlled_d20_white_plus_distractor__trial1,0,0,50,6,True,0.015178381494523108,0.016045154993131305,1,0.041861613385551354,0.140022425724928,0.19708236324601486
N60_K25_finer_grid,60,25,controlled_d20_white_plus_distractor,1,controlled_d20_white_plus_distractor__trial1,1,25,75,6,True,0.04246857013707006,0.06389523661457197,1,0.04146099823179982,0.13625883130318184,0.1954909136296144
N60_K25_finer_grid,60,25,controlled_d20_white_plus_distractor,1,controlled_d20_white_plus_distractor__trial1,2,50,100,6,True,0.03251684035436031,0.09626227552864097,1,0.040804749623077716,0.1290720833967103,0.1881497294652566
N60_K25_finer_grid,60,25,controlled_d20_white_plus_distractor,1,controlled_d20_white_plus_distractor__trial1,3,75,125,6,True,0.0,0.0982138904215537,0,0.04356962710916797,0.1393088545131354,0.200078904018203
N60_K25_finer_grid,60,25,controlled_d20_white_plus_distractor,1,controlled_d20_white_plus_distractor__trial1,4,100,150,6,True,0.00603188799960952,0.02994076503087939,1,0.0440970620961587,0.13995693222508712,0.1990663613336844
N60_K25_finer_grid,60,25,controlled_d20_white_plus_distractor,1,controlled_d20_white_plus_distractor__trial1,5,125,175,6,True,0.00574966936485366,0.01862474868455788,1,0.0371490195547048,0.11856985078920342,0.16928165242016563
N60_K25_finer_grid,60,25,controlled_d20_white_plus_distractor,1,controlled_d20_white_plus_distractor__trial1,6,150,200,6,True,0.0,0.04249364941274858,0,0.03474574340752342,0.1166151387409348,0.16423384986159145
N60_K25_finer_grid,60,25,controlled_d20_white_plus_distractor,1,controlled_d20_white_plus_distractor__trial1,7,175,225,6,True,0.0,0.0547181024651302,0,0.04284808208859143,0.1405705648579015,0.197722678507887
N60_K25_finer_grid,60,25,controlled_d20_white_plus_distractor,1,controlled_d20_white_plus_distractor__trial1,8,200,250,6,True,0.0,0.03357938891992318,0,0.05162441476222175,0.17502812497999384,0.2428179022656976
N60_K25_finer_grid,60,25,controlled_d20_white_plus_distractor,1,controlled_d20_white_plus_distractor__trial1,9,225,275,6,True,0.0058394916692587895,0.0058394916692587895,1,0.054953481153970314,0.18203263263467093,0.2548017373954231
N60_K25_finer_grid,60,25,controlled_d20_white_plus_distractor,1,controlled_d20_white_plus_distractor__trial1,10,250,300,6,True,0.022679902356060433,0.022679902356060433,1,0.052146606833796766,0.16995462101477082,0.24379701996891012
N60_K25_finer_grid,60,25,controlled_d20_white_plus_distractor,1,controlled_d20_white_plus_distractor__trial1,11,275,325,6,True,0.06058298157839892,0.08992587003804597,1,0.052514098673451644,0.18132711229944443,0.2540164513864681
N60_K25_finer_grid,60,25,controlled_d20_white_plus_distractor,1,controlled_d20_white_plus_distractor__trial1,12,300,350,6,True,0.05360211249362612,0.055808235935832506,1,0.05042000149110914,0.17131959499789015,0.24300560172131602
N60_K25_finer_grid,60,25,controlled_d20_white_plus_distractor,1,controlled_d20_white_plus_distractor__trial1,13,325,375,6,True,0.018101623543643752,0.018101623543643752,1,0.04919052571825469,0.16127655072531935,0.23319231581802366
N60_K25_finer_grid,60,25,controlled_d20_white_plus_distractor,1,controlled_d20_white_plus_distractor__trial1,14,350,400,6,True,0.0,0.0,0,0.04242710712946523,0.1450159909744284,0.20499777519557583
N60_K25_finer_grid,60,25,controlled_d20_white_plus_distractor,1,controlled_d20_white_plus_distractor__trial1,15,375,425,6,True,0.0016225902973447948,0.0016225902973447948,1,0.04165025441126894,0.1433160097797952,0.20295828834748447
N60_K25_finer_grid,60,25,controlled_d20_white_plus_distractor,1,controlled_d20_white_plus_distractor__trial1,16,400,450,6,True,0.03206386612343848,0.03287643052353828,1,0.04209023787457484,0.1409876085845556,0.2072173708701858
N60_K25_finer_grid,60,25,controlled_d20_white_plus_distractor,1,controlled_d20_white_plus_distractor__trial1,17,425,475,6,True,0.03390644370650642,0.03390644370650642,1,0.04230054269258793,0.14282520772081994,0.20607883135947147
N60_K25_finer_grid,60,25,controlled_d20_white_plus_distractor,1,controlled_d20_white_plus_distractor__trial1,18,450,500,6,True,0.0,0.14758785250804796,0,0.04298504504684514,0.1449323324841482,0.20311877172789122
N60_K25_finer_grid,60,25,controlled_d20_white_plus_distractor,2,controlled_d20_white_plus_distractor__trial2,0,0,50,2,True,0.0,0.0,0,0.053741637898456096,0.13436391257075617,0.8534447690107245
N60_K25_finer_grid,60,25,controlled_d20_white_plus_distractor,2,controlled_d20_white_plus_distractor__trial2,1,25,75,2,True,0.0,0.001088655603910138,0,0.06058577951456143,0.1504298787023884,0.9554916243888347
N60_K25_finer_grid,60,25,controlled_d20_white_plus_distractor,2,controlled_d20_white_plus_distractor__trial2,2,50,100,2,True,0.0,0.11871897071619986,0,0.07469932153588817,0.1871418456832069,1.1886765293265704
N60_K25_finer_grid,60,25,controlled_d20_white_plus_distractor,2,controlled_d20_white_plus_distractor__trial2,3,75,125,2,True,0.0,0.12146598579280066,0,0.07604534599484508,0.19027442213840257,1.2085738435537445
N60_K25_finer_grid,60,25,controlled_d20_white_plus_distractor,2,controlled_d20_white_plus_distractor__trial2,4,100,150,2,True,0.0,0.05026140699039949,0,0.09826915184671106,0.2685165280442293,1.7055474335907794
N60_K25_finer_grid,60,25,controlled_d20_white_plus_distractor,2,controlled_d20_white_plus_distractor__trial2,5,125,175,2,True,0.0,0.13847863258557636,0,0.0959576098856904,0.2672732169196734,1.697650243376507
N60_K25_finer_grid,60,25,controlled_d20_white_plus_distractor,2,controlled_d20_white_plus_distractor__trial2,6,150,200,2,True,0.0,0.19733203349132555,0,0.06539486960544402,0.16774777505305458,1.0654904162367789
N60_K25_finer_grid,60,25,controlled_d20_white_plus_distractor,2,controlled_d20_white_plus_distractor__trial2,7,175,225,2,True,0.0,0.040797691634114175,0,0.05431364810799966,0.14313693308224576,0.9091687228663535
N60_K25_finer_grid,60,25,controlled_d20_white_plus_distractor,2,controlled_d20_white_plus_distractor__trial2,8,200,250,2,True,0.0,0.012551235842243713,0,0.05545143521675673,0.14555642846057099,0.9245367307992121
N60_K25_finer_grid,60,25,controlled_d20_white_plus_distractor,2,controlled_d20_white_plus_distractor__trial2,9,225,275,2,True,0.01661307183638261,0.057264966415918606,1,0.06426300038142291,0.16531530844420506,1.0500400184075056
N60_K25_finer_grid,60,25,controlled_d20_white_plus_distractor,2,controlled_d20_white_plus_distractor__trial2,10,250,300,2,True,0.0006369336429039585,0.09943011451001149,1,0.07617541636415101,0.18465484792505693,1.1728797637618822
N60_K25_finer_grid,60,25,controlled_d20_white_plus_distractor,2,controlled_d20_white_plus_distractor__trial2,11,275,325,2,True,0.0,0.13588835454111914,0,0.07106164895889036,0.17272644704644602,1.097113651137315
N60_K25_finer_grid,60,25,controlled_d20_white_plus_distractor,2,controlled_d20_white_plus_distractor__trial2,12,300,350,2,True,0.007091859883843199,0.09256355794495685,1,0.05460958966014033,0.1397649697819904,0.8877508854065845
N60_K25_finer_grid,60,25,controlled_d20_white_plus_distractor,2,controlled_d20_white_plus_distractor__trial2,13,325,375,2,True,0.0010993072879548205,0.08094612590371675,1,0.05273481653508123,0.13443529770765292,0.8538981889097437
N60_K25_finer_grid,60,25,controlled_d20_white_plus_distractor,2,controlled_d20_white_plus_distractor__trial2,14,350,400,2,True,0.0,0.09578954890746172,0,0.050066991288025525,0.12005985027468209,0.7625890704185944
N60_K25_finer_grid,60,25,controlled_d20_white_plus_distractor,2,controlled_d20_white_plus_distractor__trial2,15,375,425,2,True,0.0,0.03219347997393873,0,0.06054824353892314,0.1492356619589565,0.9479062689667807
N60_K25_finer_grid,60,25,controlled_d20_white_plus_distractor,2,controlled_d20_white_plus_distractor__trial2,16,400,450,2,True,0.035126804473843753,0.03877421942824866,1,0.07460743166124145,0.1945091100039702,1.235471483984978
N60_K25_finer_grid,60,25,controlled_d20_white_plus_distractor,2,controlled_d20_white_plus_distractor__trial2,17,425,475,2,True,0.02081887394010784,0.04964841813405996,1,0.07104989039540038,0.18830110913870085,1.1960398705174247
N60_K25_finer_grid,60,25,controlled_d20_white_plus_distractor,2,controlled_d20_white_plus_distractor__trial2,18,450,500,2,True,0.0,0.0015374840611921403,0,0.057709968765946466,0.1435577394188223,0.9118415757168442
N60_K25_finer_grid,60,25,controlled_d20_white_plus_distractor,3,controlled_d20_white_plus_distractor__trial3,0,0,50,2,True,0.0,0.1100683421646711,0,0.00783171438192787,0.019120671755483664,0.12144955425509321
N60_K25_finer_grid,60,25,controlled_d20_white_plus_distractor,3,controlled_d20_white_plus_distractor__trial3,1,25,75,2,True,0.0,0.09694720360908904,0,0.011227261019158347,0.02734969282424542,0.17371816456007702
N60_K25_finer_grid,60,25,controlled_d20_white_plus_distractor,3,controlled_d20_white_plus_distractor__trial3,2,50,100,2,True,0.0,0.017439280329441975,0,0.011765001142041317,0.029169395489565143,0.1852764445413493
N60_K25_finer_grid,60,25,controlled_d20_white_plus_distractor,3,controlled_d20_white_plus_distractor__trial3,3,75,125,2,True,0.0,0.0,0,0.008259440230029167,0.02219066580271215,0.14094936123728036
N60_K25_finer_grid,60,25,controlled_d20_white_plus_distractor,3,controlled_d20_white_plus_distractor__trial3,4,100,150,2,True,0.0,0.014148848069821085,0,0.010153653283612608,0.026563653599811627,0.16872544701043732
N60_K25_finer_grid,60,25,controlled_d20_white_plus_distractor,3,controlled_d20_white_plus_distractor__trial3,5,125,175,2,True,0.0,0.11419051848501716,0,0.013662245441112272,0.03576521063630392,0.22717135387112633
N60_K25_finer_grid,60,25,controlled_d20_white_plus_distractor,3,controlled_d20_white_plus_distractor__trial3,6,150,200,2,True,0.0035171934338960043,0.10515938766304417,1,0.013088027713776358,0.034088076681902,0.21651863341271574
N60_K25_finer_grid,60,25,controlled_d20_white_plus_distractor,3,controlled_d20_white_plus_distractor__trial3,7,175,225,2,True,0.0049479715377566125,0.1137692968185614,1,0.009580687105242444,0.02374496122168594,0.15082184313692718
N60_K25_finer_grid,60,25,controlled_d20_white_plus_distractor,3,controlled_d20_white_plus_distractor__trial3,8,200,250,2,True,0.0059699547904463746,0.12159527145344717,1,0.007228606846169525,0.01806688260926837,0.11475615855627326
N60_K25_finer_grid,60,25,controlled_d20_white_plus_distractor,3,controlled_d20_white_plus_distractor__trial3,9,225,275,2,True,0.003334485683586852,0.10220247941852967,1,0.007594829068486355,0.017618438445758132,0.11190775738799333
N60_K25_finer_grid,60,25,controlled_d20_white_plus_distractor,3,controlled_d20_white_plus_distractor__trial3,10,250,300,2,True,0.0,0.07646773087480419,0,0.008087909537243731,0.0183203506896939,0.11636612214851713
N60_K25_finer_grid,60,25,controlled_d20_white_plus_distractor,3,controlled_d20_white_plus_distractor__trial3,11,275,325,2,True,0.007897912090308212,0.05532127542201093,1,0.009494254915377056,0.02240256475936952,0.14229528852279932
N60_K25_finer_grid,60,25,controlled_d20_white_plus_distractor,3,controlled_d20_white_plus_distractor__trial3,12,300,350,2,True,0.0018260658407212027,0.09424521562089017,1,0.010269151417107967,0.02567672484991897,0.16309190532801196
N60_K25_finer_grid,60,25,controlled_d20_white_plus_distractor,3,controlled_d20_white_plus_distractor__trial3,13,325,375,2,True,0.0015873002269104486,0.08122829975938228,1,0.01044700159394825,0.027219565969737063,0.17289163248637385
N60_K25_finer_grid,60,25,controlled_d20_white_plus_distractor,3,controlled_d20_white_plus_distractor__trial3,14,350,400,2,True,0.009366526431472622,0.016508153929375657,1,0.011637620306761251,0.028905981885063593,0.18360330955631585
N60_K25_finer_grid,60,25,controlled_d20_white_plus_distractor,3,controlled_d20_white_plus_distractor__trial3,15,375,425,2,True,0.0,0.0,0,0.010823977523911524,0.027654601523460217,0.17565486563845398
N60_K25_finer_grid,60,25,controlled_d20_white_plus_distractor,3,controlled_d20_white_plus_distractor__trial3,16,400,450,2,True,0.0,0.019739943949320105,0,0.009514336319409025,0.024913684475066554,0.1582452705136317
N60_K25_finer_grid,60,25,controlled_d20_white_plus_distractor,3,controlled_d20_white_plus_distractor__trial3,17,425,475,2,True,0.0,0.05855462662530608,0,0.008487173975359459,0.020758786584532566,0.13185443533619803
N60_K25_finer_grid,60,25,controlled_d20_white_plus_distractor,3,controlled_d20_white_plus_distractor__trial3,18,450,500,2,True,0.0,0.0,0,0.007995909386347248,0.01878463395674649,0.11931512919977119
N60_K25_finer_grid,60,25,memory_d10,0,memory_d10__trial0,0,0,50,1,False,0.0,0.06531267971739829,0,,,
N60_K25_finer_grid,60,25,memory_d10,0,memory_d10__trial0,1,25,75,1,False,0.0,0.25143478508557326,0,,,
N60_K25_finer_grid,60,25,memory_d10,0,memory_d10__trial0,2,50,100,1,False,0.0,0.19517646793109433,0,,,
N60_K25_finer_grid,60,25,memory_d10,0,memory_d10__trial0,3,75,125,1,False,0.0,0.05528217727388862,0,,,
N60_K25_finer_grid,60,25,memory_d10,0,memory_d10__trial0,4,100,150,1,False,0.0,0.014148127087661,0,,,
N60_K25_finer_grid,60,25,memory_d10,0,memory_d10__trial0,5,125,175,1,False,0.0,0.1167144485945173,0,,,
N60_K25_finer_grid,60,25,memory_d10,0,memory_d10__trial0,6,150,200,1,False,0.0,0.12964527951342475,0,,,
N60_K25_finer_grid,60,25,memory_d10,0,memory_d10__trial0,7,175,225,1,False,0.0,0.016028806609257318,0,,,
N60_K25_finer_grid,60,25,memory_d10,0,memory_d10__trial0,8,200,250,1,False,0.0,0.025808489734224782,0,,,
N60_K25_finer_grid,60,25,memory_d10,0,memory_d10__trial0,9,225,275,1,False,0.0,0.10041281328285812,0,,,
N60_K25_finer_grid,60,25,memory_d10,0,memory_d10__trial0,10,250,300,1,False,0.0,0.11505282865975941,0,,,
N60_K25_finer_grid,60,25,memory_d10,0,memory_d10__trial0,11,275,325,1,False,0.0,0.06058780146684717,0,,,
N60_K25_finer_grid,60,25,memory_d10,0,memory_d10__trial0,12,300,350,1,False,0.0,0.035857865929366683,0,,,
N60_K25_finer_grid,60,25,memory_d10,0,memory_d10__trial0,13,325,375,1,False,0.0,0.06151568503472338,0,,,
N60_K25_finer_grid,60,25,memory_d10,0,memory_d10__trial0,14,350,400,1,False,0.0,0.09378929090538357,0,,,
N60_K25_finer_grid,60,25,memory_d10,0,memory_d10__trial0,15,375,425,1,False,0.0,0.16593625707916304,0,,,
N60_K25_finer_grid,60,25,memory_d10,0,memory_d10__trial0,16,400,450,1,False,0.0,0.1381641994066375,0,,,
N60_K25_finer_grid,60,25,memory_d10,0,memory_d10__trial0,17,425,475,1,False,0.0,0.132515604772393,0,,,
N60_K25_finer_grid,60,25,memory_d10,0,memory_d10__trial0,18,450,500,1,False,0.0,0.10956843644769942,0,,,
N60_K25_finer_grid,60,25,memory_d10,1,memory_d10__trial1,0,0,50,6,True,0.006576881965136949,0.053187691468940534,1,0.12066765627732093,0.36910894858115234,0.5949647619108392
N60_K25_finer_grid,60,25,memory_d10,1,memory_d10__trial1,1,25,75,6,True,0.019084085791007288,0.019084085791007288,1,0.13250262532257348,0.4101461943403373,0.629034309735797
N60_K25_finer_grid,60,25,memory_d10,1,memory_d10__trial1,2,50,100,6,True,0.0264635503693903,0.0264635503693903,1,0.12541143411315256,0.38654961631381096,0.6150602925721675
N60_K25_finer_grid,60,25,memory_d10,1,memory_d10__trial1,3,75,125,6,True,0.011721593555576781,0.011721593555576781,1,0.11859140549499697,0.36084686175149705,0.6105402845681495
N60_K25_finer_grid,60,25,memory_d10,1,memory_d10__trial1,4,100,150,6,True,0.020569708561126387,0.020569708561126387,1,0.11419782969348394,0.3493958496742127,0.5902942687796672
N60_K25_finer_grid,60,25,memory_d10,1,memory_d10__trial1,5,125,175,6,True,0.027539013767154064,0.1246230817884062,1,0.13356080279380236,0.4062690413389548,0.6568865860266696
N60_K25_finer_grid,60,25,memory_d10,1,memory_d10__trial1,6,150,200,6,True,0.0,0.04250180169614881,0,0.14396529610832107,0.43691441314308904,0.6740499208988535
N60_K25_finer_grid,60,25,memory_d10,1,memory_d10__trial1,7,175,225,6,True,0.0,0.0,0,0.12974234831289333,0.4343300810641516,0.6596190114954279
N60_K25_finer_grid,60,25,memory_d10,1,memory_d10__trial1,8,200,250,6,True,0.0,0.0,0,0.12235769893028775,0.4153531165009108,0.6406920493673373
N60_K25_finer_grid,60,25,memory_d10,1,memory_d10__trial1,9,225,275,6,True,0.0028777176625452983,0.0028777176625452983,1,0.11892762273434145,0.3800462778055862,0.6078161697512872
N60_K25_finer_grid,60,25,memory_d10,1,memory_d10__trial1,10,250,300,6,True,0.0,0.0046298812500099595,0,0.14461026306366312,0.45651281779046887,0.7191723469340965
N60_K25_finer_grid,60,25,memory_d10,1,memory_d10__trial1,11,275,325,6,True,0.05449326349239836,0.08243199836177095,1,0.16328490779942056,0.4979289926467669,0.747948029608551
N60_K25_finer_grid,60,25,memory_d10,1,memory_d10__trial1,12,300,350,6,True,0.022813670191225155,0.04547715108449413,1,0.16704188534772904,0.5025854585682241,0.7458363796509114
N60_K25_finer_grid,60,25,memory_d10,1,memory_d10__trial1,13,325,375,6,True,0.030683011200052235,0.030683011200052235,1,0.1562340052117635,0.4836078811774969,0.7274073640963782
N60_K25_finer_grid,60,25,memory_d10,1,memory_d10__trial1,14,350,400,6,True,0.01075922230545101,0.026576324879803215,1,0.13288756782371636,0.4117429907650248,0.653742788040258
N60_K25_finer_grid,60,25,memory_d10,1,memory_d10__trial1,15,375,425,6,True,0.04136547884939168,0.06600289669470327,1,0.1332197007992548,0.3927404605027121,0.6398464651122344
N60_K25_finer_grid,60,25,memory_d10,1,memory_d10__trial1,16,400,450,6,True,0.019863828741350176,0.019863828741350176,1,0.1637190629369922,0.5190496758253058,0.7633221475500047
N60_K25_finer_grid,60,25,memory_d10,1,memory_d10__trial1,17,425,475,6,True,0.03845392299870781,0.03845392299870781,1,0.16594113272116962,0.5318260274368709,0.7896949330326187
N60_K25_finer_grid,60,25,memory_d10,1,memory_d10__trial1,18,450,500,6,True,0.025122584217956323,0.1296901706193897,1,0.12402961903535725,0.3814000388253086,0.6172093298741024
N60_K25_finer_grid,60,25,memory_d10,2,memory_d10__trial2,0,0,50,6,True,0.01612967357314965,0.01612967357314965,1,0.16491015693689692,0.49199213758075366,0.8391166037041984
N60_K25_finer_grid,60,25,memory_d10,2,memory_d10__trial2,1,25,75,6,True,0.02377446197534161,0.02377446197534161,1,0.18114331975727907,0.5310719840622378,0.9127085158232024
N60_K25_finer_grid,60,25,memory_d10,2,memory_d10__trial2,2,50,100,6,True,0.0,0.0,0,0.1708443929261601,0.5169109182108489,0.8507651843979602
N60_K25_finer_grid,60,25,memory_d10,2,memory_d10__trial2,3,75,125,6,True,0.007948435647885499,0.007948435647885499,1,0.15805166450434768,0.47428076474806935,0.8213715147443816
N60_K25_finer_grid,60,25,memory_d10,2,memory_d10__trial2,4,100,150,6,True,0.03435590727541704,0.03603189145061092,1,0.1825656052143735,0.5412513121468799,0.890139712801127
N60_K25_finer_grid,60,25,memory_d10,2,memory_d10__trial2,5,125,175,6,True,0.042339168851188824,0.042339168851188824,1,0.19744338436478817,0.5681118592290781,0.9527435098185186
N60_K25_finer_grid,60,25,memory_d10,2,memory_d10__trial2,6,150,200,6,True,0.010515373171080755,0.010515373171080755,1,0.15701177628801868,0.4623364563290918,0.8168770116085042
N60_K25_finer_grid,60,25,memory_d10,2,memory_d10__trial2,7,175,225,6,True,0.0012003275880724251,0.016731706583726136,1,0.13871284945510273,0.43128217701341015,0.7004941854477155
N60_K25_finer_grid,60,25,memory_d10,2,memory_d10__trial2,8,200,250,6,True,0.014628663157588373,0.01470573676395992,1,0.176321531564561,0.5346223639537788,0.8802926351947862
N60_K25_finer_grid,60,25,memory_d10,2,memory_d10__trial2,9,225,275,6,True,0.00945660904806156,0.00945660904806156,1,0.1780817421808732,0.5374965340422427,0.9152992750566689
N60_K25_finer_grid,60,25,memory_d10,2,memory_d10__trial2,10,250,300,6,True,0.019255253539602113,0.08520769215904134,1,0.15496573735047645,0.47998261588005425,0.7958736172508883
N60_K25_finer_grid,60,25,memory_d10,2,memory_d10__trial2,11,275,325,6,True,0.03578124274645844,0.05195449549088971,1,0.16466487256924778,0.5158302377833723,0.8059739948009821
N60_K25_finer_grid,60,25,memory_d10,2,memory_d10__trial2,12,300,350,6,True,0.0016133895415804123,0.0016133895415804123,1,0.16929161041477708,0.498517437498012,0.8682735000297168
N60_K25_finer_grid,60,25,memory_d10,2,memory_d10__trial2,13,325,375,6,True,0.009845115795487525,0.009845115795487525,1,0.15179234561527286,0.4067115810832059,0.8028969582965881
N60_K25_finer_grid,60,25,memory_d10,2,memory_d10__trial2,14,350,400,6,True,0.039314441043693193,0.05482049407300582,1,0.1494332016962062,0.42404080877337913,0.7696922921068122
N60_K25_finer_grid,60,25,memory_d10,2,memory_d10__trial2,15,375,425,6,True,0.0006286876295218402,0.06560386356958081,1,0.15787309662542418,0.48337003544804213,0.8009313775593692
N60_K25_finer_grid,60,25,memory_d10,2,memory_d10__trial2,16,400,450,6,True,0.0,0.0,0,0.1510369303815777,0.44987537792727234,0.751349701342759
N60_K25_finer_grid,60,25,memory_d10,2,memory_d10__trial2,17,425,475,6,True,0.016248304333303043,0.032203580042855395,1,0.15633060409009802,0.4115434317822993,0.7960309803251837
N60_K25_finer_grid,60,25,memory_d10,2,memory_d10__trial2,18,450,500,6,True,0.0,0.0,0,0.15760311314291614,0.43849545405021323,0.7980165749819877
N60_K25_finer_grid,60,25,memory_d10,3,memory_d10__trial3,0,0,50,2,True,0.0,0.013442699267820712,0,0.03447246544027171,0.09398233683934816,0.5969514598103671
N60_K25_finer_grid,60,25,memory_d10,3,memory_d10__trial3,1,25,75,2,True,0.0,0.0,0,0.041421076366889256,0.10583927428307163,0.6722636552073593
N60_K25_finer_grid,60,25,memory_d10,3,memory_d10__trial3,2,50,100,2,True,0.0,0.0,0,0.04433114744505317,0.11611307879191882,0.7375202002733353
N60_K25_finer_grid,60,25,memory_d10,3,memory_d10__trial3,3,75,125,2,True,0.0,0.0,0,0.044037194273260874,0.1206396130539399,0.7662715734192711
N60_K25_finer_grid,60,25,memory_d10,3,memory_d10__trial3,4,100,150,2,True,0.0,0.038255508443821196,0,0.041583178836558196,0.10641763333774559,0.6759372421130811
N60_K25_finer_grid,60,25,memory_d10,3,memory_d10__trial3,5,125,175,2,True,0.0,0.0959546499872368,0,0.03958915217184904,0.1017360172171714,0.6462008291717247
N60_K25_finer_grid,60,25,memory_d10,3,memory_d10__trial3,6,150,200,2,True,0.0,0.05826228962967295,0,0.040912619067669936,0.10784903125128927,0.6850291108917862
N60_K25_finer_grid,60,25,memory_d10,3,memory_d10__trial3,7,175,225,2,True,0.0,0.023499178737619753,0,0.04092449156572507,0.0995061136324842,0.6320370592030036
N60_K25_finer_grid,60,25,memory_d10,3,memory_d10__trial3,8,200,250,2,True,0.0032377642903530512,0.24174961988861277,1,0.03825770485271663,0.08866729230874482,0.5631916736824233
N60_K25_finer_grid,60,25,memory_d10,3,memory_d10__trial3,9,225,275,2,True,0.0,0.1332159089301349,0,0.038228844850155534,0.09684713221433594,0.6151478979781074
N60_K25_finer_grid,60,25,memory_d10,3,memory_d10__trial3,10,250,300,2,True,0.0,0.06442353000720724,0,0.04401209443686251,0.11427456612970678,0.7258424440640662
N60_K25_finer_grid,60,25,memory_d10,3,memory_d10__trial3,11,275,325,2,True,0.02324675514849439,0.097744648401076,1,0.04900789976964799,0.11716606005146991,0.7442084644853273
N60_K25_finer_grid,60,25,memory_d10,3,memory_d10__trial3,12,300,350,2,True,0.019398815171880357,0.07231061768036462,1,0.043216081603620955,0.10442280953706917,0.6632666380408094
N60_K25_finer_grid,60,25,memory_d10,3,memory_d10__trial3,13,325,375,2,True,0.012923403413354184,0.023156481747018454,1,0.03551919993757794,0.09136201332560495,0.5803078435808806
N60_K25_finer_grid,60,25,memory_d10,3,memory_d10__trial3,14,350,400,2,True,0.0,0.02880739915170194,0,0.044004025450554485,0.10830470489387704,0.6879234318385494
N60_K25_finer_grid,60,25,memory_d10,3,memory_d10__trial3,15,375,425,2,True,0.0,0.10886595329238147,0,0.0465669668292546,0.11073560761116888,0.7033638962337355
N60_K25_finer_grid,60,25,memory_d10,3,memory_d10__trial3,16,400,450,2,True,0.0,0.14701320025934383,0,0.04033716305346199,0.09705463774403177,0.616465919353575
N60_K25_finer_grid,60,25,memory_d10,3,memory_d10__trial3,17,425,475,2,True,0.015491479552039555,0.06259991326433723,1,0.04350267848463101,0.10550079018438663,0.6701136918884221
N60_K25_finer_grid,60,25,memory_d10,3,memory_d10__trial3,18,450,500,2,True,0.0,0.007439861372538603,0,0.04193926553802103,0.10600454876055075,0.6733134358780529
N60_K25_finer_grid,60,25,narma10,0,narma10__trial0,0,0,50,2,True,0.008639742431052255,0.11861405250931578,1,0.02526196068681543,0.06674555572472513,0.4239504811828355
N60_K25_finer_grid,60,25,narma10,0,narma10__trial0,1,25,75,2,True,0.012703234484220838,0.2367787951358289,1,0.026991713316307453,0.06954850280245695,0.44175407498667335
N60_K25_finer_grid,60,25,narma10,0,narma10__trial0,2,50,100,2,True,0.007817366016902527,0.1879544920543217,1,0.024283503098883837,0.05771821705751021,0.36661116427684926
N60_K25_finer_grid,60,25,narma10,0,narma10__trial0,3,75,125,2,True,0.0007731748888178958,0.0007731748888178958,1,0.024574567366587807,0.057214723827068624,0.36341310569451674
N60_K25_finer_grid,60,25,narma10,0,narma10__trial0,4,100,150,2,True,0.0007221213170908181,0.0007221213170908181,1,0.025635607202084975,0.06042727693630423,0.3838184109121842
N60_K25_finer_grid,60,25,narma10,0,narma10__trial0,5,125,175,2,True,0.0,0.08884240875249994,0,0.027684826012815855,0.06673583048771875,0.4238887089964524
N60_K25_finer_grid,60,25,narma10,0,narma10__trial0,6,150,200,2,True,0.0,0.07075454265164716,0,0.025996001646887625,0.06340696748821581,0.40274463348299894
N60_K25_finer_grid,60,25,narma10,0,narma10__trial0,7,175,225,2,True,0.0,0.012654991589468922,0,0.026893514047509955,0.06475112543265314,0.41128237657529054
N60_K25_finer_grid,60,25,narma10,0,narma10__trial0,8,200,250,2,True,0.0,0.1458602281744774,0,0.025549024196331434,0.06346162092228479,0.4030917779395886
N60_K25_finer_grid,60,25,narma10,0,narma10__trial0,9,225,275,2,True,0.0,0.1162096946654182,0,0.027632659842150086,0.06964102986824099,0.44234178294169224
N60_K25_finer_grid,60,25,narma10,0,narma10__trial0,10,250,300,2,True,0.00018843774551668968,0.03113479080340331,1,0.02709452803901482,0.06919951356200016,0.43953738572829804
N60_K25_finer_grid,60,25,narma10,0,narma10__trial0,11,275,325,2,True,0.0012247761337386143,0.04553431429529664,1,0.024931427281190837,0.0653809900025459,0.415283113172456
N60_K25_finer_grid,60,25,narma10,0,narma10__trial0,12,300,350,2,True,0.0,0.04142134202289982,0,0.033201149086698994,0.08108558421984871,0.5150346277551765
N60_K25_finer_grid,60,25,narma10,0,narma10__trial0,13,325,375,2,True,0.0,0.0,0,0.031952847445631385,0.0762830665102529,0.48453027923691244
N60_K25_finer_grid,60,25,narma10,0,narma10__trial0,14,350,400,2,True,0.0,0.0,0,0.02733444264236889,0.06581539342643525,0.41804233119956935
N60_K25_finer_grid,60,25,narma10,0,narma10__trial0,15,375,425,2,True,0.0,0.0,0,0.025515311866023033,0.0684619712658556,0.43485270810522525
N60_K25_finer_grid,60,25,narma10,0,narma10__trial0,16,400,450,2,True,0.0,0.04305464839882722,0,0.02269381262750047,0.06195338313549381,0.3935118421894799
N60_K25_finer_grid,60,25,narma10,0,narma10__trial0,17,425,475,2,True,0.0,0.012608451238591223,0,0.02373093120073092,0.05716764600388765,0.36311407955601355
N60_K25_finer_grid,60,25,narma10,0,narma10__trial0,18,450,500,2,True,0.0,0.0,0,0.02484046629411341,0.05871096292426183,0.3729168288762634
N60_K25_finer_grid,60,25,narma10,1,narma10__trial1,0,0,50,5,True,0.09134874894818457,0.09134874894818457,1,0.13450348665789122,0.3594833723234085,0.8878068154504949
N60_K25_finer_grid,60,25,narma10,1,narma10__trial1,1,25,75,5,True,0.09090364900280368,0.09090364900280368,1,0.13986271940211611,0.36162077448628555,0.9071036728072547
N60_K25_finer_grid,60,25,narma10,1,narma10__trial1,2,50,100,5,True,0.033165713629724036,0.06237190185049296,1,0.1364947996726931,0.34097870970086525,0.9333321697337343
N60_K25_finer_grid,60,25,narma10,1,narma10__trial1,3,75,125,5,True,0.0,0.0,0,0.15639743965645125,0.403016374600791,1.0162203520267779
N60_K25_finer_grid,60,25,narma10,1,narma10__trial1,4,100,150,5,True,0.0,0.0,0,0.17466683722362328,0.5008695620486637,1.0461043047370633
N60_K25_finer_grid,60,25,narma10,1,narma10__trial1,5,125,175,5,True,0.0,0.0,0,0.17319645670085745,0.4692501524501814,1.1215208235051068
N60_K25_finer_grid,60,25,narma10,1,narma10__trial1,6,150,200,5,True,0.03130173869284081,0.03130173869284081,1,0.16470959817931463,0.4117441619168948,1.0856859554899045
N60_K25_finer_grid,60,25,narma10,1,narma10__trial1,7,175,225,5,True,0.04743677612363484,0.07016393976830448,1,0.15724936643016754,0.4525503043493234,1.0125961715298066
N60_K25_finer_grid,60,25,narma10,1,narma10__trial1,8,200,250,5,True,0.02525268571713757,0.02525268571713757,1,0.15473119154963566,0.4493140789330299,0.9978218197689711
N60_K25_finer_grid,60,25,narma10,1,narma10__trial1,9,225,275,5,True,0.07925283256430693,0.12297369324953511,1,0.1621424917348019,0.4350771299915014,1.0020031122472985
N60_K25_finer_grid,60,25,narma10,1,narma10__trial1,10,250,300,5,True,0.0741735498901448,0.09179695746599492,1,0.1569448847598923,0.40187727778934945,0.9952071502949303
N60_K25_finer_grid,60,25,narma10,1,narma10__trial1,11,275,325,5,True,0.022961980860423448,0.022961980860423448,1,0.1366698558273449,0.3511051201006822,0.8928184384661351
N60_K25_finer_grid,60,25,narma10,1,narma10__trial1,12,300,350,5,True,0.01095313693107991,0.01095313693107991,1,0.12936093120411504,0.3350163239937353,0.8452477078814297
N60_K25_finer_grid,60,25,narma10,1,narma10__trial1,13,325,375,5,True,0.02851498998049773,0.02851498998049773,1,0.15419147186311574,0.40612540646262596,0.9649092426518824
N60_K25_finer_grid,60,25,narma10,1,narma10__trial1,14,350,400,5,True,0.046262626756144454,0.046262626756144454,1,0.1704171719206086,0.47641805132696496,1.0326050484112967
N60_K25_finer_grid,60,25,narma10,1,narma10__trial1,15,375,425,5,True,0.006978022187498323,0.006978022187498323,1,0.14650672552790647,0.41300370110452883,0.9365890315881084
N60_K25_finer_grid,60,25,narma10,1,narma10__trial1,16,400,450,5,True,0.0006176743796905138,0.0006176743796905138,1,0.1361835602535012,0.34764916683838565,0.897026065702678
N60_K25_finer_grid,60,25,narma10,1,narma10__trial1,17,425,475,5,True,0.015576902025229211,0.015576902025229211,1,0.13123360570801754,0.33134522761081425,0.874127782604129
N60_K25_finer_grid,60,25,narma10,1,narma10__trial1,18,450,500,5,True,0.03502424932947579,0.03502424932947579,1,0.14149033104902847,0.3553716437387984,0.9527361977263651
N60_K25_finer_grid,60,25,narma10,2,narma10__trial2,0,0,50,6,True,0.0,0.0,0,0.10264884950920095,0.3395275325978383,0.572784472790463
N60_K25_finer_grid,60,25,narma10,2,narma10__trial2,1,25,75,6,True,0.0,0.0,0,0.09949985511852107,0.3122267905067085,0.5279712449022298
N60_K25_finer_grid,60,25,narma10,2,narma10__trial2,2,50,100,6,True,0.0,0.0,0,0.09564002629689705,0.2955928076825601,0.48935215661482456
N60_K25_finer_grid,60,25,narma10,2,narma10__trial2,3,75,125,6,True,0.003664551633721258,0.02758768694587932,1,0.11367297213285875,0.3622107870085853,0.5768692860637501
N60_K25_finer_grid,60,25,narma10,2,narma10__trial2,4,100,150,6,True,0.02507600538862087,0.046621148395573964,1,0.11646897179616551,0.3843334484714483,0.5775001577218194
N60_K25_finer_grid,60,25,narma10,2,narma10__trial2,5,125,175,6,True,0.0008847128795638204,0.04980911096011076,1,0.11247394629380808,0.352930707931547,0.5415464537813
N60_K25_finer_grid,60,25,narma10,2,narma10__trial2,6,150,200,6,True,0.00754089729865326,0.014643768857252604,1,0.11791540771035001,0.33476997671477515,0.5828979052125035
N60_K25_finer_grid,60,25,narma10,2,narma10__trial2,7,175,225,6,True,0.009692524686655324,0.009692524686655324,1,0.1108644934482684,0.31156785951817917,0.5642272201411924
N60_K25_finer_grid,60,25,narma10,2,narma10__trial2,8,200,250,6,True,0.004983203952427573,0.0937185174903632,1,0.09902326306573589,0.2821533906384763,0.5017548151272591
N60_K25_finer_grid,60,25,narma10,2,narma10__trial2,9,225,275,6,True,0.020560459737502867,0.1714815933246373,1,0.09438578369934149,0.2753399224753904,0.4859459413307243
N60_K25_finer_grid,60,25,narma10,2,narma10__trial2,10,250,300,6,True,0.010661246426667659,0.123872263107904,1,0.11069166567132296,0.3366145639996733,0.5504715166080874
N60_K25_finer_grid,60,25,narma10,2,narma10__trial2,11,275,325,6,True,0.004722555906455872,0.0671458868969062,1,0.10571243169526763,0.3198812732254449,0.5387435654209212
N60_K25_finer_grid,60,25,narma10,2,narma10__trial2,12,300,350,6,True,0.01857614651572914,0.07034853920479395,1,0.08509670063204258,0.23475088022569301,0.4441856424070812
N60_K25_finer_grid,60,25,narma10,2,narma10__trial2,13,325,375,6,True,0.0284879932578454,0.0284879932578454,1,0.09833442285094972,0.27479837785837335,0.4866568972966084
N60_K25_finer_grid,60,25,narma10,2,narma10__trial2,14,350,400,6,True,0.029371615806632778,0.029371615806632778,1,0.10860721266672232,0.32081349450328406,0.5354222865302193
N60_K25_finer_grid,60,25,narma10,2,narma10__trial2,15,375,425,6,True,0.0031827012589464854,0.0031827012589464854,1,0.10768781996641948,0.31564495534976733,0.5374903508244743
N60_K25_finer_grid,60,25,narma10,2,narma10__trial2,16,400,450,6,True,0.023552044584954412,0.023869212596190015,1,0.1001673623614928,0.284911174025999,0.5213929634017919
N60_K25_finer_grid,60,25,narma10,2,narma10__trial2,17,425,475,6,True,0.010489154064774353,0.018630025423456154,1,0.09656754019447528,0.28023020388970876,0.5162118621752378
N60_K25_finer_grid,60,25,narma10,2,narma10__trial2,18,450,500,6,True,0.019105428268494817,0.019105428268494817,1,0.09761055627503011,0.28254157622752,0.5096955192699699
N60_K25_finer_grid,60,25,narma10,3,narma10__trial3,0,0,50,2,True,0.0,0.016673550052558772,0,0.02605826075073486,0.06550760777667941,0.4160873564765572
N60_K25_finer_grid,60,25,narma10,3,narma10__trial3,1,25,75,2,True,0.018802376046291647,0.12443346673690348,1,0.03357037411507896,0.08012720059608006,0.5089472232225021
N60_K25_finer_grid,60,25,narma10,3,narma10__trial3,2,50,100,2,True,0.008618650280788565,0.0631780787142977,1,0.03453182967007556,0.08349319423683661,0.5303271429514269
N60_K25_finer_grid,60,25,narma10,3,narma10__trial3,3,75,125,2,True,0.0,0.0,0,0.02754184191037191,0.07242090108072866,0.45999880482672845
N60_K25_finer_grid,60,25,narma10,3,narma10__trial3,4,100,150,2,True,0.0,0.0544182930699757,0,0.03139023107476964,0.08761686951102178,0.5565196601572571
N60_K25_finer_grid,60,25,narma10,3,narma10__trial3,5,125,175,2,True,0.0,0.07153853004905064,0,0.038928641584004726,0.10464944147203638,0.6647061453883399
N60_K25_finer_grid,60,25,narma10,3,narma10__trial3,6,150,200,2,True,0.023066357773070423,0.04832602271315367,1,0.03895805186816732,0.09826960283492504,0.6241830629043589
N60_K25_finer_grid,60,25,narma10,3,narma10__trial3,7,175,225,2,True,0.0014650001485673192,0.0030056540198375448,1,0.03443508417201558,0.08474771538989984,0.5382955363630976
N60_K25_finer_grid,60,25,narma10,3,narma10__trial3,8,200,250,2,True,0.0,0.0,0,0.0322931710631782,0.08165809357100055,0.518671058859345
N60_K25_finer_grid,60,25,narma10,3,narma10__trial3,9,225,275,2,True,0.0,0.0,0,0.03173240729374698,0.07885448830395644,0.5008632844074832
N60_K25_finer_grid,60,25,narma10,3,narma10__trial3,10,250,300,2,True,0.007406694868027031,0.026613460882153106,1,0.026761585355676028,0.06316273078784722,0.40119330522571556
N60_K25_finer_grid,60,25,narma10,3,narma10__trial3,11,275,325,2,True,0.0,0.013141405987211918,0,0.027913872289040045,0.06599926197186728,0.41921021657356655
N60_K25_finer_grid,60,25,narma10,3,narma10__trial3,12,300,350,2,True,0.0,0.0,0,0.0288568204756671,0.07062058712123859,0.4485636768827228
N60_K25_finer_grid,60,25,narma10,3,narma10__trial3,13,325,375,2,True,0.004607893398599572,0.017593744910320508,1,0.028604088513946028,0.07254931593846727,0.46081446274040044
N60_K25_finer_grid,60,25,narma10,3,narma10__trial3,14,350,400,2,True,0.0,0.00975872573606773,0,0.03192728053919801,0.08047402966942706,0.5111501916589337
N60_K25_finer_grid,60,25,narma10,3,narma10__trial3,15,375,425,2,True,0.0,0.0,0,0.03619540755545853,0.09005865233253921,0.5720292321562631
N60_K25_finer_grid,60,25,narma10,3,narma10__trial3,16,400,450,2,True,0.0,0.0,0,0.037440055913227965,0.09137767865013253,0.5804073456645661
N60_K25_finer_grid,60,25,narma10,3,narma10__trial3,17,425,475,2,True,0.0,0.0010583399394175075,0,0.03402243444383293,0.08620560678562855,0.5475556848781626
N60_K25_finer_grid,60,25,narma10,3,narma10__trial3,18,450,500,2,True,0.0,0.02079698777087946,0,0.03300830009382927,0.08513242029435182,0.5407390822679136
N60_K25_finer_grid,60,25,lorenz_x,0,lorenz_x__trial0,0,0,50,6,True,0.0,0.0,0,0.015894779466833712,0.052951335615737505,0.2117317980575845
N60_K25_finer_grid,60,25,lorenz_x,0,lorenz_x__trial0,1,25,75,6,True,0.0008130411720701624,0.0008130411720701624,1,0.0011265365690460226,0.002840095372858548,0.009018610069849607
N60_K25_finer_grid,60,25,lorenz_x,0,lorenz_x__trial0,2,50,100,6,True,0.0,0.000379381985969437,0,0.001075152739674759,0.0027439288296685427,0.007624627209614867
N60_K25_finer_grid,60,25,lorenz_x,0,lorenz_x__trial0,3,75,125,6,True,0.0007541554867367423,0.0019434105563320074,1,0.0011661128668435004,0.0030062095509874034,0.008442196763392517
N60_K25_finer_grid,60,25,lorenz_x,0,lorenz_x__trial0,4,100,150,6,True,0.0024248879353812773,0.0024248879353812773,1,0.0018567430354788181,0.00565037003041033,0.014039349145442326
N60_K25_finer_grid,60,25,lorenz_x,0,lorenz_x__trial0,5,125,175,6,True,0.001616281925938966,0.002212076454249569,1,0.0016640700097340618,0.005274154543347497,0.01393613597533688
N60_K25_finer_grid,60,25,lorenz_x,0,lorenz_x__trial0,6,150,200,6,True,0.00020516058264187075,0.00047092492805326115,1,0.0008594503671022597,0.0013291325097149562,0.007705949247678513
N60_K25_finer_grid,60,25,lorenz_x,0,lorenz_x__trial0,7,175,225,6,True,0.0005826975539711173,0.0018764761474893048,1,0.0007215997413842955,0.0010732073219073023,0.005483217310741817
N60_K25_finer_grid,60,25,lorenz_x,0,lorenz_x__trial0,8,200,250,6,True,4.014446910147185e-05,0.002310429941095825,1,0.0007289461220189217,0.0011378493542377147,0.00608819687730435
N60_K25_finer_grid,60,25,lorenz_x,0,lorenz_x__trial0,9,225,275,6,True,0.0,0.0007435951902708838,0,0.0008134214084860885,0.0013914804542962736,0.007038058345152341
N60_K25_finer_grid,60,25,lorenz_x,0,lorenz_x__trial0,10,250,300,6,True,0.0005700671475706871,0.0016995249617560546,1,0.0008945831444254822,0.002060101183387849,0.006951584216089474
N60_K25_finer_grid,60,25,lorenz_x,0,lorenz_x__trial0,11,275,325,6,True,9.892129926550135e-05,0.0025152896892108147,1,0.0010241535342372702,0.0023399320186551307,0.00828985215903112
N60_K25_finer_grid,60,25,lorenz_x,0,lorenz_x__trial0,12,300,350,6,True,6.977225140000504e-05,0.0005804689133455682,1,0.0012863166852689466,0.0033257586905503654,0.010103459903265522
N60_K25_finer_grid,60,25,lorenz_x,0,lorenz_x__trial0,13,325,375,6,True,0.0005736026366459273,0.0006118816277014302,1,0.0012493610001305686,0.0034293967455031825,0.010007024099862297
N60_K25_finer_grid,60,25,lorenz_x,0,lorenz_x__trial0,14,350,400,6,True,0.001383498030719498,0.002597004846680801,1,0.0010613810901405926,0.0030274036842248804,0.00897887619092107
N60_K25_finer_grid,60,25,lorenz_x,0,lorenz_x__trial0,15,375,425,6,True,0.0011201520058637337,0.0017064608904197708,1,0.0011774433082552263,0.003309498927018215,0.009186658134774548
N60_K25_finer_grid,60,25,lorenz_x,0,lorenz_x__trial0,16,400,450,6,True,0.0027963368078664152,0.005420195423761976,1,0.0016952112748679752,0.0030814806401251475,0.011660738905148998
N60_K25_finer_grid,60,25,lorenz_x,0,lorenz_x__trial0,17,425,475,6,True,0.0032779340082135632,0.006048647909871571,1,0.0016138544540558481,0.0026436467587083456,0.011172754294106793
N60_K25_finer_grid,60,25,lorenz_x,0,lorenz_x__trial0,18,450,500,6,True,0.0002319712124239084,0.0002319712124239084,1,0.0019771809645589655,0.0061151280416938715,0.01535360707308738
N60_K25_finer_grid,60,25,lorenz_x,1,lorenz_x__trial1,0,0,50,13,True,0.00779291746186642,0.00779291746186642,1,0.014067086088394807,0.022936714051249796,0.09825738013922791
N60_K25_finer_grid,60,25,lorenz_x,1,lorenz_x__trial1,1,25,75,13,True,0.0006325756227392228,0.0013583711061097331,1,0.003837376673804279,0.009087759307178828,0.0228627926842465
N60_K25_finer_grid,60,25,lorenz_x,1,lorenz_x__trial1,2,50,100,13,True,0.0009172005360559088,0.001592907246751746,1,0.0031604773528385774,0.006382568878707659,0.021211340305138566
N60_K25_finer_grid,60,25,lorenz_x,1,lorenz_x__trial1,3,75,125,13,True,0.0016668013132864513,0.0018913528197899631,1,0.002369345880746761,0.006058671618807999,0.014078020901908144
N60_K25_finer_grid,60,25,lorenz_x,1,lorenz_x__trial1,4,100,150,13,True,0.0014780254008295154,0.0018549263900840334,1,0.0037191949161782156,0.010088899845003725,0.017783610688387616
N60_K25_finer_grid,60,25,lorenz_x,1,lorenz_x__trial1,5,125,175,13,True,0.0,0.002565974657079262,0,0.005246914756402449,0.010917811225238607,0.02782131871084927
N60_K25_finer_grid,60,25,lorenz_x,1,lorenz_x__trial1,6,150,200,13,True,0.0,0.0013646763101860756,0,0.0034045207580569404,0.007131581454416209,0.0227585809800626
N60_K25_finer_grid,60,25,lorenz_x,1,lorenz_x__trial1,7,175,225,13,True,0.000879375470435593,0.0009428546520545554,1,0.0017228428772103081,0.003699524717523252,0.0094981315964179
N60_K25_finer_grid,60,25,lorenz_x,1,lorenz_x__trial1,8,200,250,13,True,0.001048003159125888,0.001048003159125888,1,0.0017760571427606422,0.004557649671187894,0.010070472198261064
N60_K25_finer_grid,60,25,lorenz_x,1,lorenz_x__trial1,9,225,275,13,True,0.000863997479310307,0.000863997479310307,1,0.0019001407369501173,0.004501920801370287,0.011019495495373179
N60_K25_finer_grid,60,25,lorenz_x,1,lorenz_x__trial1,10,250,300,13,True,0.00024232883480539927,0.0019285720142408777,1,0.002465733087637065,0.004427977334926933,0.01363831029119685
N60_K25_finer_grid,60,25,lorenz_x,1,lorenz_x__trial1,11,275,325,13,True,0.00010526323150066626,0.0014163581898979022,1,0.002459263715224676,0.005100300670429932,0.013608123506601158
N60_K25_finer_grid,60,25,lorenz_x,1,lorenz_x__trial1,12,300,350,13,True,5.796119519474582e-05,0.0009058604729534239,1,0.002776792982736942,0.006695681018882819,0.014985449178350761
N60_K25_finer_grid,60,25,lorenz_x,1,lorenz_x__trial1,13,325,375,13,True,0.00035046513533193956,0.0003639919541037302,1,0.004031828307409698,0.009613393126627012,0.02279062910060206
N60_K25_finer_grid,60,25,lorenz_x,1,lorenz_x__trial1,14,350,400,13,True,0.0,0.000194186787120295,0,0.0037328618872163456,0.010141383610049832,0.02076694145379352
N60_K25_finer_grid,60,25,lorenz_x,1,lorenz_x__trial1,15,375,425,13,True,0.00032257326431328354,0.001277683570893549,1,0.0036639770712464815,0.009101146020550866,0.021859675682272345
N60_K25_finer_grid,60,25,lorenz_x,1,lorenz_x__trial1,16,400,450,13,True,0.0006307060256464511,0.0011635622353933601,1,0.0030043853915919815,0.007159849061942425,0.020610995471984653
N60_K25_finer_grid,60,25,lorenz_x,1,lorenz_x__trial1,17,425,475,13,True,0.0012667540566478142,0.0012667540566478142,1,0.0021535265795470772,0.006684866212788104,0.009258612588599906
N60_K25_finer_grid,60,25,lorenz_x,1,lorenz_x__trial1,18,450,500,13,True,0.0005723322230804778,0.0022420493909201715,1,0.0034997905593405487,0.008214235882243492,0.018413244323515886
N60_K25_finer_grid,60,25,lorenz_x,2,lorenz_x__trial2,0,0,50,2,True,0.0,0.12583468068758957,0,0.01729890489786275,0.09580109639926626,0.6085037494304163
N60_K25_finer_grid,60,25,lorenz_x,2,lorenz_x__trial2,1,25,75,2,True,0.0,0.0,0,0.0006772219776052244,0.0017472014526303242,0.011097771057909992
N60_K25_finer_grid,60,25,lorenz_x,2,lorenz_x__trial2,2,50,100,2,True,0.00024322875619943495,0.001183164097016826,1,0.000291467521552471,0.0007732094372934027,0.004911226064962045
N60_K25_finer_grid,60,25,lorenz_x,2,lorenz_x__trial2,3,75,125,2,True,0.0004464580923781848,0.0013652674267001712,1,0.00021387081042325212,0.00047491230935845343,0.003016519974791124
N60_K25_finer_grid,60,25,lorenz_x,2,lorenz_x__trial2,4,100,150,2,True,0.0004968111713779832,0.0009474483871450747,1,0.00024103293721025297,0.0005115611000575342,0.00324930360035151
N60_K25_finer_grid,60,25,lorenz_x,2,lorenz_x__trial2,5,125,175,2,True,0.0003267652723773786,0.0008558182373476077,1,0.00015433829655277876,0.0003708762760055322,0.002355710038887246
N60_K25_finer_grid,60,25,lorenz_x,2,lorenz_x__trial2,6,150,200,2,True,0.0002675629776934087,0.00044526940833786166,1,0.00013697750462848186,0.00035694742401130934,0.002267237578943553
N60_K25_finer_grid,60,25,lorenz_x,2,lorenz_x__trial2,7,175,225,2,True,0.00022641503599502791,0.0003482296889179004,1,0.00013915165450036372,0.00035281007826332416,0.0022409582304291423
N60_K25_finer_grid,60,25,lorenz_x,2,lorenz_x__trial2,8,200,250,2,True,0.00010913923282986548,0.0003728956414133671,1,0.00011190779898055962,0.00027240498968179297,0.0017302459347030442
N60_K25_finer_grid,60,25,lorenz_x,2,lorenz_x__trial2,9,225,275,2,True,0.0,0.0008422517463938144,0,0.0001940107625035364,0.0004764400316212636,0.003026223670885937
N60_K25_finer_grid,60,25,lorenz_x,2,lorenz_x__trial2,10,250,300,2,True,0.0,0.0008233780071659588,0,0.0001831681202197667,0.00045490912907707735,0.002889464954971506
N60_K25_finer_grid,60,25,lorenz_x,2,lorenz_x__trial2,11,275,325,2,True,0.0,0.001156957570120778,0,0.00020001849647264305,0.0005297326639748829,0.003364724667461613
N60_K25_finer_grid,60,25,lorenz_x,2,lorenz_x__trial2,12,300,350,2,True,0.0,0.0019350370012494117,0,0.00025144541466340224,0.0006602916648440098,0.0041940016229115844
N60_K25_finer_grid,60,25,lorenz_x,2,lorenz_x__trial2,13,325,375,2,True,0.0002947724836967055,0.0007766013328257201,1,0.00022200544093626612,0.0005757210286546354,0.003656830847762249
N60_K25_finer_grid,60,25,lorenz_x,2,lorenz_x__trial2,14,350,400,2,True,0.0,0.0021678597695032453,0,0.0005665267841065358,0.0016088018328305606,0.010218692521930467
N60_K25_finer_grid,60,25,lorenz_x,2,lorenz_x__trial2,15,375,425,2,True,0.0,0.00443320630332102,0,0.0006742262323674048,0.0017770108361480626,0.011287112540633273
N60_K25_finer_grid,60,25,lorenz_x,2,lorenz_x__trial2,16,400,450,2,True,0.0,0.0013264179758708102,0,0.0004141673437484828,0.0010582080725242769,0.0067214635741213525
N60_K25_finer_grid,60,25,lorenz_x,2,lorenz_x__trial2,17,425,475,2,True,0.0,0.0,0,0.0002652388575120411,0.0006941210568631247,0.004408877158352121
N60_K25_finer_grid,60,25,lorenz_x,2,lorenz_x__trial2,18,450,500,2,True,0.0,0.0008207967612298486,0,0.00012985044774981638,0.00034322325975965923,0.0021800652425214
N60_K25_finer_grid,60,25,lorenz_x,3,lorenz_x__trial3,0,0,50,4,True,0.0,0.0,0,0.015121980447427527,0.06055744401288706,0.18934560336203998
N60_K25_finer_grid,60,25,lorenz_x,3,lorenz_x__trial3,1,25,75,4,True,0.0,0.0,0,0.0013080246627102455,0.0031791382186436767,0.010462384254635637
N60_K25_finer_grid,60,25,lorenz_x,3,lorenz_x__trial3,2,50,100,4,True,0.00039071717747940515,0.0004119620909297794,1,0.0012521119523412536,0.002833156951670536,0.01026278778450907
N60_K25_finer_grid,60,25,lorenz_x,3,lorenz_x__trial3,3,75,125,4,True,0.0,0.00035164026575667065,0,0.0013956892046443398,0.003222807255988947,0.01073592210038869
N60_K25_finer_grid,60,25,lorenz_x,3,lorenz_x__trial3,4,100,150,4,True,0.0002527837056589418,0.0005967671230955392,1,0.0013172294783257742,0.0029531571194427435,0.010747296502935875
N60_K25_finer_grid,60,25,lorenz_x,3,lorenz_x__trial3,5,125,175,4,True,0.0013230501993478933,0.003465965496741829,1,0.001399389171669761,0.0026706764214765957,0.014259065907176719
N60_K25_finer_grid,60,25,lorenz_x,3,lorenz_x__trial3,6,150,200,4,True,0.002148897930782317,0.006244024622771833,1,0.002268099500806643,0.004929556343765665,0.020736692862018825
N60_K25_finer_grid,60,25,lorenz_x,3,lorenz_x__trial3,7,175,225,4,True,0.004359492026837683,0.0044881457610412906,1,0.0026634807616805907,0.0054754764254307964,0.02423152313267138
N60_K25_finer_grid,60,25,lorenz_x,3,lorenz_x__trial3,8,200,250,4,True,0.0014954282079288534,0.0014954282079288534,1,0.00205927627802385,0.003955116092371207,0.021161812741446285
N60_K25_finer_grid,60,25,lorenz_x,3,lorenz_x__trial3,9,225,275,4,True,0.00033546342676992564,0.00033546342676992564,1,0.0011473977170920622,0.0024975233056463556,0.013032237828471524
N60_K25_finer_grid,60,25,lorenz_x,3,lorenz_x__trial3,10,250,300,4,True,0.000326482846680303,0.000326482846680303,1,0.0007773142533684614,0.0013070173343905206,0.00899718528665496
N60_K25_finer_grid,60,25,lorenz_x,3,lorenz_x__trial3,11,275,325,4,True,0.0,0.0,0,0.001138821234344288,0.001670460222626959,0.012366293943174678
N60_K25_finer_grid,60,25,lorenz_x,3,lorenz_x__trial3,12,300,350,4,True,0.0,0.0,0,0.0011559563822678206,0.001993770576713402,0.011284871246925385
N60_K25_finer_grid,60,25,lorenz_x,3,lorenz_x__trial3,13,325,375,4,True,0.0015960853542837656,0.0017254678542070103,1,0.0015420547419899503,0.0025122077626895927,0.016706079941926466
N60_K25_finer_grid,60,25,lorenz_x,3,lorenz_x__trial3,14,350,400,4,True,0.0013172888641348078,0.0020816357762295824,1,0.0025315601845930106,0.004622441021687957,0.024320474772458512
N60_K25_finer_grid,60,25,lorenz_x,3,lorenz_x__trial3,15,375,425,4,True,0.0025536171379479276,0.0035952951856448086,1,0.0029716819574338547,0.006112936812517631,0.026728668937568797
N60_K25_finer_grid,60,25,lorenz_x,3,lorenz_x__trial3,16,400,450,4,True,0.0029204838795790257,0.00468215178778719,1,0.0032272960522224973,0.007201795464296985,0.03110242513841212
N60_K25_finer_grid,60,25,lorenz_x,3,lorenz_x__trial3,17,425,475,4,True,0.001561982040391281,0.0034693800863601493,1,0.0021542607323044886,0.005725242425512422,0.025454443735447235
N60_K25_finer_grid,60,25,lorenz_x,3,lorenz_x__trial3,18,450,500,4,True,0.00045275958687150957,0.00045275958687150957,1,0.0008850542003796081,0.0018171975247553297,0.00791760562793163
N150_K13_larger_reservoir,150,13,controlled_d20_white_plus_distractor,0,controlled_d20_white_plus_distractor__trial0,0,0,50,3,True,0.03930956131072039,0.03930956131072039,1,0.14588816061367807,0.36240129491195344,0.7562441342293602
N150_K13_larger_reservoir,150,13,controlled_d20_white_plus_distractor,0,controlled_d20_white_plus_distractor__trial0,1,25,75,3,True,0.001045531502477659,0.001045531502477659,1,0.14475426322356102,0.3475011107801736,0.7421398331446336
N150_K13_larger_reservoir,150,13,controlled_d20_white_plus_distractor,0,controlled_d20_white_plus_distractor__trial0,2,50,100,3,True,0.019805223903459068,0.10619544992747254,1,0.1311944665734497,0.34055381326320966,0.6751818442282443
N150_K13_larger_reservoir,150,13,controlled_d20_white_plus_distractor,0,controlled_d20_white_plus_distractor__trial0,3,75,125,3,True,0.021755519427634207,0.036178954301141486,1,0.12223938733640634,0.3216169375951985,0.6253450240854737
N150_K13_larger_reservoir,150,13,controlled_d20_white_plus_distractor,0,controlled_d20_white_plus_distractor__trial0,4,100,150,3,True,0.01130500737041884,0.024731820532098325,1,0.13951834954802542,0.37989686406867607,0.7050037901311605
N150_K13_larger_reservoir,150,13,controlled_d20_white_plus_distractor,0,controlled_d20_white_plus_distractor__trial0,5,125,175,3,True,0.0,0.0,0,0.12597313576664615,0.3490777795369496,0.6777852507691222
N150_K13_larger_reservoir,150,13,controlled_d20_white_plus_distractor,0,controlled_d20_white_plus_distractor__trial0,6,150,200,3,True,0.0,0.0,0,0.10394300196939066,0.2764871261045619,0.5683014490299381
N150_K13_larger_reservoir,150,13,controlled_d20_white_plus_distractor,0,controlled_d20_white_plus_distractor__trial0,7,175,225,3,True,0.02732593615518697,0.03172140408775159,1,0.11790655155462551,0.3236881841644374,0.6092417838494868
N150_K13_larger_reservoir,150,13,controlled_d20_white_plus_distractor,0,controlled_d20_white_plus_distractor__trial0,8,200,250,3,True,0.052695411179322194,0.0865050727337986,1,0.1194087103379272,0.29531553856089876,0.6395906107452847
N150_K13_larger_reservoir,150,13,controlled_d20_white_plus_distractor,0,controlled_d20_white_plus_distractor__trial0,9,225,275,3,True,0.039192941435860607,0.05176798286447981,1,0.12580230464426345,0.27985990996901866,0.6741183043037688
N150_K13_larger_reservoir,150,13,controlled_d20_white_plus_distractor,0,controlled_d20_white_plus_distractor__trial0,10,250,300,3,True,0.02929822056934389,0.02929822056934389,1,0.1207664121689775,0.2999547435882723,0.6194216107980719
N150_K13_larger_reservoir,150,13,controlled_d20_white_plus_distractor,0,controlled_d20_white_plus_distractor__trial0,11,275,325,3,True,0.0,0.0007462113704653772,0,0.11832451478694761,0.31930124081657335,0.6086703502395072
N150_K13_larger_reservoir,150,13,controlled_d20_white_plus_distractor,0,controlled_d20_white_plus_distractor__trial0,12,300,350,3,True,0.0,0.011977597964612507,0,0.1279322281189764,0.3315363892650945,0.6571337181040147
N150_K13_larger_reservoir,150,13,controlled_d20_white_plus_distractor,0,controlled_d20_white_plus_distractor__trial0,13,325,375,3,True,0.0,0.0,0,0.11564014208910847,0.2874738464509716,0.5977470086573937
N150_K13_larger_reservoir,150,13,controlled_d20_white_plus_distractor,0,controlled_d20_white_plus_distractor__trial0,14,350,400,3,True,0.0,0.016939063447918734,0,0.12634496726703856,0.36585714723141305,0.6713194021302131
N150_K13_larger_reservoir,150,13,controlled_d20_white_plus_distractor,0,controlled_d20_white_plus_distractor__trial0,15,375,425,3,True,0.04121762953487673,0.10823098355755545,1,0.1386635074664608,0.4215148468193873,0.7867063714683034
N150_K13_larger_reservoir,150,13,controlled_d20_white_plus_distractor,0,controlled_d20_white_plus_distractor__trial0,16,400,450,3,True,0.0,0.06170673355494838,0,0.13522933066181622,0.3587248671087766,0.7673116535635515
N150_K13_larger_reservoir,150,13,controlled_d20_white_plus_distractor,0,controlled_d20_white_plus_distractor__trial0,17,425,475,3,True,0.0,0.1128958336071455,0,0.11293436671208903,0.2864744768821407,0.6093160957680033
N150_K13_larger_reservoir,150,13,controlled_d20_white_plus_distractor,0,controlled_d20_white_plus_distractor__trial0,18,450,500,3,True,0.0,0.0,0,0.09588955888205536,0.23621100560221664,0.5179327292756023
N150_K13_larger_reservoir,150,13,controlled_d20_white_plus_distractor,1,controlled_d20_white_plus_distractor__trial1,0,0,50,1,False,0.0,0.0,0,,,
N150_K13_larger_reservoir,150,13,controlled_d20_white_plus_distractor,1,controlled_d20_white_plus_distractor__trial1,1,25,75,1,False,0.0,0.07890128517302297,0,,,
N150_K13_larger_reservoir,150,13,controlled_d20_white_plus_distractor,1,controlled_d20_white_plus_distractor__trial1,2,50,100,1,False,0.0,0.11481778242026253,0,,,
N150_K13_larger_reservoir,150,13,controlled_d20_white_plus_distractor,1,controlled_d20_white_plus_distractor__trial1,3,75,125,1,False,0.0,0.01765756508068983,0,,,
N150_K13_larger_reservoir,150,13,controlled_d20_white_plus_distractor,1,controlled_d20_white_plus_distractor__trial1,4,100,150,1,False,0.0,0.13140029878322934,0,,,
N150_K13_larger_reservoir,150,13,controlled_d20_white_plus_distractor,1,controlled_d20_white_plus_distractor__trial1,5,125,175,1,False,0.0,0.0712684669822855,0,,,
N150_K13_larger_reservoir,150,13,controlled_d20_white_plus_distractor,1,controlled_d20_white_plus_distractor__trial1,6,150,200,1,False,0.0,0.05687850368974112,0,,,
N150_K13_larger_reservoir,150,13,controlled_d20_white_plus_distractor,1,controlled_d20_white_plus_distractor__trial1,7,175,225,1,False,0.0,0.015666700619800356,0,,,
N150_K13_larger_reservoir,150,13,controlled_d20_white_plus_distractor,1,controlled_d20_white_plus_distractor__trial1,8,200,250,1,False,0.0,0.03907395074120368,0,,,
N150_K13_larger_reservoir,150,13,controlled_d20_white_plus_distractor,1,controlled_d20_white_plus_distractor__trial1,9,225,275,1,False,0.0,0.0,0,,,
N150_K13_larger_reservoir,150,13,controlled_d20_white_plus_distractor,1,controlled_d20_white_plus_distractor__trial1,10,250,300,1,False,0.0,0.008939002905243854,0,,,
N150_K13_larger_reservoir,150,13,controlled_d20_white_plus_distractor,1,controlled_d20_white_plus_distractor__trial1,11,275,325,1,False,0.0,0.0,0,,,
N150_K13_larger_reservoir,150,13,controlled_d20_white_plus_distractor,1,controlled_d20_white_plus_distractor__trial1,12,300,350,1,False,0.0,0.047808224605052185,0,,,
N150_K13_larger_reservoir,150,13,controlled_d20_white_plus_distractor,1,controlled_d20_white_plus_distractor__trial1,13,325,375,1,False,0.0,0.07068219600206604,0,,,
N150_K13_larger_reservoir,150,13,controlled_d20_white_plus_distractor,1,controlled_d20_white_plus_distractor__trial1,14,350,400,1,False,0.0,0.07976303337535462,0,,,
N150_K13_larger_reservoir,150,13,controlled_d20_white_plus_distractor,1,controlled_d20_white_plus_distractor__trial1,15,375,425,1,False,0.0,0.09426514350910165,0,,,
N150_K13_larger_reservoir,150,13,controlled_d20_white_plus_distractor,1,controlled_d20_white_plus_distractor__trial1,16,400,450,1,False,0.0,0.11078510215593451,0,,,
N150_K13_larger_reservoir,150,13,controlled_d20_white_plus_distractor,1,controlled_d20_white_plus_distractor__trial1,17,425,475,1,False,0.0,0.18929286273010815,0,,,
N150_K13_larger_reservoir,150,13,controlled_d20_white_plus_distractor,1,controlled_d20_white_plus_distractor__trial1,18,450,500,1,False,0.0,0.1384658718988423,0,,,
N150_K13_larger_reservoir,150,13,controlled_d20_white_plus_distractor,2,controlled_d20_white_plus_distractor__trial2,0,0,50,3,True,0.033561122285013845,0.10493708369381805,1,0.12807606228487478,0.33747004092583727,0.735202118903713
N150_K13_larger_reservoir,150,13,controlled_d20_white_plus_distractor,2,controlled_d20_white_plus_distractor__trial2,1,25,75,3,True,0.0,0.04574548312959825,0,0.13711896032820686,0.3565152241720821,0.7425131459520273
N150_K13_larger_reservoir,150,13,controlled_d20_white_plus_distractor,2,controlled_d20_white_plus_distractor__trial2,2,50,100,3,True,0.0,0.0,0,0.16008414092072032,0.4456280544796097,0.8649306273489407
N150_K13_larger_reservoir,150,13,controlled_d20_white_plus_distractor,2,controlled_d20_white_plus_distractor__trial2,3,75,125,3,True,0.015109165175176908,0.1691248231779292,1,0.15559029423086299,0.42601086290581414,0.8325430895117016
N150_K13_larger_reservoir,150,13,controlled_d20_white_plus_distractor,2,controlled_d20_white_plus_distractor__trial2,4,100,150,3,True,0.00888179966714886,0.273806369448097,1,0.14805847820249118,0.36462448983412926,0.7431727866754521
N150_K13_larger_reservoir,150,13,controlled_d20_white_plus_distractor,2,controlled_d20_white_plus_distractor__trial2,5,125,175,3,True,0.08458749670998988,0.17737270278310746,1,0.1499700672275142,0.3502501364858854,0.8008364102347947
N150_K13_larger_reservoir,150,13,controlled_d20_white_plus_distractor,2,controlled_d20_white_plus_distractor__trial2,6,150,200,3,True,0.09220919406745431,0.12027012190499897,1,0.15137564714639373,0.32858020472832694,0.8342358630488449
N150_K13_larger_reservoir,150,13,controlled_d20_white_plus_distractor,2,controlled_d20_white_plus_distractor__trial2,7,175,225,3,True,0.07553637029341653,0.07553637029341653,1,0.13108156412028943,0.3038869018051573,0.7355629688670007
N150_K13_larger_reservoir,150,13,controlled_d20_white_plus_distractor,2,controlled_d20_white_plus_distractor__trial2,8,200,250,3,True,0.016503307052771254,0.10823875228945457,1,0.1384350978812983,0.3611280261283523,0.7741935992661175
N150_K13_larger_reservoir,150,13,controlled_d20_white_plus_distractor,2,controlled_d20_white_plus_distractor__trial2,9,225,275,3,True,0.0,0.13383945312321743,0,0.13976631410965729,0.3602859826956286,0.7902027779692522
N150_K13_larger_reservoir,150,13,controlled_d20_white_plus_distractor,2,controlled_d20_white_plus_distractor__trial2,10,250,300,3,True,0.0,0.038956085407161556,0,0.13587823232589982,0.3304918534300651,0.8110291588009393
N150_K13_larger_reservoir,150,13,controlled_d20_white_plus_distractor,2,controlled_d20_white_plus_distractor__trial2,11,275,325,3,True,0.015069792755021516,0.07877862826871662,1,0.15472753265197195,0.3719049157518311,0.8526456313682893
N150_K13_larger_reservoir,150,13,controlled_d20_white_plus_distractor,2,controlled_d20_white_plus_distractor__trial2,12,300,350,3,True,0.056172223804210386,0.11758136347421,1,0.13184197195367894,0.3134284867681263,0.7085564454147576
N150_K13_larger_reservoir,150,13,controlled_d20_white_plus_distractor,2,controlled_d20_white_plus_distractor__trial2,13,325,375,3,True,0.013270750467407222,0.01976279245611079,1,0.12883849923377957,0.3034554810977095,0.7246642290088747
N150_K13_larger_reservoir,150,13,controlled_d20_white_plus_distractor,2,controlled_d20_white_plus_distractor__trial2,14,350,400,3,True,0.0,0.0,0,0.1269442599503961,0.30457907389715877,0.7042463596189046
N150_K13_larger_reservoir,150,13,controlled_d20_white_plus_distractor,2,controlled_d20_white_plus_distractor__trial2,15,375,425,3,True,0.013145129132387967,0.013145129132387967,1,0.10580776528790495,0.2501526303671041,0.592217679718878
N150_K13_larger_reservoir,150,13,controlled_d20_white_plus_distractor,2,controlled_d20_white_plus_distractor__trial2,16,400,450,3,True,0.009993057257019156,0.04669035448497716,1,0.11932996933596854,0.29416470543600964,0.6419137455536355
N150_K13_larger_reservoir,150,13,controlled_d20_white_plus_distractor,2,controlled_d20_white_plus_distractor__trial2,17,425,475,3,True,0.0006796660363329599,0.06968412570279459,1,0.12552690509908934,0.30550126383991316,0.6791764423252197
N150_K13_larger_reservoir,150,13,controlled_d20_white_plus_distractor,2,controlled_d20_white_plus_distractor__trial2,18,450,500,3,True,0.008261322922633152,0.03789553992232064,1,0.0972877178782764,0.22457435476071236,0.5608127745270073
N150_K13_larger_reservoir,150,13,controlled_d20_white_plus_distractor,3,controlled_d20_white_plus_distractor__trial3,0,0,50,2,True,0.0,0.0042911970637447006,0,0.08485468847127481,0.21375429831082005,0.6788559675607126
N150_K13_larger_reservoir,150,13,controlled_d20_white_plus_distractor,3,controlled_d20_white_plus_distractor__trial3,1,25,75,2,True,0.0,0.0,0,0.10022983527479191,0.26031107759364414,0.8267142688735347
N150_K13_larger_reservoir,150,13,controlled_d20_white_plus_distractor,3,controlled_d20_white_plus_distractor__trial3,2,50,100,2,True,0.0,0.059466687252704986,0,0.10852379101194103,0.26884054704109805,0.8538027591649029
N150_K13_larger_reservoir,150,13,controlled_d20_white_plus_distractor,3,controlled_d20_white_plus_distractor__trial3,3,75,125,2,True,0.016860370076540954,0.016860370076540954,1,0.08248403580369469,0.21118295509352836,0.670689714523934
N150_K13_larger_reservoir,150,13,controlled_d20_white_plus_distractor,3,controlled_d20_white_plus_distractor__trial3,4,100,150,2,True,0.0,0.049533634367027624,0,0.08930278604258336,0.23504295514045417,0.7464659845023823
N150_K13_larger_reservoir,150,13,controlled_d20_white_plus_distractor,3,controlled_d20_white_plus_distractor__trial3,5,125,175,2,True,0.0,0.13177041165329617,0,0.13089059178408255,0.3248576130869938,1.0317057060109265
N150_K13_larger_reservoir,150,13,controlled_d20_white_plus_distractor,3,controlled_d20_white_plus_distractor__trial3,6,150,200,2,True,0.014914728808612443,0.06384066817814138,1,0.12912043449908617,0.32343624334954124,1.0271916198100643
N150_K13_larger_reservoir,150,13,controlled_d20_white_plus_distractor,3,controlled_d20_white_plus_distractor__trial3,7,175,225,2,True,0.06305573779588813,0.07653698774076101,1,0.0999412936012293,0.24074433009545837,0.7645728129595946
N150_K13_larger_reservoir,150,13,controlled_d20_white_plus_distractor,3,controlled_d20_white_plus_distractor__trial3,8,200,250,2,True,0.09584517188396657,0.16866252122116032,1,0.09453051355111856,0.2311360241352097,0.7340580776265095
N150_K13_larger_reservoir,150,13,controlled_d20_white_plus_distractor,3,controlled_d20_white_plus_distractor__trial3,9,225,275,2,True,0.08618360890292909,0.21109065183388587,1,0.10330467830572022,0.26252057366227827,0.8337313422299412
N150_K13_larger_reservoir,150,13,controlled_d20_white_plus_distractor,3,controlled_d20_white_plus_distractor__trial3,10,250,300,2,True,0.06821252991484483,0.16063637055579205,1,0.10830374034583432,0.2611394656198349,0.8293451219580315
N150_K13_larger_reservoir,150,13,controlled_d20_white_plus_distractor,3,controlled_d20_white_plus_distractor__trial3,11,275,325,2,True,0.02217678947023327,0.09821733093738577,1,0.10793406998771043,0.26440147614842197,0.8397048449253666
N150_K13_larger_reservoir,150,13,controlled_d20_white_plus_distractor,3,controlled_d20_white_plus_distractor__trial3,12,300,350,2,True,0.0,0.06127575512192762,0,0.1331355654286651,0.3279952713239391,1.0416705022051957
N150_K13_larger_reservoir,150,13,controlled_d20_white_plus_distractor,3,controlled_d20_white_plus_distractor__trial3,13,325,375,2,True,0.0,0.0,0,0.1418435021602955,0.3619103520846813,1.1493804062711013
N150_K13_larger_reservoir,150,13,controlled_d20_white_plus_distractor,3,controlled_d20_white_plus_distractor__trial3,14,350,400,2,True,0.0,0.1215867144777979,0,0.12386622122541065,0.32244265651066306,1.0240361166917997
N150_K13_larger_reservoir,150,13,controlled_d20_white_plus_distractor,3,controlled_d20_white_plus_distractor__trial3,15,375,425,2,True,0.0,0.07228265213529328,0,0.10895843814434535,0.25612428063628817,0.8134175439799224
N150_K13_larger_reservoir,150,13,controlled_d20_white_plus_distractor,3,controlled_d20_white_plus_distractor__trial3,16,400,450,2,True,0.0,0.14363317956125998,0,0.09014083208409787,0.22336215156734884,0.7093692651654142
N150_K13_larger_reservoir,150,13,controlled_d20_white_plus_distractor,3,controlled_d20_white_plus_distractor__trial3,17,425,475,2,True,0.08588848118376458,0.41178510237338484,1,0.0970058866438443,0.2685449985027802,0.8528641352844644
N150_K13_larger_reservoir,150,13,controlled_d20_white_plus_distractor,3,controlled_d20_white_plus_distractor__trial3,18,450,500,2,True,0.1281903152174404,0.36920045345051533,1,0.12299023758324935,0.3247599121197605,1.0313954203924998
N150_K13_larger_reservoir,150,13,memory_d10,0,memory_d10__trial0,0,0,50,1,False,0.0,0.05840759321005984,0,,,
N150_K13_larger_reservoir,150,13,memory_d10,0,memory_d10__trial0,1,25,75,1,False,0.0,0.03117041353344996,0,,,
N150_K13_larger_reservoir,150,13,memory_d10,0,memory_d10__trial0,2,50,100,1,False,0.0,0.0,0,,,
N150_K13_larger_reservoir,150,13,memory_d10,0,memory_d10__trial0,3,75,125,1,False,0.0,0.0,0,,,
N150_K13_larger_reservoir,150,13,memory_d10,0,memory_d10__trial0,4,100,150,1,False,0.0,0.04091516333320455,0,,,
N150_K13_larger_reservoir,150,13,memory_d10,0,memory_d10__trial0,5,125,175,1,False,0.0,0.09554722241269553,0,,,
N150_K13_larger_reservoir,150,13,memory_d10,0,memory_d10__trial0,6,150,200,1,False,0.0,0.05472823262307569,0,,,
N150_K13_larger_reservoir,150,13,memory_d10,0,memory_d10__trial0,7,175,225,1,False,0.0,0.01701763363000408,0,,,
N150_K13_larger_reservoir,150,13,memory_d10,0,memory_d10__trial0,8,200,250,1,False,0.0,0.0,0,,,
N150_K13_larger_reservoir,150,13,memory_d10,0,memory_d10__trial0,9,225,275,1,False,0.0,0.09204609271897451,0,,,
N150_K13_larger_reservoir,150,13,memory_d10,0,memory_d10__trial0,10,250,300,1,False,0.0,0.07857433535665276,0,,,
N150_K13_larger_reservoir,150,13,memory_d10,0,memory_d10__trial0,11,275,325,1,False,0.0,0.025167604318385717,0,,,
N150_K13_larger_reservoir,150,13,memory_d10,0,memory_d10__trial0,12,300,350,1,False,0.0,0.09603958586024564,0,,,
N150_K13_larger_reservoir,150,13,memory_d10,0,memory_d10__trial0,13,325,375,1,False,0.0,0.057527170345266,0,,,
N150_K13_larger_reservoir,150,13,memory_d10,0,memory_d10__trial0,14,350,400,1,False,0.0,0.11099045110698863,0,,,
N150_K13_larger_reservoir,150,13,memory_d10,0,memory_d10__trial0,15,375,425,1,False,0.0,0.09886158446776017,0,,,
N150_K13_larger_reservoir,150,13,memory_d10,0,memory_d10__trial0,16,400,450,1,False,0.0,0.10210784271696494,0,,,
N150_K13_larger_reservoir,150,13,memory_d10,0,memory_d10__trial0,17,425,475,1,False,0.0,0.028253092268610447,0,,,
N150_K13_larger_reservoir,150,13,memory_d10,0,memory_d10__trial0,18,450,500,1,False,0.0,0.00535581630919757,0,,,
N150_K13_larger_reservoir,150,13,memory_d10,1,memory_d10__trial1,0,0,50,1,False,0.0,0.07436673087918377,0,,,
N150_K13_larger_reservoir,150,13,memory_d10,1,memory_d10__trial1,1,25,75,1,False,0.0,0.0,0,,,
N150_K13_larger_reservoir,150,13,memory_d10,1,memory_d10__trial1,2,50,100,1,False,0.0,0.07341875476367021,0,,,
N150_K13_larger_reservoir,150,13,memory_d10,1,memory_d10__trial1,3,75,125,1,False,0.0,0.14596430000291305,0,,,
N150_K13_larger_reservoir,150,13,memory_d10,1,memory_d10__trial1,4,100,150,1,False,0.0,0.15350710786295707,0,,,
N150_K13_larger_reservoir,150,13,memory_d10,1,memory_d10__trial1,5,125,175,1,False,0.0,0.07657123416531986,0,,,
N150_K13_larger_reservoir,150,13,memory_d10,1,memory_d10__trial1,6,150,200,1,False,0.0,0.08964388859901418,0,,,
N150_K13_larger_reservoir,150,13,memory_d10,1,memory_d10__trial1,7,175,225,1,False,0.0,0.08264322830637472,0,,,
N150_K13_larger_reservoir,150,13,memory_d10,1,memory_d10__trial1,8,200,250,1,False,0.0,0.1360727286142096,0,,,
N150_K13_larger_reservoir,150,13,memory_d10,1,memory_d10__trial1,9,225,275,1,False,0.0,0.04888147842201285,0,,,
N150_K13_larger_reservoir,150,13,memory_d10,1,memory_d10__trial1,10,250,300,1,False,0.0,0.02220122215327902,0,,,
N150_K13_larger_reservoir,150,13,memory_d10,1,memory_d10__trial1,11,275,325,1,False,0.0,0.14525140582886237,0,,,
N150_K13_larger_reservoir,150,13,memory_d10,1,memory_d10__trial1,12,300,350,1,False,0.0,0.07749470007735215,0,,,
N150_K13_larger_reservoir,150,13,memory_d10,1,memory_d10__trial1,13,325,375,1,False,0.0,0.025602288273615215,0,,,
N150_K13_larger_reservoir,150,13,memory_d10,1,memory_d10__trial1,14,350,400,1,False,0.0,0.02277220212224107,0,,,
N150_K13_larger_reservoir,150,13,memory_d10,1,memory_d10__trial1,15,375,425,1,False,0.0,0.12043200191752668,0,,,
N150_K13_larger_reservoir,150,13,memory_d10,1,memory_d10__trial1,16,400,450,1,False,0.0,0.08696507981059687,0,,,
N150_K13_larger_reservoir,150,13,memory_d10,1,memory_d10__trial1,17,425,475,1,False,0.0,0.04564991948016439,0,,,
N150_K13_larger_reservoir,150,13,memory_d10,1,memory_d10__trial1,18,450,500,1,False,0.0,0.040896493213216534,0,,,
N150_K13_larger_reservoir,150,13,memory_d10,2,memory_d10__trial2,0,0,50,4,True,0.0,0.0,0,0.21767116144262746,0.5848881954443127,0.9087251978232812
N150_K13_larger_reservoir,150,13,memory_d10,2,memory_d10__trial2,1,25,75,4,True,0.007508586177857657,0.0674165981703514,1,0.2118038391773549,0.5578730008866782,0.8929766036469337
N150_K13_larger_reservoir,150,13,memory_d10,2,memory_d10__trial2,2,50,100,4,True,0.07534526013401421,0.07534526013401421,1,0.2233746231397187,0.59638687220195,0.894507184527492
N150_K13_larger_reservoir,150,13,memory_d10,2,memory_d10__trial2,3,75,125,4,True,0.06321073058001403,0.06321073058001403,1,0.23885355278602138,0.6484604205185486,0.9901054599717445
N150_K13_larger_reservoir,150,13,memory_d10,2,memory_d10__trial2,4,100,150,4,True,0.0718240643044129,0.1154993526769661,1,0.2448172112718261,0.6591075703048364,1.0541161800419558
N150_K13_larger_reservoir,150,13,memory_d10,2,memory_d10__trial2,5,125,175,4,True,0.05640293717997413,0.16687316976514194,1,0.24343069554734675,0.6134866839737989,1.0307480958973947
N150_K13_larger_reservoir,150,13,memory_d10,2,memory_d10__trial2,6,150,200,4,True,0.11665383794331152,0.15281168015669377,1,0.25287397740870776,0.610136571378018,1.1274687573853586
N150_K13_larger_reservoir,150,13,memory_d10,2,memory_d10__trial2,7,175,225,4,True,0.11209828917617348,0.14397571267992348,1,0.24233056702695122,0.5652891216532584,1.0965562258703603
N150_K13_larger_reservoir,150,13,memory_d10,2,memory_d10__trial2,8,200,250,4,True,0.05922486967345586,0.05922486967345586,1,0.20992292428912745,0.48101136807593203,0.916711614177276
N150_K13_larger_reservoir,150,13,memory_d10,2,memory_d10__trial2,9,225,275,4,True,0.02182854797181677,0.02182854797181677,1,0.21089248219948106,0.5026635892452671,0.8836810410498241
N150_K13_larger_reservoir,150,13,memory_d10,2,memory_d10__trial2,10,250,300,4,True,0.024807911551373407,0.024807911551373407,1,0.21418172990403977,0.503139852794511,0.9057380867699161
N150_K13_larger_reservoir,150,13,memory_d10,2,memory_d10__trial2,11,275,325,4,True,0.05041439586435659,0.05041439586435659,1,0.2132485580164291,0.52213527378901,0.8934141967767973
N150_K13_larger_reservoir,150,13,memory_d10,2,memory_d10__trial2,12,300,350,4,True,0.10005760072516301,0.10005760072516301,1,0.21880026431381167,0.5733282720797285,0.8733046608712455
N150_K13_larger_reservoir,150,13,memory_d10,2,memory_d10__trial2,13,325,375,4,True,0.13045064351985547,0.13045064351985547,1,0.21724365132836726,0.5851877249099448,0.9064774257841366
N150_K13_larger_reservoir,150,13,memory_d10,2,memory_d10__trial2,14,350,400,4,True,0.07189315428426701,0.07189315428426701,1,0.2076044621957719,0.5292687505627396,0.8949748523448334
N150_K13_larger_reservoir,150,13,memory_d10,2,memory_d10__trial2,15,375,425,4,True,0.11142609628477362,0.11142609628477362,1,0.22229092144746446,0.5575801509392486,0.8942887764552934
N150_K13_larger_reservoir,150,13,memory_d10,2,memory_d10__trial2,16,400,450,4,True,0.08846090293779896,0.1316316825620364,1,0.2166584687423095,0.5418430390062687,0.8947898551547029
N150_K13_larger_reservoir,150,13,memory_d10,2,memory_d10__trial2,17,425,475,4,True,0.01794592460749911,0.02498996474357873,1,0.1920975126780854,0.4587842068792022,0.8678593316553327
N150_K13_larger_reservoir,150,13,memory_d10,2,memory_d10__trial2,18,450,500,4,True,0.05923061506642491,0.05923061506642491,1,0.20891401643474955,0.5009128089796018,0.9454305647192518
N150_K13_larger_reservoir,150,13,memory_d10,3,memory_d10__trial3,0,0,50,1,False,0.0,0.07782933735972142,0,,,
N150_K13_larger_reservoir,150,13,memory_d10,3,memory_d10__trial3,1,25,75,1,False,0.0,0.014196975112628685,0,,,
N150_K13_larger_reservoir,150,13,memory_d10,3,memory_d10__trial3,2,50,100,1,False,0.0,0.04377094381296842,0,,,
N150_K13_larger_reservoir,150,13,memory_d10,3,memory_d10__trial3,3,75,125,1,False,0.0,0.05442916902254813,0,,,
N150_K13_larger_reservoir,150,13,memory_d10,3,memory_d10__trial3,4,100,150,1,False,0.0,0.1259019811816665,0,,,
N150_K13_larger_reservoir,150,13,memory_d10,3,memory_d10__trial3,5,125,175,1,False,0.0,0.07340923963869705,0,,,
N150_K13_larger_reservoir,150,13,memory_d10,3,memory_d10__trial3,6,150,200,1,False,0.0,0.00238862410847851,0,,,
N150_K13_larger_reservoir,150,13,memory_d10,3,memory_d10__trial3,7,175,225,1,False,0.0,0.0,0,,,
N150_K13_larger_reservoir,150,13,memory_d10,3,memory_d10__trial3,8,200,250,1,False,0.0,0.06072398756127756,0,,,
N150_K13_larger_reservoir,150,13,memory_d10,3,memory_d10__trial3,9,225,275,1,False,0.0,0.033501830085645556,0,,,
N150_K13_larger_reservoir,150,13,memory_d10,3,memory_d10__trial3,10,250,300,1,False,0.0,0.02651459043879889,0,,,
N150_K13_larger_reservoir,150,13,memory_d10,3,memory_d10__trial3,11,275,325,1,False,0.0,0.10014893209858644,0,,,
N150_K13_larger_reservoir,150,13,memory_d10,3,memory_d10__trial3,12,300,350,1,False,0.0,0.022469842962552167,0,,,
N150_K13_larger_reservoir,150,13,memory_d10,3,memory_d10__trial3,13,325,375,1,False,0.0,0.0,0,,,
N150_K13_larger_reservoir,150,13,memory_d10,3,memory_d10__trial3,14,350,400,1,False,0.0,0.0752509945094123,0,,,
N150_K13_larger_reservoir,150,13,memory_d10,3,memory_d10__trial3,15,375,425,1,False,0.0,0.09014016132672126,0,,,
N150_K13_larger_reservoir,150,13,memory_d10,3,memory_d10__trial3,16,400,450,1,False,0.0,0.06312490482689764,0,,,
N150_K13_larger_reservoir,150,13,memory_d10,3,memory_d10__trial3,17,425,475,1,False,0.0,0.08532174612468296,0,,,
N150_K13_larger_reservoir,150,13,memory_d10,3,memory_d10__trial3,18,450,500,1,False,0.0,0.07599351614796501,0,,,
N150_K13_larger_reservoir,150,13,narma10,0,narma10__trial0,0,0,50,2,True,0.0016570874885022402,0.09157593121031704,1,0.05834815485396514,0.15137044839801836,0.4807329397321135
N150_K13_larger_reservoir,150,13,narma10,0,narma10__trial0,1,25,75,2,True,0.0,0.07924497100176764,0,0.08179781360741382,0.20916529706722822,0.664281893944537
N150_K13_larger_reservoir,150,13,narma10,0,narma10__trial0,2,50,100,2,True,0.0,0.05246151829235035,0,0.09718606726666967,0.24081505478338358,0.7647974254087068
N150_K13_larger_reservoir,150,13,narma10,0,narma10__trial0,3,75,125,2,True,0.0,0.0,0,0.08354501136534741,0.21704383795253032,0.68930311942596
N150_K13_larger_reservoir,150,13,narma10,0,narma10__trial0,4,100,150,2,True,0.0,0.05140733739370629,0,0.08316446909337018,0.21888678820388616,0.6951560907389915
N150_K13_larger_reservoir,150,13,narma10,0,narma10__trial0,5,125,175,2,True,0.0,0.16031010614978303,0,0.090554641660591,0.23186809165389405,0.7363830292538848
N150_K13_larger_reservoir,150,13,narma10,0,narma10__trial0,6,150,200,2,True,0.004008253917229143,0.02765229899285715,1,0.07768798834795121,0.1988250422699477,0.6314425839016341
N150_K13_larger_reservoir,150,13,narma10,0,narma10__trial0,7,175,225,2,True,0.0,0.0,0,0.07245158115451426,0.17870943232012057,0.5675580119258828
N150_K13_larger_reservoir,150,13,narma10,0,narma10__trial0,8,200,250,2,True,0.0,0.004329083921220778,0,0.07952094667370514,0.19260536246856325,0.6116896863793253
N150_K13_larger_reservoir,150,13,narma10,0,narma10__trial0,9,225,275,2,True,0.0,0.022158739533871707,0,0.07827563798333988,0.1988894247262861,0.6316470542446257
N150_K13_larger_reservoir,150,13,narma10,0,narma10__trial0,10,250,300,2,True,0.0,0.10731092803373954,0,0.07372978341160387,0.19396598162571002,0.6160108366051018
N150_K13_larger_reservoir,150,13,narma10,0,narma10__trial0,11,275,325,2,True,0.0,0.0816781590492282,0,0.07906356015419765,0.19863998659835863,0.630854871055708
N150_K13_larger_reservoir,150,13,narma10,0,narma10__trial0,12,300,350,2,True,0.0,0.04896855915726506,0,0.07930344612092821,0.19996113219522574,0.6350506583663597
N150_K13_larger_reservoir,150,13,narma10,0,narma10__trial0,13,325,375,2,True,0.0,0.04245583080994619,0,0.07063432718091393,0.18034510842008872,0.572752707378721
N150_K13_larger_reservoir,150,13,narma10,0,narma10__trial0,14,350,400,2,True,0.0,0.042958431099144656,0,0.07376938568030038,0.19256135563503074,0.6115499263754653
N150_K13_larger_reservoir,150,13,narma10,0,narma10__trial0,15,375,425,2,True,0.0,0.07133557743588181,0,0.07524499814710796,0.19243964779748704,0.6111633980461247
N150_K13_larger_reservoir,150,13,narma10,0,narma10__trial0,16,400,450,2,True,0.014735872035622544,0.03607594948728332,1,0.08070910490801668,0.19638513729042145,0.6236937616850909
N150_K13_larger_reservoir,150,13,narma10,0,narma10__trial0,17,425,475,2,True,0.03087219640758343,0.03087219640758343,1,0.07752866996722521,0.18905928466012625,0.6004278025214781
N150_K13_larger_reservoir,150,13,narma10,0,narma10__trial0,18,450,500,2,True,0.0,0.0,0,0.06901778906562236,0.17356578697002772,0.5512224604608591
N150_K13_larger_reservoir,150,13,narma10,1,narma10__trial1,0,0,50,1,False,0.0,0.10154700028136648,0,,,
N150_K13_larger_reservoir,150,13,narma10,1,narma10__trial1,1,25,75,1,False,0.0,0.12102582431064884,0,,,
N150_K13_larger_reservoir,150,13,narma10,1,narma10__trial1,2,50,100,1,False,0.0,0.07630413639982248,0,,,
N150_K13_larger_reservoir,150,13,narma10,1,narma10__trial1,3,75,125,1,False,0.0,0.04479647612261339,0,,,
N150_K13_larger_reservoir,150,13,narma10,1,narma10__trial1,4,100,150,1,False,0.0,0.10730048508412648,0,,,
N150_K13_larger_reservoir,150,13,narma10,1,narma10__trial1,5,125,175,1,False,0.0,0.10219221375162535,0,,,
N150_K13_larger_reservoir,150,13,narma10,1,narma10__trial1,6,150,200,1,False,0.0,0.0388102897084136,0,,,
N150_K13_larger_reservoir,150,13,narma10,1,narma10__trial1,7,175,225,1,False,0.0,0.12392062709093976,0,,,
N150_K13_larger_reservoir,150,13,narma10,1,narma10__trial1,8,200,250,1,False,0.0,0.07711965024847933,0,,,
N150_K13_larger_reservoir,150,13,narma10,1,narma10__trial1,9,225,275,1,False,0.0,0.0,0,,,
N150_K13_larger_reservoir,150,13,narma10,1,narma10__trial1,10,250,300,1,False,0.0,0.0,0,,,
N150_K13_larger_reservoir,150,13,narma10,1,narma10__trial1,11,275,325,1,False,0.0,0.0,0,,,
N150_K13_larger_reservoir,150,13,narma10,1,narma10__trial1,12,300,350,1,False,0.0,0.022089531245970684,0,,,
N150_K13_larger_reservoir,150,13,narma10,1,narma10__trial1,13,325,375,1,False,0.0,0.1033331244852454,0,,,
N150_K13_larger_reservoir,150,13,narma10,1,narma10__trial1,14,350,400,1,False,0.0,0.03225232114239773,0,,,
N150_K13_larger_reservoir,150,13,narma10,1,narma10__trial1,15,375,425,1,False,0.0,0.0,0,,,
N150_K13_larger_reservoir,150,13,narma10,1,narma10__trial1,16,400,450,1,False,0.0,0.040469104928527955,0,,,
N150_K13_larger_reservoir,150,13,narma10,1,narma10__trial1,17,425,475,1,False,0.0,0.045240062372296164,0,,,
N150_K13_larger_reservoir,150,13,narma10,1,narma10__trial1,18,450,500,1,False,0.0,0.1768806509021611,0,,,
N150_K13_larger_reservoir,150,13,narma10,2,narma10__trial2,0,0,50,2,True,0.001092273452565351,0.07088786923165169,1,0.0821828980385367,0.1957693415661929,0.6217380742182455
N150_K13_larger_reservoir,150,13,narma10,2,narma10__trial2,1,25,75,2,True,0.015434956494691399,0.015434956494691399,1,0.08643908193387978,0.20564142116659034,0.6530905204704336
N150_K13_larger_reservoir,150,13,narma10,2,narma10__trial2,2,50,100,2,True,0.0,0.0,0,0.08952481788842204,0.21216419398783828,0.6738060021694645
N150_K13_larger_reservoir,150,13,narma10,2,narma10__trial2,3,75,125,2,True,0.0,0.0,0,0.07072710234119836,0.17398125209297735,0.5525419238833802
N150_K13_larger_reservoir,150,13,narma10,2,narma10__trial2,4,100,150,2,True,0.005722815368879641,0.060847353721024344,1,0.06346433032385705,0.1552134563343752,0.4929378352200422
N150_K13_larger_reservoir,150,13,narma10,2,narma10__trial2,5,125,175,2,True,0.00674847880647611,0.03443536169844419,1,0.07803495176872668,0.1796701835990768,0.5706092335584543
N150_K13_larger_reservoir,150,13,narma10,2,narma10__trial2,6,150,200,2,True,0.03610438733515786,0.07828856255240457,1,0.07304282191543135,0.17466091534395048,0.5547004463435176
N150_K13_larger_reservoir,150,13,narma10,2,narma10__trial2,7,175,225,2,True,0.016328087122044477,0.10582119538966384,1,0.06546591981850289,0.1633214946435466,0.5186879147968666
N150_K13_larger_reservoir,150,13,narma10,2,narma10__trial2,8,200,250,2,True,0.0,0.028509493316097978,0,0.08701912173114774,0.20759203532073642,0.6592854183948952
N150_K13_larger_reservoir,150,13,narma10,2,narma10__trial2,9,225,275,2,True,0.0,0.0064845691343046186,0,0.09066668450003085,0.2161318648065323,0.686406810826282
N150_K13_larger_reservoir,150,13,narma10,2,narma10__trial2,10,250,300,2,True,0.008297773056897162,0.06816447592383662,1,0.09119442285826064,0.225588975406384,0.7164413692764502
N150_K13_larger_reservoir,150,13,narma10,2,narma10__trial2,11,275,325,2,True,0.015949699891183722,0.015949699891183722,1,0.08826935918579176,0.22052493090994219,0.7003586198133087
N150_K13_larger_reservoir,150,13,narma10,2,narma10__trial2,12,300,350,2,True,0.022998821405628922,0.022998821405628922,1,0.06495499896107282,0.16437022336541196,0.5220185413939299
N150_K13_larger_reservoir,150,13,narma10,2,narma10__trial2,13,325,375,2,True,0.0,0.0,0,0.07162826628822777,0.17558561335172027,0.5576371674561533
N150_K13_larger_reservoir,150,13,narma10,2,narma10__trial2,14,350,400,2,True,0.02252612713089086,0.02252612713089086,1,0.07518467428077985,0.17786558922026763,0.5648780755290622
N150_K13_larger_reservoir,150,13,narma10,2,narma10__trial2,15,375,425,2,True,0.07463305064658687,0.11053460863963216,1,0.07220923304118985,0.17817689317187121,0.5658667365615718
N150_K13_larger_reservoir,150,13,narma10,2,narma10__trial2,16,400,450,2,True,0.05739387247586114,0.0865633620343711,1,0.06338820714601764,0.16867838030706833,0.5357006898800336
N150_K13_larger_reservoir,150,13,narma10,2,narma10__trial2,17,425,475,2,True,0.04929530800963744,0.0731475463732505,1,0.06083215117028777,0.15890845039832302,0.5046726578188606
N150_K13_larger_reservoir,150,13,narma10,2,narma10__trial2,18,450,500,2,True,0.0,0.061625608697603695,0,0.08561670789570175,0.21175356372022916,0.6725018936213306
N150_K13_larger_reservoir,150,13,narma10,3,narma10__trial3,0,0,50,3,True,0.08076670522890184,0.14682360144283646,1,0.14652398402893635,0.38054648346968706,0.7270083188365922
N150_K13_larger_reservoir,150,13,narma10,3,narma10__trial3,1,25,75,3,True,0.04422200346736416,0.10386836746071204,1,0.1443710651130647,0.3867043997407131,0.752537245545748
N150_K13_larger_reservoir,150,13,narma10,3,narma10__trial3,2,50,100,3,True,0.027623476937942204,0.1808889823622506,1,0.14376410079148574,0.37733768912416044,0.7201006669740722
N150_K13_larger_reservoir,150,13,narma10,3,narma10__trial3,3,75,125,3,True,0.035235549766284735,0.14475391666852921,1,0.1392584432343069,0.34902549441448116,0.7136536825495869
N150_K13_larger_reservoir,150,13,narma10,3,narma10__trial3,4,100,150,3,True,0.0,0.013636370320134095,0,0.14457528412561851,0.34706834215798127,0.7861289311475335
N150_K13_larger_reservoir,150,13,narma10,3,narma10__trial3,5,125,175,3,True,0.0,0.0,0,0.15577244677309995,0.38270382832271177,0.8089381341131447
N150_K13_larger_reservoir,150,13,narma10,3,narma10__trial3,6,150,200,3,True,0.0,0.002257153021782976,0,0.13723033727179013,0.35706238635830895,0.7117044633638495
N150_K13_larger_reservoir,150,13,narma10,3,narma10__trial3,7,175,225,3,True,0.014946551437974853,0.014946551437974853,1,0.12158233571061111,0.3163687752207262,0.6374702119541966
N150_K13_larger_reservoir,150,13,narma10,3,narma10__trial3,8,200,250,3,True,0.013950295211269004,0.013950295211269004,1,0.14084673212193777,0.37117144776118843,0.7196804538020355
N150_K13_larger_reservoir,150,13,narma10,3,narma10__trial3,9,225,275,3,True,0.0,0.02542751593025394,0,0.1755507847469464,0.4629353716535071,0.8846637909633439
N150_K13_larger_reservoir,150,13,narma10,3,narma10__trial3,10,250,300,3,True,0.0,0.04493783213953839,0,0.16406080788399074,0.4192199822918181,0.8330482353826376
N150_K13_larger_reservoir,150,13,narma10,3,narma10__trial3,11,275,325,3,True,0.0,0.08824115150419065,0,0.1619495064385931,0.3880652670260058,0.8208946849826139
N150_K13_larger_reservoir,150,13,narma10,3,narma10__trial3,12,300,350,3,True,0.11331373094710151,0.17882846931808988,1,0.18099564186040207,0.4343160737768504,0.9173365338874089
N150_K13_larger_reservoir,150,13,narma10,3,narma10__trial3,13,325,375,3,True,0.08383697861003914,0.08383697861003914,1,0.16472107356611754,0.40554344978041235,0.8673603572600831
N150_K13_larger_reservoir,150,13,narma10,3,narma10__trial3,14,350,400,3,True,0.0,0.0,0,0.13718358551011772,0.35745701549795933,0.7607490254498973
N150_K13_larger_reservoir,150,13,narma10,3,narma10__trial3,15,375,425,3,True,0.0,0.054126525066149345,0,0.12859567252425871,0.34870548113402156,0.6801760666030259
N150_K13_larger_reservoir,150,13,narma10,3,narma10__trial3,16,400,450,3,True,0.0,0.036265515914834845,0,0.15155589276699144,0.39198442449410525,0.7692118762761095
N150_K13_larger_reservoir,150,13,narma10,3,narma10__trial3,17,425,475,3,True,0.0046146101115430715,0.03067731021839537,1,0.14529569435508788,0.3675691123940027,0.7753530812373521
N150_K13_larger_reservoir,150,13,narma10,3,narma10__trial3,18,450,500,3,True,0.04108315424812037,0.04108315424812037,1,0.13868707212424897,0.36835270868899783,0.7622613357603965
N150_K13_larger_reservoir,150,13,lorenz_x,0,lorenz_x__trial0,0,0,50,5,True,0.0033170824743463806,0.0033170824743463806,1,0.010512382698462741,0.03528439514192649,0.07265422702849336
N150_K13_larger_reservoir,150,13,lorenz_x,0,lorenz_x__trial0,1,25,75,5,True,0.0006842793218134959,0.0006842793218134959,1,0.002481718695438688,0.00403330172455094,0.011932958126436289
N150_K13_larger_reservoir,150,13,lorenz_x,0,lorenz_x__trial0,2,50,100,5,True,0.00033154342059792813,0.0007774444672547431,1,0.003764665524313932,0.007980296711376246,0.017851559635663525
N150_K13_larger_reservoir,150,13,lorenz_x,0,lorenz_x__trial0,3,75,125,5,True,0.0004969502120812288,0.001036490328625724,1,0.004083776043813608,0.009707909429619571,0.01905796040323122
N150_K13_larger_reservoir,150,13,lorenz_x,0,lorenz_x__trial0,4,100,150,5,True,0.0008676624954238972,0.0011581089079632408,1,0.0032855314880575123,0.007833050925443483,0.014814836488258324
N150_K13_larger_reservoir,150,13,lorenz_x,0,lorenz_x__trial0,5,125,175,5,True,0.0008969618142934972,0.0008969618142934972,1,0.0029600946571129755,0.004989893252946266,0.013846544413907716
N150_K13_larger_reservoir,150,13,lorenz_x,0,lorenz_x__trial0,6,150,200,5,True,0.0,0.0,0,0.0024617071686878988,0.0020255079374702956,0.013613522081702148
N150_K13_larger_reservoir,150,13,lorenz_x,0,lorenz_x__trial0,7,175,225,5,True,0.0012783990122353654,0.0012783990122353654,1,0.002390493339728947,0.003572187077440514,0.011694064238876235
N150_K13_larger_reservoir,150,13,lorenz_x,0,lorenz_x__trial0,8,200,250,5,True,0.00221997018832397,0.00221997018832397,1,0.002631146494878702,0.004408065729597363,0.011757298556718379
N150_K13_larger_reservoir,150,13,lorenz_x,0,lorenz_x__trial0,9,225,275,5,True,0.001118926216166263,0.001118926216166263,1,0.002406710815956336,0.004173606869339928,0.012238317316310789
N150_K13_larger_reservoir,150,13,lorenz_x,0,lorenz_x__trial0,10,250,300,5,True,0.00026045188869192916,0.00026045188869192916,1,0.0034610092217995736,0.0067585766421903865,0.017538580233671927
N150_K13_larger_reservoir,150,13,lorenz_x,0,lorenz_x__trial0,11,275,325,5,True,0.0007961999191845896,0.0008584583575510282,1,0.003996033568201906,0.00762484326749015,0.0184324501269029
N150_K13_larger_reservoir,150,13,lorenz_x,0,lorenz_x__trial0,12,300,350,5,True,0.0012066645321357821,0.0012066645321357821,1,0.0036110303562594905,0.0063868186253873485,0.01591258093182371
N150_K13_larger_reservoir,150,13,lorenz_x,0,lorenz_x__trial0,13,325,375,5,True,0.0,0.00011483732395753399,0,0.004752530078262737,0.007322446825629456,0.02353058446554395
N150_K13_larger_reservoir,150,13,lorenz_x,0,lorenz_x__trial0,14,350,400,5,True,0.0,0.0,0,0.003957796888779851,0.006709615782416913,0.021927186279637217
N150_K13_larger_reservoir,150,13,lorenz_x,0,lorenz_x__trial0,15,375,425,5,True,0.0006541210759597985,0.0006541210759597985,1,0.002534055729137389,0.005138094186481051,0.012002288065842293
N150_K13_larger_reservoir,150,13,lorenz_x,0,lorenz_x__trial0,16,400,450,5,True,0.004111095657140599,0.004111095657140599,1,0.008512885042739192,0.016529723119776834,0.048504340957865544
N150_K13_larger_reservoir,150,13,lorenz_x,0,lorenz_x__trial0,17,425,475,5,True,0.0038247542708974794,0.0038247542708974794,1,0.011280692785905823,0.020813582385755397,0.05526608566402917
N150_K13_larger_reservoir,150,13,lorenz_x,0,lorenz_x__trial0,18,450,500,5,True,0.00033208990977002216,0.0007783022102513318,1,0.006740980082798375,0.01531412860392183,0.03133252866016111
N150_K13_larger_reservoir,150,13,lorenz_x,1,lorenz_x__trial1,0,0,50,5,True,0.0029090657080572194,0.0029090657080572194,1,0.008687334884507486,0.016646669732438984,0.055208874333093017
N150_K13_larger_reservoir,150,13,lorenz_x,1,lorenz_x__trial1,1,25,75,5,True,0.0,0.0,0,0.0028251851396922886,0.005580728209657509,0.015935227901483034
N150_K13_larger_reservoir,150,13,lorenz_x,1,lorenz_x__trial1,2,50,100,5,True,0.0,0.0,0,0.0024036231256908086,0.004010076869561825,0.012521863493279202
N150_K13_larger_reservoir,150,13,lorenz_x,1,lorenz_x__trial1,3,75,125,5,True,0.0,6.086943333542642e-05,0,0.0019302009910651544,0.004336533748127723,0.00828083499042644
N150_K13_larger_reservoir,150,13,lorenz_x,1,lorenz_x__trial1,4,100,150,5,True,0.0,0.0005377853043879218,0,0.0022404692517250155,0.006220264094666477,0.00988656883999628
N150_K13_larger_reservoir,150,13,lorenz_x,1,lorenz_x__trial1,5,125,175,5,True,0.0,0.0,0,0.0032254943110865603,0.008337834407190695,0.01458521196473826
N150_K13_larger_reservoir,150,13,lorenz_x,1,lorenz_x__trial1,6,150,200,5,True,0.0,0.0,0,0.002809823342448969,0.006869828237599929,0.01287377080588146
N150_K13_larger_reservoir,150,13,lorenz_x,1,lorenz_x__trial1,7,175,225,5,True,0.0,0.0003071422811527554,0,0.0016549752662994427,0.0031385524690648345,0.008312724128202552
N150_K13_larger_reservoir,150,13,lorenz_x,1,lorenz_x__trial1,8,200,250,5,True,0.0,0.0008728172318388161,0,0.0016424832151032515,0.0027245798100192647,0.008401485017132058
N150_K13_larger_reservoir,150,13,lorenz_x,1,lorenz_x__trial1,9,225,275,5,True,0.0,0.0004209285223544931,0,0.0015359976010594389,0.003126531084876047,0.0076905766371855745
N150_K13_larger_reservoir,150,13,lorenz_x,1,lorenz_x__trial1,10,250,300,5,True,0.0,0.00015041752017051551,0,0.0014584799606382258,0.003482137737398652,0.006662369459527567
N150_K13_larger_reservoir,150,13,lorenz_x,1,lorenz_x__trial1,11,275,325,5,True,0.0,7.218201428460915e-05,0,0.0014795816236995406,0.00325208327621211,0.006562399333623919
N150_K13_larger_reservoir,150,13,lorenz_x,1,lorenz_x__trial1,12,300,350,5,True,0.0,0.0,0,0.0018143127843924128,0.0039872396388342625,0.009230036379453119
N150_K13_larger_reservoir,150,13,lorenz_x,1,lorenz_x__trial1,13,325,375,5,True,0.0017365878596673602,0.003378532275525995,1,0.0027362509727651848,0.006809421526632918,0.014227743141740702
N150_K13_larger_reservoir,150,13,lorenz_x,1,lorenz_x__trial1,14,350,400,5,True,0.0020190370167602937,0.0038733238858069423,1,0.0025867611648851332,0.006605733220896983,0.013073859869052951
N150_K13_larger_reservoir,150,13,lorenz_x,1,lorenz_x__trial1,15,375,425,5,True,0.0,0.0,0,0.0022827734769896657,0.004413470708876122,0.011153466722028278
N150_K13_larger_reservoir,150,13,lorenz_x,1,lorenz_x__trial1,16,400,450,5,True,0.0,0.0,0,0.002194248909249394,0.004480379847044046,0.010552115004630177
N150_K13_larger_reservoir,150,13,lorenz_x,1,lorenz_x__trial1,17,425,475,5,True,0.0,0.0,0,0.0014939576757679234,0.003605316896945639,0.006159279577514434
N150_K13_larger_reservoir,150,13,lorenz_x,1,lorenz_x__trial1,18,450,500,5,True,0.0,0.0,0,0.0018847575513647003,0.004745297878848023,0.009096223750448794
N150_K13_larger_reservoir,150,13,lorenz_x,2,lorenz_x__trial2,0,0,50,3,True,0.0,0.0,0,0.023253655102661037,0.122387888324733,0.23460932266860257
N150_K13_larger_reservoir,150,13,lorenz_x,2,lorenz_x__trial2,1,25,75,3,True,0.0,0.00034096980420596397,0,0.0012622095638690099,0.0033959667586694886,0.008079262277828198
N150_K13_larger_reservoir,150,13,lorenz_x,2,lorenz_x__trial2,2,50,100,3,True,0.00015104450704561678,0.0002355564028922513,1,0.00036697411041070537,0.0009516066620377228,0.0027064066530802415
N150_K13_larger_reservoir,150,13,lorenz_x,2,lorenz_x__trial2,3,75,125,3,True,0.0,0.0008001220642340251,0,9.760562379777012e-05,0.0002698449586346984,0.0005334677232040158
N150_K13_larger_reservoir,150,13,lorenz_x,2,lorenz_x__trial2,4,100,150,3,True,0.0,0.0003021625783770983,0,7.342158797641657e-05,0.00015990133450153427,0.00036701868764288793
N150_K13_larger_reservoir,150,13,lorenz_x,2,lorenz_x__trial2,5,125,175,3,True,1.8518176940632639e-06,0.0003523034427916779,1,8.470467892990881e-05,0.00022410508799854082,0.0004091582815139626
N150_K13_larger_reservoir,150,13,lorenz_x,2,lorenz_x__trial2,6,150,200,3,True,2.1224206555284404e-05,0.0006413630632413365,1,9.83357542432969e-05,0.0002074338105466186,0.0005825009754344218
N150_K13_larger_reservoir,150,13,lorenz_x,2,lorenz_x__trial2,7,175,225,3,True,0.0,0.00038479827871413293,0,9.820267492331905e-05,0.00017929919311026924,0.000622613319677101
N150_K13_larger_reservoir,150,13,lorenz_x,2,lorenz_x__trial2,8,200,250,3,True,0.00014810331545687472,0.0007832559043397915,1,0.00014800675608825337,0.0003258131184244024,0.000875407648341045
N150_K13_larger_reservoir,150,13,lorenz_x,2,lorenz_x__trial2,9,225,275,3,True,0.00012109791181526448,0.0007160523620700506,1,0.000224352129060088,0.0003880319593833066,0.0014338958194595938
N150_K13_larger_reservoir,150,13,lorenz_x,2,lorenz_x__trial2,10,250,300,3,True,0.000336918284204471,0.00048636511583388187,1,0.00024850085081060043,0.0004504862899078094,0.001509541647915908
N150_K13_larger_reservoir,150,13,lorenz_x,2,lorenz_x__trial2,11,275,325,3,True,0.00044646708269505727,0.0005254818244613641,1,0.0004183723251269456,0.0007398732904279901,0.0032500340378179143
N150_K13_larger_reservoir,150,13,lorenz_x,2,lorenz_x__trial2,12,300,350,3,True,0.0005135427066296225,0.0005135427066296225,1,0.0008197040180072898,0.0018657649851992048,0.005356147038752965
N150_K13_larger_reservoir,150,13,lorenz_x,2,lorenz_x__trial2,13,325,375,3,True,0.0,0.0014873712621645205,0,0.0007291316274626031,0.0019356627023316073,0.004831457291332702
N150_K13_larger_reservoir,150,13,lorenz_x,2,lorenz_x__trial2,14,350,400,3,True,0.0,0.00033123947751612613,0,0.0008713877953827005,0.0018576496786491211,0.006420589148904027
N150_K13_larger_reservoir,150,13,lorenz_x,2,lorenz_x__trial2,15,375,425,3,True,0.0,0.000702276647127081,0,0.0012968490768697331,0.0023511164227942474,0.008939782012262993
N150_K13_larger_reservoir,150,13,lorenz_x,2,lorenz_x__trial2,16,400,450,3,True,0.0,0.001301821889262404,0,0.0009819048281316854,0.0019044873106416717,0.007456622231120137
N150_K13_larger_reservoir,150,13,lorenz_x,2,lorenz_x__trial2,17,425,475,3,True,0.0,0.0004329266989276199,0,0.0004108051434443213,0.0009438313402550807,0.003457875509622622
N150_K13_larger_reservoir,150,13,lorenz_x,2,lorenz_x__trial2,18,450,500,3,True,0.0,0.0,0,9.44124635976897e-05,0.00015214870555167962,0.0006989904884776739
N150_K13_larger_reservoir,150,13,lorenz_x,3,lorenz_x__trial3,0,0,50,2,True,0.006918314370961673,0.026744220318886333,1,0.025604924440517016,0.09107581377650405,0.28924498908894336
N150_K13_larger_reservoir,150,13,lorenz_x,3,lorenz_x__trial3,1,25,75,2,True,0.0006151714255392816,0.0015245374463247747,1,0.0006074009197360569,0.003497679789958659,0.011108178019313039
N150_K13_larger_reservoir,150,13,lorenz_x,3,lorenz_x__trial3,2,50,100,2,True,0.0,0.001208569869462173,0,6.23009128543252e-05,0.0001488283543591638,0.00047265957829791374
N150_K13_larger_reservoir,150,13,lorenz_x,3,lorenz_x__trial3,3,75,125,2,True,0.0,0.0009971489553098946,0,5.9626715975586796e-05,0.00015696804491688925,0.0004985101813167809
N150_K13_larger_reservoir,150,13,lorenz_x,3,lorenz_x__trial3,4,100,150,2,True,0.0,0.0006738933409808682,0,0.0001227700476049498,0.00038208865189942506,0.0012134640731386993
N150_K13_larger_reservoir,150,13,lorenz_x,3,lorenz_x__trial3,5,125,175,2,True,0.0,0.000765079551852696,0,0.00025759888880086895,0.0006710781968636511,0.0021312574401583934
N150_K13_larger_reservoir,150,13,lorenz_x,3,lorenz_x__trial3,6,150,200,2,True,0.0,0.0010274967775903837,0,0.00026996290172264247,0.0006677133062256436,0.002120570983287809
N150_K13_larger_reservoir,150,13,lorenz_x,3,lorenz_x__trial3,7,175,225,2,True,0.0,0.0010726712070873714,0,0.0003191348833255022,0.0009582821856568315,0.003043380112030864
N150_K13_larger_reservoir,150,13,lorenz_x,3,lorenz_x__trial3,8,200,250,2,True,0.0,0.0006722840699305279,0,0.0004976348599226106,0.0015304548005137587,0.004860526233254759
N150_K13_larger_reservoir,150,13,lorenz_x,3,lorenz_x__trial3,9,225,275,2,True,0.0,0.0008579554044563092,0,0.000322483626119238,0.001252298999565619,0.003977139434123825
N150_K13_larger_reservoir,150,13,lorenz_x,3,lorenz_x__trial3,10,250,300,2,True,6.425284512987916e-05,0.0005495466848697674,1,8.947894450479295e-05,0.0001970937482793608,0.0006259442184119118
N150_K13_larger_reservoir,150,13,lorenz_x,3,lorenz_x__trial3,11,275,325,2,True,4.469410997298695e-06,0.00041962260996564974,1,0.00010089003027133914,0.00022144802173336067,0.0007032902367165943
N150_K13_larger_reservoir,150,13,lorenz_x,3,lorenz_x__trial3,12,300,350,2,True,2.4788848219129897e-06,0.0007214822690326727,1,0.00010442153536695791,0.00022852480685624157,0.0007257651897340391
N150_K13_larger_reservoir,150,13,lorenz_x,3,lorenz_x__trial3,13,325,375,2,True,0.0001822207094670618,0.0008569423942219284,1,0.00017722513822849873,0.00043637738798490717,0.001385878067870952
N150_K13_larger_reservoir,150,13,lorenz_x,3,lorenz_x__trial3,14,350,400,2,True,0.0001384680056165325,0.0006969611166006439,1,0.0002054165303839752,0.00047844966019706817,0.0015194941555275083
N150_K13_larger_reservoir,150,13,lorenz_x,3,lorenz_x__trial3,15,375,425,2,True,5.6630873553121554e-05,0.00022394923594421835,1,0.0002687260561240061,0.0006847605193996335,0.0021747107244995388
N150_K13_larger_reservoir,150,13,lorenz_x,3,lorenz_x__trial3,16,400,450,2,True,0.00041817271538470164,0.0004405498962420061,1,0.0005573742984766035,0.0015206436562166337,0.004829367309633874
N150_K13_larger_reservoir,150,13,lorenz_x,3,lorenz_x__trial3,17,425,475,2,True,0.00037842464701305385,0.0007612037476960537,1,0.0004439916478982761,0.0014054262384504787,0.004463451712915646
N150_K13_larger_reservoir,150,13,lorenz_x,3,lorenz_x__trial3,18,450,500,2,True,0.0,0.0010616817601275589,0,0.00010206512468300423,0.0002755893310923481,0.0008752360232591183
